event_id,event_ts,line_id,units_produced,units_defective
1,2025-01-06 06:00:00,LINE-01,128,2
2,2025-01-06 06:15:00,LINE-02,85,2
3,2025-01-06 06:30:00,LINE-03,89,3
4,2025-01-06 06:45:00,LINE-04,122,2
5,2025-01-06 07:00:00,LINE-01,115,2
6,2025-01-06 07:15:00,LINE-02,99,1
7,2025-01-06 07:30:00,LINE-03,86,2
8,2025-01-06 07:45:00,LINE-04,115,3
9,2025-01-06 08:00:00,LINE-01,124,2
10,2025-01-06 08:15:00,LINE-02,99,2
11,2025-01-06 08:30:00,LINE-03,125,4
12,2025-01-06 08:45:00,LINE-04,101,2
13,2025-01-06 09:00:00,LINE-01,115,3
14,2025-01-06 09:15:00,LINE-02,90,2
15,2025-01-06 09:30:00,LINE-03,135,3
16,2025-01-06 09:45:00,LINE-04,102,1
17,2025-01-06 10:00:00,LINE-01,115,3
18,2025-01-06 10:15:00,LINE-02,108,3
19,2025-01-06 10:30:00,LINE-03,87,3
20,2025-01-06 10:45:00,LINE-04,93,2
21,2025-01-06 11:00:00,LINE-01,95,1
22,2025-01-06 11:15:00,LINE-02,111,2
23,2025-01-06 11:30:00,LINE-03,131,4
24,2025-01-06 11:45:00,LINE-04,123,3
25,2025-01-06 12:00:00,LINE-01,120,2
26,2025-01-06 12:15:00,LINE-02,138,2
27,2025-01-06 12:30:00,LINE-03,94,3
28,2025-01-06 12:45:00,LINE-04,121,2
29,2025-01-06 13:00:00,LINE-01,99,2
30,2025-01-06 13:15:00,LINE-02,129,2
31,2025-01-06 13:30:00,LINE-03,134,5
32,2025-01-06 13:45:00,LINE-04,101,2
33,2025-01-06 14:00:00,LINE-01,140,3
34,2025-01-06 14:15:00,LINE-02,80,1
35,2025-01-06 14:30:00,LINE-03,135,5
36,2025-01-06 14:45:00,LINE-04,99,2
37,2025-01-06 15:00:00,LINE-01,111,2
38,2025-01-06 15:15:00,LINE-02,129,3
39,2025-01-06 15:30:00,LINE-03,99,3
40,2025-01-06 15:45:00,LINE-04,128,3
41,2025-01-06 16:00:00,LINE-01,121,2
42,2025-01-06 16:15:00,LINE-02,112,3
43,2025-01-06 16:30:00,LINE-03,81,3
44,2025-01-06 16:45:00,LINE-04,135,4
45,2025-01-06 17:00:00,LINE-01,88,2
46,2025-01-06 17:15:00,LINE-02,108,2
47,2025-01-06 17:30:00,LINE-03,120,2
48,2025-01-06 17:45:00,LINE-04,104,3
49,2025-01-06 18:00:00,LINE-01,90,2
50,2025-01-06 18:15:00,LINE-02,105,3
51,2025-01-06 18:30:00,LINE-03,130,4
52,2025-01-06 18:45:00,LINE-04,100,2
53,2025-01-06 19:00:00,LINE-01,135,2
54,2025-01-06 19:15:00,LINE-02,106,3
55,2025-01-06 19:30:00,LINE-03,132,4
56,2025-01-06 19:45:00,LINE-04,120,3
57,2025-01-06 20:00:00,LINE-01,119,3
58,2025-01-06 20:15:00,LINE-02,83,1
59,2025-01-06 20:30:00,LINE-03,94,2
60,2025-01-06 20:45:00,LINE-04,83,2
61,2025-01-06 21:00:00,LINE-01,119,2
62,2025-01-06 21:15:00,LINE-02,113,3
63,2025-01-06 21:30:00,LINE-03,110,3
64,2025-01-06 21:45:00,LINE-04,133,4
65,2025-01-06 22:00:00,LINE-01,93,1
66,2025-01-06 22:15:00,LINE-02,104,1
67,2025-01-06 22:30:00,LINE-03,135,5
68,2025-01-06 22:45:00,LINE-04,108,1
69,2025-01-06 23:00:00,LINE-01,85,2
70,2025-01-06 23:15:00,LINE-02,127,3
71,2025-01-06 23:30:00,LINE-03,99,2
72,2025-01-06 23:45:00,LINE-04,125,2
73,2025-01-07 00:00:00,LINE-01,119,2
74,2025-01-07 00:15:00,LINE-02,108,2
75,2025-01-07 00:30:00,LINE-03,112,3
76,2025-01-07 00:45:00,LINE-04,130,3
77,2025-01-07 01:00:00,LINE-01,105,3
78,2025-01-07 01:15:00,LINE-02,127,3
79,2025-01-07 01:30:00,LINE-03,119,4
80,2025-01-07 01:45:00,LINE-04,117,2
81,2025-01-07 02:00:00,LINE-01,139,3
82,2025-01-07 02:15:00,LINE-02,139,2
83,2025-01-07 02:30:00,LINE-03,115,2
84,2025-01-07 02:45:00,LINE-04,132,3
85,2025-01-07 03:00:00,LINE-01,108,2
86,2025-01-07 03:15:00,LINE-02,120,3
87,2025-01-07 03:30:00,LINE-03,87,3
88,2025-01-07 03:45:00,LINE-04,122,2
89,2025-01-07 04:00:00,LINE-01,136,3
90,2025-01-07 04:15:00,LINE-02,119,3
91,2025-01-07 04:30:00,LINE-03,95,3
92,2025-01-07 04:45:00,LINE-04,89,1
93,2025-01-07 05:00:00,LINE-01,136,2
94,2025-01-07 05:15:00,LINE-02,135,3
95,2025-01-07 05:30:00,LINE-03,108,2
96,2025-01-07 05:45:00,LINE-04,121,3
97,2025-01-07 06:00:00,LINE-01,132,2
98,2025-01-07 06:15:00,LINE-02,112,2
99,2025-01-07 06:30:00,LINE-03,118,4
100,2025-01-07 06:45:00,LINE-04,108,2
101,2025-01-07 07:00:00,LINE-01,115,3
102,2025-01-07 07:15:00,LINE-02,101,2
103,2025-01-07 07:30:00,LINE-03,130,5
104,2025-01-07 07:45:00,LINE-04,106,2
105,2025-01-07 08:00:00,LINE-01,86,1
106,2025-01-07 08:15:00,LINE-02,82,2
107,2025-01-07 08:30:00,LINE-03,87,3
108,2025-01-07 08:45:00,LINE-04,97,2
109,2025-01-07 09:00:00,LINE-01,102,3
110,2025-01-07 09:15:00,LINE-02,118,2
111,2025-01-07 09:30:00,LINE-03,139,5
112,2025-01-07 09:45:00,LINE-04,91,1
113,2025-01-07 10:00:00,LINE-01,88,2
114,2025-01-07 10:15:00,LINE-02,100,2
115,2025-01-07 10:30:00,LINE-03,119,3
116,2025-01-07 10:45:00,LINE-04,118,2
117,2025-01-07 11:00:00,LINE-01,102,1
118,2025-01-07 11:15:00,LINE-02,91,3
119,2025-01-07 11:30:00,LINE-03,82,3
120,2025-01-07 11:45:00,LINE-04,81,2
121,2025-01-07 12:00:00,LINE-01,116,3
122,2025-01-07 12:15:00,LINE-02,116,2
123,2025-01-07 12:30:00,LINE-03,89,2
124,2025-01-07 12:45:00,LINE-04,140,4
125,2025-01-07 13:00:00,LINE-01,96,2
126,2025-01-07 13:15:00,LINE-02,124,2
127,2025-01-07 13:30:00,LINE-03,134,3
128,2025-01-07 13:45:00,LINE-04,122,2
129,2025-01-07 14:00:00,LINE-01,91,2
130,2025-01-07 14:15:00,LINE-02,133,2
131,2025-01-07 14:30:00,LINE-03,94,3
132,2025-01-07 14:45:00,LINE-04,81,2
133,2025-01-07 15:00:00,LINE-01,136,2
134,2025-01-07 15:15:00,LINE-02,134,2
135,2025-01-07 15:30:00,LINE-03,96,2
136,2025-01-07 15:45:00,LINE-04,117,2
137,2025-01-07 16:00:00,LINE-01,119,2
138,2025-01-07 16:15:00,LINE-02,115,2
139,2025-01-07 16:30:00,LINE-03,115,3
140,2025-01-07 16:45:00,LINE-04,87,2
141,2025-01-07 17:00:00,LINE-01,140,4
142,2025-01-07 17:15:00,LINE-02,131,3
143,2025-01-07 17:30:00,LINE-03,124,3
144,2025-01-07 17:45:00,LINE-04,86,2
145,2025-01-07 18:00:00,LINE-01,93,3
146,2025-01-07 18:15:00,LINE-02,103,2
147,2025-01-07 18:30:00,LINE-03,126,3
148,2025-01-07 18:45:00,LINE-04,111,1
149,2025-01-07 19:00:00,LINE-01,132,2
150,2025-01-07 19:15:00,LINE-02,115,3
151,2025-01-07 19:30:00,LINE-03,133,4
152,2025-01-07 19:45:00,LINE-04,113,3
153,2025-01-07 20:00:00,LINE-01,86,2
154,2025-01-07 20:15:00,LINE-02,139,2
155,2025-01-07 20:30:00,LINE-03,94,3
156,2025-01-07 20:45:00,LINE-04,84,2
157,2025-01-07 21:00:00,LINE-01,130,3
158,2025-01-07 21:15:00,LINE-02,124,3
159,2025-01-07 21:30:00,LINE-03,122,4
160,2025-01-07 21:45:00,LINE-04,118,2
161,2025-01-07 22:00:00,LINE-01,112,2
162,2025-01-07 22:15:00,LINE-02,109,3
163,2025-01-07 22:30:00,LINE-03,107,3
164,2025-01-07 22:45:00,LINE-04,90,2
165,2025-01-07 23:00:00,LINE-01,83,2
166,2025-01-07 23:15:00,LINE-02,122,2
167,2025-01-07 23:30:00,LINE-03,131,3
168,2025-01-07 23:45:00,LINE-04,128,3
169,2025-01-08 00:00:00,LINE-01,135,2
170,2025-01-08 00:15:00,LINE-02,127,2
171,2025-01-08 00:30:00,LINE-03,98,3
172,2025-01-08 00:45:00,LINE-04,93,2
173,2025-01-08 01:00:00,LINE-01,130,4
174,2025-01-08 01:15:00,LINE-02,113,2
175,2025-01-08 01:30:00,LINE-03,111,3
176,2025-01-08 01:45:00,LINE-04,119,2
177,2025-01-08 02:00:00,LINE-01,99,2
178,2025-01-08 02:15:00,LINE-02,92,1
179,2025-01-08 02:30:00,LINE-03,133,4
180,2025-01-08 02:45:00,LINE-04,102,2
181,2025-01-08 03:00:00,LINE-01,120,2
182,2025-01-08 03:15:00,LINE-02,132,3
183,2025-01-08 03:30:00,LINE-03,127,3
184,2025-01-08 03:45:00,LINE-04,93,2
185,2025-01-08 04:00:00,LINE-01,115,2
186,2025-01-08 04:15:00,LINE-02,102,2
187,2025-01-08 04:30:00,LINE-03,94,4
188,2025-01-08 04:45:00,LINE-04,134,2
189,2025-01-08 05:00:00,LINE-01,98,2
190,2025-01-08 05:15:00,LINE-02,111,3
191,2025-01-08 05:30:00,LINE-03,104,2
192,2025-01-08 05:45:00,LINE-04,83,1
193,2025-01-08 06:00:00,LINE-01,96,1
194,2025-01-08 06:15:00,LINE-02,111,2
195,2025-01-08 06:30:00,LINE-03,92,2
196,2025-01-08 06:45:00,LINE-04,128,3
197,2025-01-08 07:00:00,LINE-01,80,2
198,2025-01-08 07:15:00,LINE-02,127,3
199,2025-01-08 07:30:00,LINE-03,95,2
200,2025-01-08 07:45:00,LINE-04,87,2
201,2025-01-08 08:00:00,LINE-01,109,2
202,2025-01-08 08:15:00,LINE-02,107,2
203,2025-01-08 08:30:00,LINE-03,88,3
204,2025-01-08 08:45:00,LINE-04,131,4
205,2025-01-08 09:00:00,LINE-01,113,3
206,2025-01-08 09:15:00,LINE-02,121,2
207,2025-01-08 09:30:00,LINE-03,102,3
208,2025-01-08 09:45:00,LINE-04,118,2
209,2025-01-08 10:00:00,LINE-01,86,2
210,2025-01-08 10:15:00,LINE-02,105,2
211,2025-01-08 10:30:00,LINE-03,81,3
212,2025-01-08 10:45:00,LINE-04,88,2
213,2025-01-08 11:00:00,LINE-01,129,2
214,2025-01-08 11:15:00,LINE-02,116,3
215,2025-01-08 11:30:00,LINE-03,139,3
216,2025-01-08 11:45:00,LINE-04,95,2
217,2025-01-08 12:00:00,LINE-01,133,4
218,2025-01-08 12:15:00,LINE-02,110,1
219,2025-01-08 12:30:00,LINE-03,106,3
220,2025-01-08 12:45:00,LINE-04,125,2
221,2025-01-08 13:00:00,LINE-01,136,2
222,2025-01-08 13:15:00,LINE-02,115,3
223,2025-01-08 13:30:00,LINE-03,110,3
224,2025-01-08 13:45:00,LINE-04,121,2
225,2025-01-08 14:00:00,LINE-01,104,2
226,2025-01-08 14:15:00,LINE-02,109,2
227,2025-01-08 14:30:00,LINE-03,82,2
228,2025-01-08 14:45:00,LINE-04,136,3
229,2025-01-08 15:00:00,LINE-01,83,1
230,2025-01-08 15:15:00,LINE-02,115,3
231,2025-01-08 15:30:00,LINE-03,113,4
232,2025-01-08 15:45:00,LINE-04,101,2
233,2025-01-08 16:00:00,LINE-01,139,3
234,2025-01-08 16:15:00,LINE-02,104,2
235,2025-01-08 16:30:00,LINE-03,112,4
236,2025-01-08 16:45:00,LINE-04,88,2
237,2025-01-08 17:00:00,LINE-01,84,2
238,2025-01-08 17:15:00,LINE-02,102,2
239,2025-01-08 17:30:00,LINE-03,120,4
240,2025-01-08 17:45:00,LINE-04,90,2
241,2025-01-08 18:00:00,LINE-01,96,1
242,2025-01-08 18:15:00,LINE-02,135,2
243,2025-01-08 18:30:00,LINE-03,107,3
244,2025-01-08 18:45:00,LINE-04,93,2
245,2025-01-08 19:00:00,LINE-01,119,3
246,2025-01-08 19:15:00,LINE-02,95,2
247,2025-01-08 19:30:00,LINE-03,124,4
248,2025-01-08 19:45:00,LINE-04,94,2
249,2025-01-08 20:00:00,LINE-01,82,2
250,2025-01-08 20:15:00,LINE-02,80,2
251,2025-01-08 20:30:00,LINE-03,124,4
252,2025-01-08 20:45:00,LINE-04,91,2
253,2025-01-08 21:00:00,LINE-01,104,2
254,2025-01-08 21:15:00,LINE-02,82,1
255,2025-01-08 21:30:00,LINE-03,105,3
256,2025-01-08 21:45:00,LINE-04,81,1
257,2025-01-08 22:00:00,LINE-01,106,2
258,2025-01-08 22:15:00,LINE-02,140,3
259,2025-01-08 22:30:00,LINE-03,105,3
260,2025-01-08 22:45:00,LINE-04,81,1
261,2025-01-08 23:00:00,LINE-01,120,2
262,2025-01-08 23:15:00,LINE-02,98,2
263,2025-01-08 23:30:00,LINE-03,113,3
264,2025-01-08 23:45:00,LINE-04,117,3
265,2025-01-09 00:00:00,LINE-01,134,3
266,2025-01-09 00:15:00,LINE-02,131,2
267,2025-01-09 00:30:00,LINE-03,104,3
268,2025-01-09 00:45:00,LINE-04,119,3
269,2025-01-09 01:00:00,LINE-01,140,2
270,2025-01-09 01:15:00,LINE-02,126,2
271,2025-01-09 01:30:00,LINE-03,100,3
272,2025-01-09 01:45:00,LINE-04,109,1
273,2025-01-09 02:00:00,LINE-01,111,3
274,2025-01-09 02:15:00,LINE-02,92,2
275,2025-01-09 02:30:00,LINE-03,131,3
276,2025-01-09 02:45:00,LINE-04,91,2
277,2025-01-09 03:00:00,LINE-01,113,3
278,2025-01-09 03:15:00,LINE-02,84,1
279,2025-01-09 03:30:00,LINE-03,99,3
280,2025-01-09 03:45:00,LINE-04,132,3
281,2025-01-09 04:00:00,LINE-01,130,4
282,2025-01-09 04:15:00,LINE-02,92,2
283,2025-01-09 04:30:00,LINE-03,106,3
284,2025-01-09 04:45:00,LINE-04,123,2
285,2025-01-09 05:00:00,LINE-01,86,2
286,2025-01-09 05:15:00,LINE-02,129,3
287,2025-01-09 05:30:00,LINE-03,96,4
288,2025-01-09 05:45:00,LINE-04,112,2
289,2025-01-09 06:00:00,LINE-01,86,2
290,2025-01-09 06:15:00,LINE-02,86,2
291,2025-01-09 06:30:00,LINE-03,118,4
292,2025-01-09 06:45:00,LINE-04,123,2
293,2025-01-09 07:00:00,LINE-01,112,2
294,2025-01-09 07:15:00,LINE-02,120,3
295,2025-01-09 07:30:00,LINE-03,140,3
296,2025-01-09 07:45:00,LINE-04,138,3
297,2025-01-09 08:00:00,LINE-01,91,3
298,2025-01-09 08:15:00,LINE-02,103,3
299,2025-01-09 08:30:00,LINE-03,94,3
300,2025-01-09 08:45:00,LINE-04,128,3
301,2025-01-09 09:00:00,LINE-01,119,3
302,2025-01-09 09:15:00,LINE-02,117,3
303,2025-01-09 09:30:00,LINE-03,85,2
304,2025-01-09 09:45:00,LINE-04,130,3
305,2025-01-09 10:00:00,LINE-01,95,2
306,2025-01-09 10:15:00,LINE-02,113,3
307,2025-01-09 10:30:00,LINE-03,125,5
308,2025-01-09 10:45:00,LINE-04,82,2
309,2025-01-09 11:00:00,LINE-01,87,1
310,2025-01-09 11:15:00,LINE-02,84,2
311,2025-01-09 11:30:00,LINE-03,102,3
312,2025-01-09 11:45:00,LINE-04,130,4
313,2025-01-09 12:00:00,LINE-01,107,3
314,2025-01-09 12:15:00,LINE-02,129,2
315,2025-01-09 12:30:00,LINE-03,132,4
316,2025-01-09 12:45:00,LINE-04,104,2
317,2025-01-09 13:00:00,LINE-01,116,2
318,2025-01-09 13:15:00,LINE-02,108,2
319,2025-01-09 13:30:00,LINE-03,111,4
320,2025-01-09 13:45:00,LINE-04,134,2
321,2025-01-09 14:00:00,LINE-01,138,3
322,2025-01-09 14:15:00,LINE-02,85,1
323,2025-01-09 14:30:00,LINE-03,133,4
324,2025-01-09 14:45:00,LINE-04,136,2
325,2025-01-09 15:00:00,LINE-01,87,2
326,2025-01-09 15:15:00,LINE-02,91,3
327,2025-01-09 15:30:00,LINE-03,131,4
328,2025-01-09 15:45:00,LINE-04,128,2
329,2025-01-09 16:00:00,LINE-01,119,2
330,2025-01-09 16:15:00,LINE-02,92,2
331,2025-01-09 16:30:00,LINE-03,137,3
332,2025-01-09 16:45:00,LINE-04,101,3
333,2025-01-09 17:00:00,LINE-01,132,4
334,2025-01-09 17:15:00,LINE-02,135,3
335,2025-01-09 17:30:00,LINE-03,122,3
336,2025-01-09 17:45:00,LINE-04,139,4
337,2025-01-09 18:00:00,LINE-01,117,3
338,2025-01-09 18:15:00,LINE-02,124,2
339,2025-01-09 18:30:00,LINE-03,134,4
340,2025-01-09 18:45:00,LINE-04,139,3
341,2025-01-09 19:00:00,LINE-01,135,2
342,2025-01-09 19:15:00,LINE-02,131,3
343,2025-01-09 19:30:00,LINE-03,84,2
344,2025-01-09 19:45:00,LINE-04,99,3
345,2025-01-09 20:00:00,LINE-01,138,2
346,2025-01-09 20:15:00,LINE-02,124,3
347,2025-01-09 20:30:00,LINE-03,130,5
348,2025-01-09 20:45:00,LINE-04,104,2
349,2025-01-09 21:00:00,LINE-01,136,2
350,2025-01-09 21:15:00,LINE-02,131,2
351,2025-01-09 21:30:00,LINE-03,120,4
352,2025-01-09 21:45:00,LINE-04,111,3
353,2025-01-09 22:00:00,LINE-01,135,3
354,2025-01-09 22:15:00,LINE-02,118,2
355,2025-01-09 22:30:00,LINE-03,117,4
356,2025-01-09 22:45:00,LINE-04,121,3
357,2025-01-09 23:00:00,LINE-01,135,3
358,2025-01-09 23:15:00,LINE-02,125,2
359,2025-01-09 23:30:00,LINE-03,104,3
360,2025-01-09 23:45:00,LINE-04,91,2
361,2025-01-10 00:00:00,LINE-01,92,2
362,2025-01-10 00:15:00,LINE-02,98,2
363,2025-01-10 00:30:00,LINE-03,109,2
364,2025-01-10 00:45:00,LINE-04,96,2
365,2025-01-10 01:00:00,LINE-01,95,2
366,2025-01-10 01:15:00,LINE-02,91,1
367,2025-01-10 01:30:00,LINE-03,100,2
368,2025-01-10 01:45:00,LINE-04,83,2
369,2025-01-10 02:00:00,LINE-01,111,3
370,2025-01-10 02:15:00,LINE-02,126,3
371,2025-01-10 02:30:00,LINE-03,89,3
372,2025-01-10 02:45:00,LINE-04,123,3
373,2025-01-10 03:00:00,LINE-01,97,2
374,2025-01-10 03:15:00,LINE-02,115,2
375,2025-01-10 03:30:00,LINE-03,134,5
376,2025-01-10 03:45:00,LINE-04,116,3
377,2025-01-10 04:00:00,LINE-01,103,2
378,2025-01-10 04:15:00,LINE-02,109,2
379,2025-01-10 04:30:00,LINE-03,100,3
380,2025-01-10 04:45:00,LINE-04,123,2
381,2025-01-10 05:00:00,LINE-01,88,1
382,2025-01-10 05:15:00,LINE-02,85,1
383,2025-01-10 05:30:00,LINE-03,95,4
384,2025-01-10 05:45:00,LINE-04,95,2
385,2025-01-10 06:00:00,LINE-01,85,2
386,2025-01-10 06:15:00,LINE-02,84,1
387,2025-01-10 06:30:00,LINE-03,114,3
388,2025-01-10 06:45:00,LINE-04,99,2
389,2025-01-10 07:00:00,LINE-01,129,2
390,2025-01-10 07:15:00,LINE-02,120,2
391,2025-01-10 07:30:00,LINE-03,115,3
392,2025-01-10 07:45:00,LINE-04,130,2
393,2025-01-10 08:00:00,LINE-01,115,2
394,2025-01-10 08:15:00,LINE-02,140,3
395,2025-01-10 08:30:00,LINE-03,128,3
396,2025-01-10 08:45:00,LINE-04,86,2
397,2025-01-10 09:00:00,LINE-01,110,2
398,2025-01-10 09:15:00,LINE-02,113,1
399,2025-01-10 09:30:00,LINE-03,139,4
400,2025-01-10 09:45:00,LINE-04,132,4
401,2025-01-10 10:00:00,LINE-01,89,2
402,2025-01-10 10:15:00,LINE-02,120,2
403,2025-01-10 10:30:00,LINE-03,112,3
404,2025-01-10 10:45:00,LINE-04,85,2
405,2025-01-10 11:00:00,LINE-01,94,2
406,2025-01-10 11:15:00,LINE-02,81,2
407,2025-01-10 11:30:00,LINE-03,103,2
408,2025-01-10 11:45:00,LINE-04,91,1
409,2025-01-10 12:00:00,LINE-01,92,2
410,2025-01-10 12:15:00,LINE-02,124,2
411,2025-01-10 12:30:00,LINE-03,80,2
412,2025-01-10 12:45:00,LINE-04,139,4
413,2025-01-10 13:00:00,LINE-01,114,3
414,2025-01-10 13:15:00,LINE-02,114,3
415,2025-01-10 13:30:00,LINE-03,115,4
416,2025-01-10 13:45:00,LINE-04,118,2
417,2025-01-10 14:00:00,LINE-01,138,3
418,2025-01-10 14:15:00,LINE-02,130,3
419,2025-01-10 14:30:00,LINE-03,139,5
420,2025-01-10 14:45:00,LINE-04,138,2
421,2025-01-10 15:00:00,LINE-01,93,1
422,2025-01-10 15:15:00,LINE-02,104,2
423,2025-01-10 15:30:00,LINE-03,110,4
424,2025-01-10 15:45:00,LINE-04,118,2
425,2025-01-10 16:00:00,LINE-01,97,2
426,2025-01-10 16:15:00,LINE-02,105,3
427,2025-01-10 16:30:00,LINE-03,133,4
428,2025-01-10 16:45:00,LINE-04,81,2
429,2025-01-10 17:00:00,LINE-01,116,2
430,2025-01-10 17:15:00,LINE-02,92,2
431,2025-01-10 17:30:00,LINE-03,91,3
432,2025-01-10 17:45:00,LINE-04,120,2
433,2025-01-10 18:00:00,LINE-01,134,4
434,2025-01-10 18:15:00,LINE-02,98,2
435,2025-01-10 18:30:00,LINE-03,89,2
436,2025-01-10 18:45:00,LINE-04,82,2
437,2025-01-10 19:00:00,LINE-01,104,2
438,2025-01-10 19:15:00,LINE-02,115,3
439,2025-01-10 19:30:00,LINE-03,85,3
440,2025-01-10 19:45:00,LINE-04,100,1
441,2025-01-10 20:00:00,LINE-01,97,2
442,2025-01-10 20:15:00,LINE-02,88,1
443,2025-01-10 20:30:00,LINE-03,85,3
444,2025-01-10 20:45:00,LINE-04,99,3
445,2025-01-10 21:00:00,LINE-01,96,2
446,2025-01-10 21:15:00,LINE-02,80,2
447,2025-01-10 21:30:00,LINE-03,130,5
448,2025-01-10 21:45:00,LINE-04,118,2
449,2025-01-10 22:00:00,LINE-01,101,2
450,2025-01-10 22:15:00,LINE-02,110,2
451,2025-01-10 22:30:00,LINE-03,129,4
452,2025-01-10 22:45:00,LINE-04,87,2
453,2025-01-10 23:00:00,LINE-01,93,2
454,2025-01-10 23:15:00,LINE-02,82,2
455,2025-01-10 23:30:00,LINE-03,136,4
456,2025-01-10 23:45:00,LINE-04,113,2
457,2025-01-11 00:00:00,LINE-01,96,2
458,2025-01-11 00:15:00,LINE-02,123,3
459,2025-01-11 00:30:00,LINE-03,107,2
460,2025-01-11 00:45:00,LINE-04,104,2
461,2025-01-11 01:00:00,LINE-01,105,3
462,2025-01-11 01:15:00,LINE-02,87,2
463,2025-01-11 01:30:00,LINE-03,90,3
464,2025-01-11 01:45:00,LINE-04,132,2
465,2025-01-11 02:00:00,LINE-01,131,3
466,2025-01-11 02:15:00,LINE-02,133,2
467,2025-01-11 02:30:00,LINE-03,132,5
468,2025-01-11 02:45:00,LINE-04,110,3
469,2025-01-11 03:00:00,LINE-01,102,2
470,2025-01-11 03:15:00,LINE-02,139,4
471,2025-01-11 03:30:00,LINE-03,82,3
472,2025-01-11 03:45:00,LINE-04,83,2
473,2025-01-11 04:00:00,LINE-01,85,2
474,2025-01-11 04:15:00,LINE-02,105,2
475,2025-01-11 04:30:00,LINE-03,137,4
476,2025-01-11 04:45:00,LINE-04,111,2
477,2025-01-11 05:00:00,LINE-01,109,3
478,2025-01-11 05:15:00,LINE-02,133,4
479,2025-01-11 05:30:00,LINE-03,108,3
480,2025-01-11 05:45:00,LINE-04,138,2
481,2025-01-11 06:00:00,LINE-01,132,4
482,2025-01-11 06:15:00,LINE-02,120,3
483,2025-01-11 06:30:00,LINE-03,101,4
484,2025-01-11 06:45:00,LINE-04,110,2
485,2025-01-11 07:00:00,LINE-01,95,2
486,2025-01-11 07:15:00,LINE-02,113,3
487,2025-01-11 07:30:00,LINE-03,128,4
488,2025-01-11 07:45:00,LINE-04,128,2
489,2025-01-11 08:00:00,LINE-01,124,3
490,2025-01-11 08:15:00,LINE-02,96,1
491,2025-01-11 08:30:00,LINE-03,105,3
492,2025-01-11 08:45:00,LINE-04,98,3
493,2025-01-11 09:00:00,LINE-01,87,2
494,2025-01-11 09:15:00,LINE-02,105,2
495,2025-01-11 09:30:00,LINE-03,112,3
496,2025-01-11 09:45:00,LINE-04,118,3
497,2025-01-11 10:00:00,LINE-01,139,4
498,2025-01-11 10:15:00,LINE-02,84,2
499,2025-01-11 10:30:00,LINE-03,118,2
500,2025-01-11 10:45:00,LINE-04,103,2
501,2025-01-11 11:00:00,LINE-01,114,2
502,2025-01-11 11:15:00,LINE-02,137,3
503,2025-01-11 11:30:00,LINE-03,128,4
504,2025-01-11 11:45:00,LINE-04,94,3
505,2025-01-11 12:00:00,LINE-01,140,4
506,2025-01-11 12:15:00,LINE-02,121,3
507,2025-01-11 12:30:00,LINE-03,101,3
508,2025-01-11 12:45:00,LINE-04,104,2
509,2025-01-11 13:00:00,LINE-01,103,2
510,2025-01-11 13:15:00,LINE-02,93,2
511,2025-01-11 13:30:00,LINE-03,106,3
512,2025-01-11 13:45:00,LINE-04,134,2
513,2025-01-11 14:00:00,LINE-01,82,1
514,2025-01-11 14:15:00,LINE-02,90,1
515,2025-01-11 14:30:00,LINE-03,81,2
516,2025-01-11 14:45:00,LINE-04,87,1
517,2025-01-11 15:00:00,LINE-01,113,3
518,2025-01-11 15:15:00,LINE-02,102,3
519,2025-01-11 15:30:00,LINE-03,128,3
520,2025-01-11 15:45:00,LINE-04,98,1
521,2025-01-11 16:00:00,LINE-01,114,3
522,2025-01-11 16:15:00,LINE-02,137,4
523,2025-01-11 16:30:00,LINE-03,113,3
524,2025-01-11 16:45:00,LINE-04,121,3
525,2025-01-11 17:00:00,LINE-01,102,1
526,2025-01-11 17:15:00,LINE-02,108,3
527,2025-01-11 17:30:00,LINE-03,138,3
528,2025-01-11 17:45:00,LINE-04,136,2
529,2025-01-11 18:00:00,LINE-01,97,3
530,2025-01-11 18:15:00,LINE-02,112,3
531,2025-01-11 18:30:00,LINE-03,120,3
532,2025-01-11 18:45:00,LINE-04,82,2
533,2025-01-11 19:00:00,LINE-01,139,4
534,2025-01-11 19:15:00,LINE-02,129,4
535,2025-01-11 19:30:00,LINE-03,129,4
536,2025-01-11 19:45:00,LINE-04,101,2
537,2025-01-11 20:00:00,LINE-01,102,3
538,2025-01-11 20:15:00,LINE-02,82,1
539,2025-01-11 20:30:00,LINE-03,83,3
540,2025-01-11 20:45:00,LINE-04,111,2
541,2025-01-11 21:00:00,LINE-01,116,2
542,2025-01-11 21:15:00,LINE-02,96,2
543,2025-01-11 21:30:00,LINE-03,115,3
544,2025-01-11 21:45:00,LINE-04,108,2
545,2025-01-11 22:00:00,LINE-01,84,2
546,2025-01-11 22:15:00,LINE-02,80,2
547,2025-01-11 22:30:00,LINE-03,91,3
548,2025-01-11 22:45:00,LINE-04,121,3
549,2025-01-11 23:00:00,LINE-01,105,1
550,2025-01-11 23:15:00,LINE-02,113,3
551,2025-01-11 23:30:00,LINE-03,107,2
552,2025-01-11 23:45:00,LINE-04,121,3
553,2025-01-12 00:00:00,LINE-01,128,3
554,2025-01-12 00:15:00,LINE-02,81,2
555,2025-01-12 00:30:00,LINE-03,83,3
556,2025-01-12 00:45:00,LINE-04,127,2
557,2025-01-12 01:00:00,LINE-01,101,1
558,2025-01-12 01:15:00,LINE-02,140,4
559,2025-01-12 01:30:00,LINE-03,81,2
560,2025-01-12 01:45:00,LINE-04,117,2
561,2025-01-12 02:00:00,LINE-01,130,2
562,2025-01-12 02:15:00,LINE-02,113,1
563,2025-01-12 02:30:00,LINE-03,106,3
564,2025-01-12 02:45:00,LINE-04,98,2
565,2025-01-12 03:00:00,LINE-01,86,1
566,2025-01-12 03:15:00,LINE-02,84,2
567,2025-01-12 03:30:00,LINE-03,87,3
568,2025-01-12 03:45:00,LINE-04,119,4
569,2025-01-12 04:00:00,LINE-01,98,1
570,2025-01-12 04:15:00,LINE-02,123,3
571,2025-01-12 04:30:00,LINE-03,115,4
572,2025-01-12 04:45:00,LINE-04,101,3
573,2025-01-12 05:00:00,LINE-01,124,2
574,2025-01-12 05:15:00,LINE-02,137,2
575,2025-01-12 05:30:00,LINE-03,106,2
576,2025-01-12 05:45:00,LINE-04,112,2
577,2025-01-12 06:00:00,LINE-01,108,2
578,2025-01-12 06:15:00,LINE-02,86,1
579,2025-01-12 06:30:00,LINE-03,125,3
580,2025-01-12 06:45:00,LINE-04,83,2
581,2025-01-12 07:00:00,LINE-01,87,2
582,2025-01-12 07:15:00,LINE-02,111,3
583,2025-01-12 07:30:00,LINE-03,136,4
584,2025-01-12 07:45:00,LINE-04,89,3
585,2025-01-12 08:00:00,LINE-01,95,3
586,2025-01-12 08:15:00,LINE-02,107,2
587,2025-01-12 08:30:00,LINE-03,124,3
588,2025-01-12 08:45:00,LINE-04,134,3
589,2025-01-12 09:00:00,LINE-01,91,2
590,2025-01-12 09:15:00,LINE-02,134,4
591,2025-01-12 09:30:00,LINE-03,137,5
592,2025-01-12 09:45:00,LINE-04,105,2
593,2025-01-12 10:00:00,LINE-01,112,3
594,2025-01-12 10:15:00,LINE-02,104,2
595,2025-01-12 10:30:00,LINE-03,118,3
596,2025-01-12 10:45:00,LINE-04,83,2
597,2025-01-12 11:00:00,LINE-01,133,3
598,2025-01-12 11:15:00,LINE-02,106,2
599,2025-01-12 11:30:00,LINE-03,107,3
600,2025-01-12 11:45:00,LINE-04,107,2
601,2025-01-12 12:00:00,LINE-01,136,4
602,2025-01-12 12:15:00,LINE-02,112,1
603,2025-01-12 12:30:00,LINE-03,86,2
604,2025-01-12 12:45:00,LINE-04,84,2
605,2025-01-12 13:00:00,LINE-01,84,2
606,2025-01-12 13:15:00,LINE-02,119,2
607,2025-01-12 13:30:00,LINE-03,107,4
608,2025-01-12 13:45:00,LINE-04,113,3
609,2025-01-12 14:00:00,LINE-01,138,4
610,2025-01-12 14:15:00,LINE-02,103,3
611,2025-01-12 14:30:00,LINE-03,132,3
612,2025-01-12 14:45:00,LINE-04,134,2
613,2025-01-12 15:00:00,LINE-01,97,2
614,2025-01-12 15:15:00,LINE-02,116,2
615,2025-01-12 15:30:00,LINE-03,136,5
616,2025-01-12 15:45:00,LINE-04,125,2
617,2025-01-12 16:00:00,LINE-01,140,3
618,2025-01-12 16:15:00,LINE-02,133,3
619,2025-01-12 16:30:00,LINE-03,80,2
620,2025-01-12 16:45:00,LINE-04,84,1
621,2025-01-12 17:00:00,LINE-01,114,3
622,2025-01-12 17:15:00,LINE-02,135,3
623,2025-01-12 17:30:00,LINE-03,101,3
624,2025-01-12 17:45:00,LINE-04,114,3
625,2025-01-12 18:00:00,LINE-01,92,2
626,2025-01-12 18:15:00,LINE-02,131,3
627,2025-01-12 18:30:00,LINE-03,115,3
628,2025-01-12 18:45:00,LINE-04,116,2
629,2025-01-12 19:00:00,LINE-01,106,3
630,2025-01-12 19:15:00,LINE-02,95,2
631,2025-01-12 19:30:00,LINE-03,128,5
632,2025-01-12 19:45:00,LINE-04,138,3
633,2025-01-12 20:00:00,LINE-01,89,1
634,2025-01-12 20:15:00,LINE-02,125,3
635,2025-01-12 20:30:00,LINE-03,92,3
636,2025-01-12 20:45:00,LINE-04,81,1
637,2025-01-12 21:00:00,LINE-01,105,2
638,2025-01-12 21:15:00,LINE-02,123,4
639,2025-01-12 21:30:00,LINE-03,125,4
640,2025-01-12 21:45:00,LINE-04,139,2
641,2025-01-12 22:00:00,LINE-01,101,2
642,2025-01-12 22:15:00,LINE-02,116,3
643,2025-01-12 22:30:00,LINE-03,109,2
644,2025-01-12 22:45:00,LINE-04,101,3
645,2025-01-12 23:00:00,LINE-01,138,2
646,2025-01-12 23:15:00,LINE-02,99,3
647,2025-01-12 23:30:00,LINE-03,118,4
648,2025-01-12 23:45:00,LINE-04,107,3
649,2025-01-13 00:00:00,LINE-01,84,1
650,2025-01-13 00:15:00,LINE-02,105,2
651,2025-01-13 00:30:00,LINE-03,119,4
652,2025-01-13 00:45:00,LINE-04,80,1
653,2025-01-13 01:00:00,LINE-01,112,3
654,2025-01-13 01:15:00,LINE-02,92,3
655,2025-01-13 01:30:00,LINE-03,102,3
656,2025-01-13 01:45:00,LINE-04,106,2
657,2025-01-13 02:00:00,LINE-01,139,2
658,2025-01-13 02:15:00,LINE-02,84,1
659,2025-01-13 02:30:00,LINE-03,121,3
660,2025-01-13 02:45:00,LINE-04,124,3
661,2025-01-13 03:00:00,LINE-01,83,1
662,2025-01-13 03:15:00,LINE-02,82,1
663,2025-01-13 03:30:00,LINE-03,87,3
664,2025-01-13 03:45:00,LINE-04,123,3
665,2025-01-13 04:00:00,LINE-01,94,3
666,2025-01-13 04:15:00,LINE-02,105,3
667,2025-01-13 04:30:00,LINE-03,120,4
668,2025-01-13 04:45:00,LINE-04,111,3
669,2025-01-13 05:00:00,LINE-01,97,2
670,2025-01-13 05:15:00,LINE-02,89,3
671,2025-01-13 05:30:00,LINE-03,131,4
672,2025-01-13 05:45:00,LINE-04,133,3
673,2025-01-13 06:00:00,LINE-01,121,3
674,2025-01-13 06:15:00,LINE-02,138,4
675,2025-01-13 06:30:00,LINE-03,111,3
676,2025-01-13 06:45:00,LINE-04,104,2
677,2025-01-13 07:00:00,LINE-01,106,3
678,2025-01-13 07:15:00,LINE-02,119,3
679,2025-01-13 07:30:00,LINE-03,109,3
680,2025-01-13 07:45:00,LINE-04,118,2
681,2025-01-13 08:00:00,LINE-01,87,2
682,2025-01-13 08:15:00,LINE-02,103,2
683,2025-01-13 08:30:00,LINE-03,132,4
684,2025-01-13 08:45:00,LINE-04,103,1
685,2025-01-13 09:00:00,LINE-01,83,2
686,2025-01-13 09:15:00,LINE-02,140,3
687,2025-01-13 09:30:00,LINE-03,127,5
688,2025-01-13 09:45:00,LINE-04,127,4
689,2025-01-13 10:00:00,LINE-01,95,3
690,2025-01-13 10:15:00,LINE-02,113,2
691,2025-01-13 10:30:00,LINE-03,97,3
692,2025-01-13 10:45:00,LINE-04,118,3
693,2025-01-13 11:00:00,LINE-01,83,1
694,2025-01-13 11:15:00,LINE-02,126,2
695,2025-01-13 11:30:00,LINE-03,121,4
696,2025-01-13 11:45:00,LINE-04,136,4
697,2025-01-13 12:00:00,LINE-01,90,3
698,2025-01-13 12:15:00,LINE-02,125,2
699,2025-01-13 12:30:00,LINE-03,109,3
700,2025-01-13 12:45:00,LINE-04,101,2
701,2025-01-13 13:00:00,LINE-01,101,2
702,2025-01-13 13:15:00,LINE-02,110,2
703,2025-01-13 13:30:00,LINE-03,84,2
704,2025-01-13 13:45:00,LINE-04,88,2
705,2025-01-13 14:00:00,LINE-01,87,2
706,2025-01-13 14:15:00,LINE-02,119,3
707,2025-01-13 14:30:00,LINE-03,87,3
708,2025-01-13 14:45:00,LINE-04,111,2
709,2025-01-13 15:00:00,LINE-01,130,2
710,2025-01-13 15:15:00,LINE-02,114,2
711,2025-01-13 15:30:00,LINE-03,117,4
712,2025-01-13 15:45:00,LINE-04,112,2
713,2025-01-13 16:00:00,LINE-01,125,2
714,2025-01-13 16:15:00,LINE-02,118,2
715,2025-01-13 16:30:00,LINE-03,135,5
716,2025-01-13 16:45:00,LINE-04,111,2
717,2025-01-13 17:00:00,LINE-01,80,2
718,2025-01-13 17:15:00,LINE-02,86,1
719,2025-01-13 17:30:00,LINE-03,137,3
720,2025-01-13 17:45:00,LINE-04,106,1
721,2025-01-13 18:00:00,LINE-01,109,2
722,2025-01-13 18:15:00,LINE-02,114,2
723,2025-01-13 18:30:00,LINE-03,93,3
724,2025-01-13 18:45:00,LINE-04,123,3
725,2025-01-13 19:00:00,LINE-01,104,3
726,2025-01-13 19:15:00,LINE-02,110,2
727,2025-01-13 19:30:00,LINE-03,136,4
728,2025-01-13 19:45:00,LINE-04,108,3
729,2025-01-13 20:00:00,LINE-01,107,2
730,2025-01-13 20:15:00,LINE-02,102,3
731,2025-01-13 20:30:00,LINE-03,90,2
732,2025-01-13 20:45:00,LINE-04,106,2
733,2025-01-13 21:00:00,LINE-01,135,4
734,2025-01-13 21:15:00,LINE-02,116,3
735,2025-01-13 21:30:00,LINE-03,91,3
736,2025-01-13 21:45:00,LINE-04,88,2
737,2025-01-13 22:00:00,LINE-01,94,2
738,2025-01-13 22:15:00,LINE-02,82,2
739,2025-01-13 22:30:00,LINE-03,114,4
740,2025-01-13 22:45:00,LINE-04,85,2
741,2025-01-13 23:00:00,LINE-01,101,3
742,2025-01-13 23:15:00,LINE-02,140,3
743,2025-01-13 23:30:00,LINE-03,120,4
744,2025-01-13 23:45:00,LINE-04,122,2
745,2025-01-14 00:00:00,LINE-01,94,3
746,2025-01-14 00:15:00,LINE-02,105,2
747,2025-01-14 00:30:00,LINE-03,94,3
748,2025-01-14 00:45:00,LINE-04,125,3
749,2025-01-14 01:00:00,LINE-01,98,2
750,2025-01-14 01:15:00,LINE-02,97,3
751,2025-01-14 01:30:00,LINE-03,133,4
752,2025-01-14 01:45:00,LINE-04,81,2
753,2025-01-14 02:00:00,LINE-01,91,2
754,2025-01-14 02:15:00,LINE-02,93,3
755,2025-01-14 02:30:00,LINE-03,133,4
756,2025-01-14 02:45:00,LINE-04,106,3
757,2025-01-14 03:00:00,LINE-01,82,2
758,2025-01-14 03:15:00,LINE-02,125,2
759,2025-01-14 03:30:00,LINE-03,90,2
760,2025-01-14 03:45:00,LINE-04,139,3
761,2025-01-14 04:00:00,LINE-01,112,2
762,2025-01-14 04:15:00,LINE-02,126,2
763,2025-01-14 04:30:00,LINE-03,98,3
764,2025-01-14 04:45:00,LINE-04,137,4
765,2025-01-14 05:00:00,LINE-01,99,2
766,2025-01-14 05:15:00,LINE-02,105,1
767,2025-01-14 05:30:00,LINE-03,109,3
768,2025-01-14 05:45:00,LINE-04,91,1
769,2025-01-14 06:00:00,LINE-01,88,1
770,2025-01-14 06:15:00,LINE-02,84,2
771,2025-01-14 06:30:00,LINE-03,124,4
772,2025-01-14 06:45:00,LINE-04,135,3
773,2025-01-14 07:00:00,LINE-01,81,2
774,2025-01-14 07:15:00,LINE-02,104,1
775,2025-01-14 07:30:00,LINE-03,129,3
776,2025-01-14 07:45:00,LINE-04,117,3
777,2025-01-14 08:00:00,LINE-01,99,2
778,2025-01-14 08:15:00,LINE-02,115,2
779,2025-01-14 08:30:00,LINE-03,131,3
780,2025-01-14 08:45:00,LINE-04,121,2
781,2025-01-14 09:00:00,LINE-01,119,3
782,2025-01-14 09:15:00,LINE-02,134,2
783,2025-01-14 09:30:00,LINE-03,128,4
784,2025-01-14 09:45:00,LINE-04,115,3
785,2025-01-14 10:00:00,LINE-01,108,3
786,2025-01-14 10:15:00,LINE-02,105,3
787,2025-01-14 10:30:00,LINE-03,83,2
788,2025-01-14 10:45:00,LINE-04,82,2
789,2025-01-14 11:00:00,LINE-01,117,2
790,2025-01-14 11:15:00,LINE-02,106,2
791,2025-01-14 11:30:00,LINE-03,102,2
792,2025-01-14 11:45:00,LINE-04,86,1
793,2025-01-14 12:00:00,LINE-01,114,3
794,2025-01-14 12:15:00,LINE-02,89,2
795,2025-01-14 12:30:00,LINE-03,85,2
796,2025-01-14 12:45:00,LINE-04,121,3
797,2025-01-14 13:00:00,LINE-01,136,2
798,2025-01-14 13:15:00,LINE-02,106,2
799,2025-01-14 13:30:00,LINE-03,107,4
800,2025-01-14 13:45:00,LINE-04,122,2
801,2025-01-14 14:00:00,LINE-01,124,3
802,2025-01-14 14:15:00,LINE-02,98,2
803,2025-01-14 14:30:00,LINE-03,132,3
804,2025-01-14 14:45:00,LINE-04,91,2
805,2025-01-14 15:00:00,LINE-01,140,3
806,2025-01-14 15:15:00,LINE-02,90,1
807,2025-01-14 15:30:00,LINE-03,89,3
808,2025-01-14 15:45:00,LINE-04,138,3
809,2025-01-14 16:00:00,LINE-01,139,3
810,2025-01-14 16:15:00,LINE-02,98,2
811,2025-01-14 16:30:00,LINE-03,97,3
812,2025-01-14 16:45:00,LINE-04,140,2
813,2025-01-14 17:00:00,LINE-01,130,2
814,2025-01-14 17:15:00,LINE-02,80,1
815,2025-01-14 17:30:00,LINE-03,117,3
816,2025-01-14 17:45:00,LINE-04,86,2
817,2025-01-14 18:00:00,LINE-01,80,2
818,2025-01-14 18:15:00,LINE-02,96,2
819,2025-01-14 18:30:00,LINE-03,111,4
820,2025-01-14 18:45:00,LINE-04,118,2
821,2025-01-14 19:00:00,LINE-01,93,2
822,2025-01-14 19:15:00,LINE-02,134,4
823,2025-01-14 19:30:00,LINE-03,115,4
824,2025-01-14 19:45:00,LINE-04,123,2
825,2025-01-14 20:00:00,LINE-01,98,2
826,2025-01-14 20:15:00,LINE-02,96,2
827,2025-01-14 20:30:00,LINE-03,94,2
828,2025-01-14 20:45:00,LINE-04,128,2
829,2025-01-14 21:00:00,LINE-01,107,2
830,2025-01-14 21:15:00,LINE-02,101,2
831,2025-01-14 21:30:00,LINE-03,116,4
832,2025-01-14 21:45:00,LINE-04,96,2
833,2025-01-14 22:00:00,LINE-01,127,3
834,2025-01-14 22:15:00,LINE-02,94,2
835,2025-01-14 22:30:00,LINE-03,134,5
836,2025-01-14 22:45:00,LINE-04,125,2
837,2025-01-14 23:00:00,LINE-01,126,3
838,2025-01-14 23:15:00,LINE-02,89,1
839,2025-01-14 23:30:00,LINE-03,114,2
840,2025-01-14 23:45:00,LINE-04,116,2
841,2025-01-15 00:00:00,LINE-01,90,2
842,2025-01-15 00:15:00,LINE-02,122,3
843,2025-01-15 00:30:00,LINE-03,81,2
844,2025-01-15 00:45:00,LINE-04,103,1
845,2025-01-15 01:00:00,LINE-01,93,3
846,2025-01-15 01:15:00,LINE-02,126,3
847,2025-01-15 01:30:00,LINE-03,125,4
848,2025-01-15 01:45:00,LINE-04,133,3
849,2025-01-15 02:00:00,LINE-01,99,2
850,2025-01-15 02:15:00,LINE-02,114,3
851,2025-01-15 02:30:00,LINE-03,100,3
852,2025-01-15 02:45:00,LINE-04,133,2
853,2025-01-15 03:00:00,LINE-01,112,2
854,2025-01-15 03:15:00,LINE-02,128,2
855,2025-01-15 03:30:00,LINE-03,119,3
856,2025-01-15 03:45:00,LINE-04,105,2
857,2025-01-15 04:00:00,LINE-01,86,3
858,2025-01-15 04:15:00,LINE-02,118,2
859,2025-01-15 04:30:00,LINE-03,130,4
860,2025-01-15 04:45:00,LINE-04,85,1
861,2025-01-15 05:00:00,LINE-01,115,2
862,2025-01-15 05:15:00,LINE-02,112,2
863,2025-01-15 05:30:00,LINE-03,138,4
864,2025-01-15 05:45:00,LINE-04,119,2
865,2025-01-15 06:00:00,LINE-01,98,2
866,2025-01-15 06:15:00,LINE-02,126,2
867,2025-01-15 06:30:00,LINE-03,81,2
868,2025-01-15 06:45:00,LINE-04,94,2
869,2025-01-15 07:00:00,LINE-01,135,4
870,2025-01-15 07:15:00,LINE-02,140,2
871,2025-01-15 07:30:00,LINE-03,118,4
872,2025-01-15 07:45:00,LINE-04,104,2
873,2025-01-15 08:00:00,LINE-01,102,1
874,2025-01-15 08:15:00,LINE-02,123,2
875,2025-01-15 08:30:00,LINE-03,80,2
876,2025-01-15 08:45:00,LINE-04,80,1
877,2025-01-15 09:00:00,LINE-01,110,1
878,2025-01-15 09:15:00,LINE-02,84,2
879,2025-01-15 09:30:00,LINE-03,126,5
880,2025-01-15 09:45:00,LINE-04,129,4
881,2025-01-15 10:00:00,LINE-01,138,3
882,2025-01-15 10:15:00,LINE-02,128,2
883,2025-01-15 10:30:00,LINE-03,139,3
884,2025-01-15 10:45:00,LINE-04,86,2
885,2025-01-15 11:00:00,LINE-01,124,3
886,2025-01-15 11:15:00,LINE-02,116,3
887,2025-01-15 11:30:00,LINE-03,99,3
888,2025-01-15 11:45:00,LINE-04,101,1
889,2025-01-15 12:00:00,LINE-01,82,2
890,2025-01-15 12:15:00,LINE-02,137,3
891,2025-01-15 12:30:00,LINE-03,133,3
892,2025-01-15 12:45:00,LINE-04,88,1
893,2025-01-15 13:00:00,LINE-01,135,2
894,2025-01-15 13:15:00,LINE-02,118,2
895,2025-01-15 13:30:00,LINE-03,130,5
896,2025-01-15 13:45:00,LINE-04,107,3
897,2025-01-15 14:00:00,LINE-01,100,1
898,2025-01-15 14:15:00,LINE-02,81,1
899,2025-01-15 14:30:00,LINE-03,105,3
900,2025-01-15 14:45:00,LINE-04,128,3
901,2025-01-15 15:00:00,LINE-01,102,1
902,2025-01-15 15:15:00,LINE-02,106,2
903,2025-01-15 15:30:00,LINE-03,99,3
904,2025-01-15 15:45:00,LINE-04,131,3
905,2025-01-15 16:00:00,LINE-01,110,3
906,2025-01-15 16:15:00,LINE-02,103,2
907,2025-01-15 16:30:00,LINE-03,128,3
908,2025-01-15 16:45:00,LINE-04,133,3
909,2025-01-15 17:00:00,LINE-01,138,3
910,2025-01-15 17:15:00,LINE-02,101,3
911,2025-01-15 17:30:00,LINE-03,85,2
912,2025-01-15 17:45:00,LINE-04,98,1
913,2025-01-15 18:00:00,LINE-01,116,3
914,2025-01-15 18:15:00,LINE-02,117,2
915,2025-01-15 18:30:00,LINE-03,120,4
916,2025-01-15 18:45:00,LINE-04,107,1
917,2025-01-15 19:00:00,LINE-01,89,1
918,2025-01-15 19:15:00,LINE-02,93,2
919,2025-01-15 19:30:00,LINE-03,82,2
920,2025-01-15 19:45:00,LINE-04,126,3
921,2025-01-15 20:00:00,LINE-01,86,1
922,2025-01-15 20:15:00,LINE-02,96,2
923,2025-01-15 20:30:00,LINE-03,126,5
924,2025-01-15 20:45:00,LINE-04,99,1
925,2025-01-15 21:00:00,LINE-01,139,3
926,2025-01-15 21:15:00,LINE-02,87,1
927,2025-01-15 21:30:00,LINE-03,83,3
928,2025-01-15 21:45:00,LINE-04,134,2
929,2025-01-15 22:00:00,LINE-01,137,4
930,2025-01-15 22:15:00,LINE-02,122,2
931,2025-01-15 22:30:00,LINE-03,110,4
932,2025-01-15 22:45:00,LINE-04,86,2
933,2025-01-15 23:00:00,LINE-01,139,2
934,2025-01-15 23:15:00,LINE-02,83,1
935,2025-01-15 23:30:00,LINE-03,83,3
936,2025-01-15 23:45:00,LINE-04,113,2
937,2025-01-16 00:00:00,LINE-01,130,3
938,2025-01-16 00:15:00,LINE-02,117,2
939,2025-01-16 00:30:00,LINE-03,102,4
940,2025-01-16 00:45:00,LINE-04,132,2
941,2025-01-16 01:00:00,LINE-01,87,1
942,2025-01-16 01:15:00,LINE-02,135,3
943,2025-01-16 01:30:00,LINE-03,132,4
944,2025-01-16 01:45:00,LINE-04,129,3
945,2025-01-16 02:00:00,LINE-01,86,2
946,2025-01-16 02:15:00,LINE-02,132,3
947,2025-01-16 02:30:00,LINE-03,103,3
948,2025-01-16 02:45:00,LINE-04,122,3
949,2025-01-16 03:00:00,LINE-01,100,2
950,2025-01-16 03:15:00,LINE-02,105,3
951,2025-01-16 03:30:00,LINE-03,114,2
952,2025-01-16 03:45:00,LINE-04,84,2
953,2025-01-16 04:00:00,LINE-01,129,2
954,2025-01-16 04:15:00,LINE-02,82,2
955,2025-01-16 04:30:00,LINE-03,127,5
956,2025-01-16 04:45:00,LINE-04,86,1
957,2025-01-16 05:00:00,LINE-01,82,1
958,2025-01-16 05:15:00,LINE-02,128,2
959,2025-01-16 05:30:00,LINE-03,105,3
960,2025-01-16 05:45:00,LINE-04,86,2
961,2025-01-16 06:00:00,LINE-01,123,1
962,2025-01-16 06:15:00,LINE-02,135,2
963,2025-01-16 06:30:00,LINE-03,130,4
964,2025-01-16 06:45:00,LINE-04,106,2
965,2025-01-16 07:00:00,LINE-01,94,2
966,2025-01-16 07:15:00,LINE-02,121,3
967,2025-01-16 07:30:00,LINE-03,122,3
968,2025-01-16 07:45:00,LINE-04,89,3
969,2025-01-16 08:00:00,LINE-01,96,3
970,2025-01-16 08:15:00,LINE-02,83,2
971,2025-01-16 08:30:00,LINE-03,138,3
972,2025-01-16 08:45:00,LINE-04,118,2
973,2025-01-16 09:00:00,LINE-01,95,2
974,2025-01-16 09:15:00,LINE-02,82,1
975,2025-01-16 09:30:00,LINE-03,117,3
976,2025-01-16 09:45:00,LINE-04,105,3
977,2025-01-16 10:00:00,LINE-01,110,3
978,2025-01-16 10:15:00,LINE-02,90,1
979,2025-01-16 10:30:00,LINE-03,114,4
980,2025-01-16 10:45:00,LINE-04,96,3
981,2025-01-16 11:00:00,LINE-01,97,1
982,2025-01-16 11:15:00,LINE-02,87,2
983,2025-01-16 11:30:00,LINE-03,121,3
984,2025-01-16 11:45:00,LINE-04,135,3
985,2025-01-16 12:00:00,LINE-01,93,2
986,2025-01-16 12:15:00,LINE-02,84,2
987,2025-01-16 12:30:00,LINE-03,86,2
988,2025-01-16 12:45:00,LINE-04,106,3
989,2025-01-16 13:00:00,LINE-01,130,4
990,2025-01-16 13:15:00,LINE-02,139,3
991,2025-01-16 13:30:00,LINE-03,140,4
992,2025-01-16 13:45:00,LINE-04,93,2
993,2025-01-16 14:00:00,LINE-01,90,2
994,2025-01-16 14:15:00,LINE-02,88,2
995,2025-01-16 14:30:00,LINE-03,116,3
996,2025-01-16 14:45:00,LINE-04,80,2
997,2025-01-16 15:00:00,LINE-01,121,3
998,2025-01-16 15:15:00,LINE-02,107,1
999,2025-01-16 15:30:00,LINE-03,95,4
1000,2025-01-16 15:45:00,LINE-04,140,3
1001,2025-01-16 16:00:00,LINE-01,127,3
1002,2025-01-16 16:15:00,LINE-02,140,3
1003,2025-01-16 16:30:00,LINE-03,110,3
1004,2025-01-16 16:45:00,LINE-04,119,3
1005,2025-01-16 17:00:00,LINE-01,127,3
1006,2025-01-16 17:15:00,LINE-02,96,2
1007,2025-01-16 17:30:00,LINE-03,91,3
1008,2025-01-16 17:45:00,LINE-04,86,2
1009,2025-01-16 18:00:00,LINE-01,83,2
1010,2025-01-16 18:15:00,LINE-02,93,2
1011,2025-01-16 18:30:00,LINE-03,93,4
1012,2025-01-16 18:45:00,LINE-04,88,2
1013,2025-01-16 19:00:00,LINE-01,130,3
1014,2025-01-16 19:15:00,LINE-02,100,1
1015,2025-01-16 19:30:00,LINE-03,100,3
1016,2025-01-16 19:45:00,LINE-04,106,3
1017,2025-01-16 20:00:00,LINE-01,129,2
1018,2025-01-16 20:15:00,LINE-02,94,1
1019,2025-01-16 20:30:00,LINE-03,133,3
1020,2025-01-16 20:45:00,LINE-04,93,2
1021,2025-01-16 21:00:00,LINE-01,133,2
1022,2025-01-16 21:15:00,LINE-02,128,4
1023,2025-01-16 21:30:00,LINE-03,99,3
1024,2025-01-16 21:45:00,LINE-04,83,2
1025,2025-01-16 22:00:00,LINE-01,134,3
1026,2025-01-16 22:15:00,LINE-02,97,3
1027,2025-01-16 22:30:00,LINE-03,90,3
1028,2025-01-16 22:45:00,LINE-04,104,3
1029,2025-01-16 23:00:00,LINE-01,110,2
1030,2025-01-16 23:15:00,LINE-02,80,1
1031,2025-01-16 23:30:00,LINE-03,129,5
1032,2025-01-16 23:45:00,LINE-04,92,3
1033,2025-01-17 00:00:00,LINE-01,80,2
1034,2025-01-17 00:15:00,LINE-02,107,2
1035,2025-01-17 00:30:00,LINE-03,120,4
1036,2025-01-17 00:45:00,LINE-04,112,2
1037,2025-01-17 01:00:00,LINE-01,100,2
1038,2025-01-17 01:15:00,LINE-02,101,2
1039,2025-01-17 01:30:00,LINE-03,90,2
1040,2025-01-17 01:45:00,LINE-04,131,3
1041,2025-01-17 02:00:00,LINE-01,125,3
1042,2025-01-17 02:15:00,LINE-02,87,2
1043,2025-01-17 02:30:00,LINE-03,101,3
1044,2025-01-17 02:45:00,LINE-04,105,3
1045,2025-01-17 03:00:00,LINE-01,137,3
1046,2025-01-17 03:15:00,LINE-02,93,2
1047,2025-01-17 03:30:00,LINE-03,96,3
1048,2025-01-17 03:45:00,LINE-04,92,3
1049,2025-01-17 04:00:00,LINE-01,91,2
1050,2025-01-17 04:15:00,LINE-02,111,2
1051,2025-01-17 04:30:00,LINE-03,88,2
1052,2025-01-17 04:45:00,LINE-04,128,3
1053,2025-01-17 05:00:00,LINE-01,132,3
1054,2025-01-17 05:15:00,LINE-02,125,3
1055,2025-01-17 05:30:00,LINE-03,100,3
1056,2025-01-17 05:45:00,LINE-04,128,3
1057,2025-01-17 06:00:00,LINE-01,97,1
1058,2025-01-17 06:15:00,LINE-02,110,1
1059,2025-01-17 06:30:00,LINE-03,130,3
1060,2025-01-17 06:45:00,LINE-04,131,3
1061,2025-01-17 07:00:00,LINE-01,122,2
1062,2025-01-17 07:15:00,LINE-02,137,3
1063,2025-01-17 07:30:00,LINE-03,90,3
1064,2025-01-17 07:45:00,LINE-04,80,2
1065,2025-01-17 08:00:00,LINE-01,122,2
1066,2025-01-17 08:15:00,LINE-02,125,3
1067,2025-01-17 08:30:00,LINE-03,120,3
1068,2025-01-17 08:45:00,LINE-04,133,2
1069,2025-01-17 09:00:00,LINE-01,80,2
1070,2025-01-17 09:15:00,LINE-02,86,2
1071,2025-01-17 09:30:00,LINE-03,123,5
1072,2025-01-17 09:45:00,LINE-04,106,3
1073,2025-01-17 10:00:00,LINE-01,110,2
1074,2025-01-17 10:15:00,LINE-02,109,2
1075,2025-01-17 10:30:00,LINE-03,95,3
1076,2025-01-17 10:45:00,LINE-04,101,1
1077,2025-01-17 11:00:00,LINE-01,89,3
1078,2025-01-17 11:15:00,LINE-02,109,2
1079,2025-01-17 11:30:00,LINE-03,128,3
1080,2025-01-17 11:45:00,LINE-04,94,3
1081,2025-01-17 12:00:00,LINE-01,132,3
1082,2025-01-17 12:15:00,LINE-02,115,3
1083,2025-01-17 12:30:00,LINE-03,132,4
1084,2025-01-17 12:45:00,LINE-04,138,3
1085,2025-01-17 13:00:00,LINE-01,93,2
1086,2025-01-17 13:15:00,LINE-02,135,2
1087,2025-01-17 13:30:00,LINE-03,129,3
1088,2025-01-17 13:45:00,LINE-04,93,1
1089,2025-01-17 14:00:00,LINE-01,97,3
1090,2025-01-17 14:15:00,LINE-02,118,3
1091,2025-01-17 14:30:00,LINE-03,97,3
1092,2025-01-17 14:45:00,LINE-04,130,2
1093,2025-01-17 15:00:00,LINE-01,130,2
1094,2025-01-17 15:15:00,LINE-02,126,4
1095,2025-01-17 15:30:00,LINE-03,137,4
1096,2025-01-17 15:45:00,LINE-04,130,3
1097,2025-01-17 16:00:00,LINE-01,128,2
1098,2025-01-17 16:15:00,LINE-02,133,3
1099,2025-01-17 16:30:00,LINE-03,106,2
1100,2025-01-17 16:45:00,LINE-04,84,1
1101,2025-01-17 17:00:00,LINE-01,103,3
1102,2025-01-17 17:15:00,LINE-02,138,2
1103,2025-01-17 17:30:00,LINE-03,105,2
1104,2025-01-17 17:45:00,LINE-04,92,2
1105,2025-01-17 18:00:00,LINE-01,114,3
1106,2025-01-17 18:15:00,LINE-02,136,2
1107,2025-01-17 18:30:00,LINE-03,95,3
1108,2025-01-17 18:45:00,LINE-04,130,2
1109,2025-01-17 19:00:00,LINE-01,122,4
1110,2025-01-17 19:15:00,LINE-02,134,3
1111,2025-01-17 19:30:00,LINE-03,107,3
1112,2025-01-17 19:45:00,LINE-04,89,2
1113,2025-01-17 20:00:00,LINE-01,82,2
1114,2025-01-17 20:15:00,LINE-02,93,2
1115,2025-01-17 20:30:00,LINE-03,120,4
1116,2025-01-17 20:45:00,LINE-04,96,3
1117,2025-01-17 21:00:00,LINE-01,91,2
1118,2025-01-17 21:15:00,LINE-02,128,2
1119,2025-01-17 21:30:00,LINE-03,129,3
1120,2025-01-17 21:45:00,LINE-04,97,2
1121,2025-01-17 22:00:00,LINE-01,112,2
1122,2025-01-17 22:15:00,LINE-02,84,2
1123,2025-01-17 22:30:00,LINE-03,104,3
1124,2025-01-17 22:45:00,LINE-04,139,4
1125,2025-01-17 23:00:00,LINE-01,136,3
1126,2025-01-17 23:15:00,LINE-02,129,3
1127,2025-01-17 23:30:00,LINE-03,104,3
1128,2025-01-17 23:45:00,LINE-04,84,1
1129,2025-01-18 00:00:00,LINE-01,112,2
1130,2025-01-18 00:15:00,LINE-02,80,1
1131,2025-01-18 00:30:00,LINE-03,138,3
1132,2025-01-18 00:45:00,LINE-04,138,4
1133,2025-01-18 01:00:00,LINE-01,121,4
1134,2025-01-18 01:15:00,LINE-02,99,1
1135,2025-01-18 01:30:00,LINE-03,83,2
1136,2025-01-18 01:45:00,LINE-04,117,3
1137,2025-01-18 02:00:00,LINE-01,108,2
1138,2025-01-18 02:15:00,LINE-02,111,2
1139,2025-01-18 02:30:00,LINE-03,116,3
1140,2025-01-18 02:45:00,LINE-04,99,2
1141,2025-01-18 03:00:00,LINE-01,88,1
1142,2025-01-18 03:15:00,LINE-02,90,3
1143,2025-01-18 03:30:00,LINE-03,110,4
1144,2025-01-18 03:45:00,LINE-04,132,3
1145,2025-01-18 04:00:00,LINE-01,126,3
1146,2025-01-18 04:15:00,LINE-02,107,2
1147,2025-01-18 04:30:00,LINE-03,123,4
1148,2025-01-18 04:45:00,LINE-04,90,1
1149,2025-01-18 05:00:00,LINE-01,84,1
1150,2025-01-18 05:15:00,LINE-02,83,2
1151,2025-01-18 05:30:00,LINE-03,85,2
1152,2025-01-18 05:45:00,LINE-04,139,4
1153,2025-01-18 06:00:00,LINE-01,117,3
1154,2025-01-18 06:15:00,LINE-02,119,2
1155,2025-01-18 06:30:00,LINE-03,121,4
1156,2025-01-18 06:45:00,LINE-04,110,3
1157,2025-01-18 07:00:00,LINE-01,113,3
1158,2025-01-18 07:15:00,LINE-02,84,2
1159,2025-01-18 07:30:00,LINE-03,87,3
1160,2025-01-18 07:45:00,LINE-04,130,2
1161,2025-01-18 08:00:00,LINE-01,99,1
1162,2025-01-18 08:15:00,LINE-02,108,2
1163,2025-01-18 08:30:00,LINE-03,140,4
1164,2025-01-18 08:45:00,LINE-04,116,2
1165,2025-01-18 09:00:00,LINE-01,106,2
1166,2025-01-18 09:15:00,LINE-02,112,3
1167,2025-01-18 09:30:00,LINE-03,85,2
1168,2025-01-18 09:45:00,LINE-04,84,1
1169,2025-01-18 10:00:00,LINE-01,88,2
1170,2025-01-18 10:15:00,LINE-02,82,1
1171,2025-01-18 10:30:00,LINE-03,136,4
1172,2025-01-18 10:45:00,LINE-04,113,2
1173,2025-01-18 11:00:00,LINE-01,130,3
1174,2025-01-18 11:15:00,LINE-02,138,2
1175,2025-01-18 11:30:00,LINE-03,104,2
1176,2025-01-18 11:45:00,LINE-04,113,2
1177,2025-01-18 12:00:00,LINE-01,80,2
1178,2025-01-18 12:15:00,LINE-02,87,2
1179,2025-01-18 12:30:00,LINE-03,80,3
1180,2025-01-18 12:45:00,LINE-04,93,3
1181,2025-01-18 13:00:00,LINE-01,108,1
1182,2025-01-18 13:15:00,LINE-02,92,3
1183,2025-01-18 13:30:00,LINE-03,127,3
1184,2025-01-18 13:45:00,LINE-04,114,3
1185,2025-01-18 14:00:00,LINE-01,140,4
1186,2025-01-18 14:15:00,LINE-02,132,2
1187,2025-01-18 14:30:00,LINE-03,136,3
1188,2025-01-18 14:45:00,LINE-04,119,3
1189,2025-01-18 15:00:00,LINE-01,81,2
1190,2025-01-18 15:15:00,LINE-02,117,2
1191,2025-01-18 15:30:00,LINE-03,99,3
1192,2025-01-18 15:45:00,LINE-04,137,4
1193,2025-01-18 16:00:00,LINE-01,138,4
1194,2025-01-18 16:15:00,LINE-02,105,3
1195,2025-01-18 16:30:00,LINE-03,100,3
1196,2025-01-18 16:45:00,LINE-04,86,1
1197,2025-01-18 17:00:00,LINE-01,135,3
1198,2025-01-18 17:15:00,LINE-02,123,2
1199,2025-01-18 17:30:00,LINE-03,114,3
1200,2025-01-18 17:45:00,LINE-04,102,2
1201,2025-01-18 18:00:00,LINE-01,117,3
1202,2025-01-18 18:15:00,LINE-02,108,3
1203,2025-01-18 18:30:00,LINE-03,127,3
1204,2025-01-18 18:45:00,LINE-04,139,3
1205,2025-01-18 19:00:00,LINE-01,92,2
1206,2025-01-18 19:15:00,LINE-02,115,3
1207,2025-01-18 19:30:00,LINE-03,101,3
1208,2025-01-18 19:45:00,LINE-04,102,2
1209,2025-01-18 20:00:00,LINE-01,116,2
1210,2025-01-18 20:15:00,LINE-02,112,2
1211,2025-01-18 20:30:00,LINE-03,128,5
1212,2025-01-18 20:45:00,LINE-04,81,2
1213,2025-01-18 21:00:00,LINE-01,137,4
1214,2025-01-18 21:15:00,LINE-02,80,1
1215,2025-01-18 21:30:00,LINE-03,129,5
1216,2025-01-18 21:45:00,LINE-04,131,2
1217,2025-01-18 22:00:00,LINE-01,118,3
1218,2025-01-18 22:15:00,LINE-02,110,3
1219,2025-01-18 22:30:00,LINE-03,84,3
1220,2025-01-18 22:45:00,LINE-04,120,2
1221,2025-01-18 23:00:00,LINE-01,107,3
1222,2025-01-18 23:15:00,LINE-02,123,2
1223,2025-01-18 23:30:00,LINE-03,113,4
1224,2025-01-18 23:45:00,LINE-04,121,2
1225,2025-01-19 00:00:00,LINE-01,89,2
1226,2025-01-19 00:15:00,LINE-02,110,2
1227,2025-01-19 00:30:00,LINE-03,122,3
1228,2025-01-19 00:45:00,LINE-04,82,1
1229,2025-01-19 01:00:00,LINE-01,118,3
1230,2025-01-19 01:15:00,LINE-02,96,1
1231,2025-01-19 01:30:00,LINE-03,111,3
1232,2025-01-19 01:45:00,LINE-04,82,2
1233,2025-01-19 02:00:00,LINE-01,92,2
1234,2025-01-19 02:15:00,LINE-02,94,3
1235,2025-01-19 02:30:00,LINE-03,111,3
1236,2025-01-19 02:45:00,LINE-04,100,3
1237,2025-01-19 03:00:00,LINE-01,126,4
1238,2025-01-19 03:15:00,LINE-02,104,2
1239,2025-01-19 03:30:00,LINE-03,130,4
1240,2025-01-19 03:45:00,LINE-04,97,3
1241,2025-01-19 04:00:00,LINE-01,111,3
1242,2025-01-19 04:15:00,LINE-02,110,3
1243,2025-01-19 04:30:00,LINE-03,100,3
1244,2025-01-19 04:45:00,LINE-04,82,2
1245,2025-01-19 05:00:00,LINE-01,128,4
1246,2025-01-19 05:15:00,LINE-02,98,2
1247,2025-01-19 05:30:00,LINE-03,120,3
1248,2025-01-19 05:45:00,LINE-04,113,2
1249,2025-01-19 06:00:00,LINE-01,96,2
1250,2025-01-19 06:15:00,LINE-02,138,2
1251,2025-01-19 06:30:00,LINE-03,139,3
1252,2025-01-19 06:45:00,LINE-04,86,2
1253,2025-01-19 07:00:00,LINE-01,101,1
1254,2025-01-19 07:15:00,LINE-02,110,2
1255,2025-01-19 07:30:00,LINE-03,110,4
1256,2025-01-19 07:45:00,LINE-04,109,3
1257,2025-01-19 08:00:00,LINE-01,130,3
1258,2025-01-19 08:15:00,LINE-02,98,2
1259,2025-01-19 08:30:00,LINE-03,128,3
1260,2025-01-19 08:45:00,LINE-04,105,3
1261,2025-01-19 09:00:00,LINE-01,139,3
1262,2025-01-19 09:15:00,LINE-02,96,3
1263,2025-01-19 09:30:00,LINE-03,128,3
1264,2025-01-19 09:45:00,LINE-04,115,3
1265,2025-01-19 10:00:00,LINE-01,91,2
1266,2025-01-19 10:15:00,LINE-02,121,3
1267,2025-01-19 10:30:00,LINE-03,82,3
1268,2025-01-19 10:45:00,LINE-04,134,4
1269,2025-01-19 11:00:00,LINE-01,82,2
1270,2025-01-19 11:15:00,LINE-02,138,2
1271,2025-01-19 11:30:00,LINE-03,95,2
1272,2025-01-19 11:45:00,LINE-04,88,2
1273,2025-01-19 12:00:00,LINE-01,140,2
1274,2025-01-19 12:15:00,LINE-02,107,1
1275,2025-01-19 12:30:00,LINE-03,93,3
1276,2025-01-19 12:45:00,LINE-04,111,3
1277,2025-01-19 13:00:00,LINE-01,120,2
1278,2025-01-19 13:15:00,LINE-02,128,3
1279,2025-01-19 13:30:00,LINE-03,134,3
1280,2025-01-19 13:45:00,LINE-04,81,1
1281,2025-01-19 14:00:00,LINE-01,92,2
1282,2025-01-19 14:15:00,LINE-02,139,2
1283,2025-01-19 14:30:00,LINE-03,135,4
1284,2025-01-19 14:45:00,LINE-04,115,3
1285,2025-01-19 15:00:00,LINE-01,84,1
1286,2025-01-19 15:15:00,LINE-02,96,1
1287,2025-01-19 15:30:00,LINE-03,108,4
1288,2025-01-19 15:45:00,LINE-04,83,1
1289,2025-01-19 16:00:00,LINE-01,104,2
1290,2025-01-19 16:15:00,LINE-02,138,4
1291,2025-01-19 16:30:00,LINE-03,99,2
1292,2025-01-19 16:45:00,LINE-04,93,2
1293,2025-01-19 17:00:00,LINE-01,107,2
1294,2025-01-19 17:15:00,LINE-02,91,1
1295,2025-01-19 17:30:00,LINE-03,92,2
1296,2025-01-19 17:45:00,LINE-04,93,1
1297,2025-01-19 18:00:00,LINE-01,95,2
1298,2025-01-19 18:15:00,LINE-02,93,1
1299,2025-01-19 18:30:00,LINE-03,101,2
1300,2025-01-19 18:45:00,LINE-04,128,2
1301,2025-01-19 19:00:00,LINE-01,134,3
1302,2025-01-19 19:15:00,LINE-02,100,3
1303,2025-01-19 19:30:00,LINE-03,140,4
1304,2025-01-19 19:45:00,LINE-04,101,2
1305,2025-01-19 20:00:00,LINE-01,94,2
1306,2025-01-19 20:15:00,LINE-02,130,4
1307,2025-01-19 20:30:00,LINE-03,105,3
1308,2025-01-19 20:45:00,LINE-04,133,4
1309,2025-01-19 21:00:00,LINE-01,108,2
1310,2025-01-19 21:15:00,LINE-02,133,2
1311,2025-01-19 21:30:00,LINE-03,100,3
1312,2025-01-19 21:45:00,LINE-04,109,3
1313,2025-01-19 22:00:00,LINE-01,137,2
1314,2025-01-19 22:15:00,LINE-02,109,3
1315,2025-01-19 22:30:00,LINE-03,101,3
1316,2025-01-19 22:45:00,LINE-04,83,2
1317,2025-01-19 23:00:00,LINE-01,110,2
1318,2025-01-19 23:15:00,LINE-02,82,2
1319,2025-01-19 23:30:00,LINE-03,119,3
1320,2025-01-19 23:45:00,LINE-04,104,3
1321,2025-01-20 00:00:00,LINE-01,138,2
1322,2025-01-20 00:15:00,LINE-02,100,2
1323,2025-01-20 00:30:00,LINE-03,120,3
1324,2025-01-20 00:45:00,LINE-04,129,2
1325,2025-01-20 01:00:00,LINE-01,125,4
1326,2025-01-20 01:15:00,LINE-02,101,2
1327,2025-01-20 01:30:00,LINE-03,140,3
1328,2025-01-20 01:45:00,LINE-04,129,4
1329,2025-01-20 02:00:00,LINE-01,115,2
1330,2025-01-20 02:15:00,LINE-02,84,1
1331,2025-01-20 02:30:00,LINE-03,140,3
1332,2025-01-20 02:45:00,LINE-04,110,2
1333,2025-01-20 03:00:00,LINE-01,138,4
1334,2025-01-20 03:15:00,LINE-02,103,2
1335,2025-01-20 03:30:00,LINE-03,137,3
1336,2025-01-20 03:45:00,LINE-04,126,4
1337,2025-01-20 04:00:00,LINE-01,102,2
1338,2025-01-20 04:15:00,LINE-02,124,3
1339,2025-01-20 04:30:00,LINE-03,118,4
1340,2025-01-20 04:45:00,LINE-04,109,2
1341,2025-01-20 05:00:00,LINE-01,93,2
1342,2025-01-20 05:15:00,LINE-02,118,3
1343,2025-01-20 05:30:00,LINE-03,121,4
1344,2025-01-20 05:45:00,LINE-04,90,3
1345,2025-01-20 06:00:00,LINE-01,89,1
1346,2025-01-20 06:15:00,LINE-02,93,1
1347,2025-01-20 06:30:00,LINE-03,84,2
1348,2025-01-20 06:45:00,LINE-04,111,2
1349,2025-01-20 07:00:00,LINE-01,82,2
1350,2025-01-20 07:15:00,LINE-02,107,3
1351,2025-01-20 07:30:00,LINE-03,108,2
1352,2025-01-20 07:45:00,LINE-04,132,2
1353,2025-01-20 08:00:00,LINE-01,81,2
1354,2025-01-20 08:15:00,LINE-02,138,4
1355,2025-01-20 08:30:00,LINE-03,118,3
1356,2025-01-20 08:45:00,LINE-04,127,2
1357,2025-01-20 09:00:00,LINE-01,133,2
1358,2025-01-20 09:15:00,LINE-02,106,3
1359,2025-01-20 09:30:00,LINE-03,125,4
1360,2025-01-20 09:45:00,LINE-04,96,1
1361,2025-01-20 10:00:00,LINE-01,134,4
1362,2025-01-20 10:15:00,LINE-02,101,2
1363,2025-01-20 10:30:00,LINE-03,98,3
1364,2025-01-20 10:45:00,LINE-04,138,3
1365,2025-01-20 11:00:00,LINE-01,125,3
1366,2025-01-20 11:15:00,LINE-02,139,3
1367,2025-01-20 11:30:00,LINE-03,134,3
1368,2025-01-20 11:45:00,LINE-04,112,3
1369,2025-01-20 12:00:00,LINE-01,119,3
1370,2025-01-20 12:15:00,LINE-02,105,3
1371,2025-01-20 12:30:00,LINE-03,106,3
1372,2025-01-20 12:45:00,LINE-04,107,2
1373,2025-01-20 13:00:00,LINE-01,139,4
1374,2025-01-20 13:15:00,LINE-02,132,2
1375,2025-01-20 13:30:00,LINE-03,112,4
1376,2025-01-20 13:45:00,LINE-04,115,2
1377,2025-01-20 14:00:00,LINE-01,136,3
1378,2025-01-20 14:15:00,LINE-02,102,2
1379,2025-01-20 14:30:00,LINE-03,116,4
1380,2025-01-20 14:45:00,LINE-04,111,2
1381,2025-01-20 15:00:00,LINE-01,105,1
1382,2025-01-20 15:15:00,LINE-02,95,2
1383,2025-01-20 15:30:00,LINE-03,114,4
1384,2025-01-20 15:45:00,LINE-04,99,3
1385,2025-01-20 16:00:00,LINE-01,119,2
1386,2025-01-20 16:15:00,LINE-02,112,3
1387,2025-01-20 16:30:00,LINE-03,81,2
1388,2025-01-20 16:45:00,LINE-04,87,1
1389,2025-01-20 17:00:00,LINE-01,122,3
1390,2025-01-20 17:15:00,LINE-02,85,1
1391,2025-01-20 17:30:00,LINE-03,113,3
1392,2025-01-20 17:45:00,LINE-04,118,2
1393,2025-01-20 18:00:00,LINE-01,90,2
1394,2025-01-20 18:15:00,LINE-02,122,2
1395,2025-01-20 18:30:00,LINE-03,138,4
1396,2025-01-20 18:45:00,LINE-04,105,2
1397,2025-01-20 19:00:00,LINE-01,114,3
1398,2025-01-20 19:15:00,LINE-02,133,3
1399,2025-01-20 19:30:00,LINE-03,99,2
1400,2025-01-20 19:45:00,LINE-04,127,2
1401,2025-01-20 20:00:00,LINE-01,117,3
1402,2025-01-20 20:15:00,LINE-02,95,1
1403,2025-01-20 20:30:00,LINE-03,125,4
1404,2025-01-20 20:45:00,LINE-04,102,2
1405,2025-01-20 21:00:00,LINE-01,95,1
1406,2025-01-20 21:15:00,LINE-02,119,2
1407,2025-01-20 21:30:00,LINE-03,94,2
1408,2025-01-20 21:45:00,LINE-04,91,1
1409,2025-01-20 22:00:00,LINE-01,88,2
1410,2025-01-20 22:15:00,LINE-02,103,3
1411,2025-01-20 22:30:00,LINE-03,116,3
1412,2025-01-20 22:45:00,LINE-04,82,1
1413,2025-01-20 23:00:00,LINE-01,140,3
1414,2025-01-20 23:15:00,LINE-02,130,2
1415,2025-01-20 23:30:00,LINE-03,101,3
1416,2025-01-20 23:45:00,LINE-04,129,3
1417,2025-01-21 00:00:00,LINE-01,127,3
1418,2025-01-21 00:15:00,LINE-02,83,1
1419,2025-01-21 00:30:00,LINE-03,137,5
1420,2025-01-21 00:45:00,LINE-04,80,2
1421,2025-01-21 01:00:00,LINE-01,138,2
1422,2025-01-21 01:15:00,LINE-02,134,4
1423,2025-01-21 01:30:00,LINE-03,135,3
1424,2025-01-21 01:45:00,LINE-04,111,2
1425,2025-01-21 02:00:00,LINE-01,101,3
1426,2025-01-21 02:15:00,LINE-02,83,2
1427,2025-01-21 02:30:00,LINE-03,90,3
1428,2025-01-21 02:45:00,LINE-04,138,4
1429,2025-01-21 03:00:00,LINE-01,87,3
1430,2025-01-21 03:15:00,LINE-02,81,2
1431,2025-01-21 03:30:00,LINE-03,92,3
1432,2025-01-21 03:45:00,LINE-04,126,3
1433,2025-01-21 04:00:00,LINE-01,130,3
1434,2025-01-21 04:15:00,LINE-02,133,4
1435,2025-01-21 04:30:00,LINE-03,90,2
1436,2025-01-21 04:45:00,LINE-04,138,2
1437,2025-01-21 05:00:00,LINE-01,116,3
1438,2025-01-21 05:15:00,LINE-02,117,2
1439,2025-01-21 05:30:00,LINE-03,101,4
1440,2025-01-21 05:45:00,LINE-04,131,2
1441,2025-01-21 06:00:00,LINE-01,95,2
1442,2025-01-21 06:15:00,LINE-02,110,3
1443,2025-01-21 06:30:00,LINE-03,106,3
1444,2025-01-21 06:45:00,LINE-04,87,2
1445,2025-01-21 07:00:00,LINE-01,112,1
1446,2025-01-21 07:15:00,LINE-02,135,4
1447,2025-01-21 07:30:00,LINE-03,116,3
1448,2025-01-21 07:45:00,LINE-04,115,3
1449,2025-01-21 08:00:00,LINE-01,112,3
1450,2025-01-21 08:15:00,LINE-02,137,2
1451,2025-01-21 08:30:00,LINE-03,140,5
1452,2025-01-21 08:45:00,LINE-04,94,1
1453,2025-01-21 09:00:00,LINE-01,137,3
1454,2025-01-21 09:15:00,LINE-02,121,4
1455,2025-01-21 09:30:00,LINE-03,140,3
1456,2025-01-21 09:45:00,LINE-04,83,2
1457,2025-01-21 10:00:00,LINE-01,138,2
1458,2025-01-21 10:15:00,LINE-02,88,2
1459,2025-01-21 10:30:00,LINE-03,89,3
1460,2025-01-21 10:45:00,LINE-04,120,2
1461,2025-01-21 11:00:00,LINE-01,99,2
1462,2025-01-21 11:15:00,LINE-02,122,3
1463,2025-01-21 11:30:00,LINE-03,139,4
1464,2025-01-21 11:45:00,LINE-04,140,3
1465,2025-01-21 12:00:00,LINE-01,91,2
1466,2025-01-21 12:15:00,LINE-02,128,3
1467,2025-01-21 12:30:00,LINE-03,119,3
1468,2025-01-21 12:45:00,LINE-04,116,2
1469,2025-01-21 13:00:00,LINE-01,86,2
1470,2025-01-21 13:15:00,LINE-02,114,3
1471,2025-01-21 13:30:00,LINE-03,98,2
1472,2025-01-21 13:45:00,LINE-04,140,2
1473,2025-01-21 14:00:00,LINE-01,103,2
1474,2025-01-21 14:15:00,LINE-02,110,2
1475,2025-01-21 14:30:00,LINE-03,101,4
1476,2025-01-21 14:45:00,LINE-04,87,2
1477,2025-01-21 15:00:00,LINE-01,88,2
1478,2025-01-21 15:15:00,LINE-02,95,3
1479,2025-01-21 15:30:00,LINE-03,82,2
1480,2025-01-21 15:45:00,LINE-04,91,2
1481,2025-01-21 16:00:00,LINE-01,134,3
1482,2025-01-21 16:15:00,LINE-02,119,3
1483,2025-01-21 16:30:00,LINE-03,87,2
1484,2025-01-21 16:45:00,LINE-04,92,2
1485,2025-01-21 17:00:00,LINE-01,132,4
1486,2025-01-21 17:15:00,LINE-02,140,3
1487,2025-01-21 17:30:00,LINE-03,129,5
1488,2025-01-21 17:45:00,LINE-04,93,2
1489,2025-01-21 18:00:00,LINE-01,123,2
1490,2025-01-21 18:15:00,LINE-02,89,2
1491,2025-01-21 18:30:00,LINE-03,105,3
1492,2025-01-21 18:45:00,LINE-04,114,3
1493,2025-01-21 19:00:00,LINE-01,120,3
1494,2025-01-21 19:15:00,LINE-02,85,2
1495,2025-01-21 19:30:00,LINE-03,115,3
1496,2025-01-21 19:45:00,LINE-04,96,2
1497,2025-01-21 20:00:00,LINE-01,120,2
1498,2025-01-21 20:15:00,LINE-02,123,2
1499,2025-01-21 20:30:00,LINE-03,82,3
1500,2025-01-21 20:45:00,LINE-04,127,2
1501,2025-01-21 21:00:00,LINE-01,124,3
1502,2025-01-21 21:15:00,LINE-02,128,2
1503,2025-01-21 21:30:00,LINE-03,115,3
1504,2025-01-21 21:45:00,LINE-04,116,1
1505,2025-01-21 22:00:00,LINE-01,86,2
1506,2025-01-21 22:15:00,LINE-02,108,2
1507,2025-01-21 22:30:00,LINE-03,109,3
1508,2025-01-21 22:45:00,LINE-04,84,3
1509,2025-01-21 23:00:00,LINE-01,111,3
1510,2025-01-21 23:15:00,LINE-02,121,2
1511,2025-01-21 23:30:00,LINE-03,110,4
1512,2025-01-21 23:45:00,LINE-04,82,2
1513,2025-01-22 00:00:00,LINE-01,91,2
1514,2025-01-22 00:15:00,LINE-02,112,2
1515,2025-01-22 00:30:00,LINE-03,106,3
1516,2025-01-22 00:45:00,LINE-04,97,3
1517,2025-01-22 01:00:00,LINE-01,110,2
1518,2025-01-22 01:15:00,LINE-02,97,3
1519,2025-01-22 01:30:00,LINE-03,124,4
1520,2025-01-22 01:45:00,LINE-04,94,3
1521,2025-01-22 02:00:00,LINE-01,88,2
1522,2025-01-22 02:15:00,LINE-02,106,2
1523,2025-01-22 02:30:00,LINE-03,122,3
1524,2025-01-22 02:45:00,LINE-04,108,3
1525,2025-01-22 03:00:00,LINE-01,95,1
1526,2025-01-22 03:15:00,LINE-02,116,3
1527,2025-01-22 03:30:00,LINE-03,128,4
1528,2025-01-22 03:45:00,LINE-04,98,3
1529,2025-01-22 04:00:00,LINE-01,130,2
1530,2025-01-22 04:15:00,LINE-02,114,3
1531,2025-01-22 04:30:00,LINE-03,137,4
1532,2025-01-22 04:45:00,LINE-04,87,2
1533,2025-01-22 05:00:00,LINE-01,89,3
1534,2025-01-22 05:15:00,LINE-02,127,2
1535,2025-01-22 05:30:00,LINE-03,92,2
1536,2025-01-22 05:45:00,LINE-04,131,4
1537,2025-01-22 06:00:00,LINE-01,95,2
1538,2025-01-22 06:15:00,LINE-02,132,3
1539,2025-01-22 06:30:00,LINE-03,90,2
1540,2025-01-22 06:45:00,LINE-04,127,3
1541,2025-01-22 07:00:00,LINE-01,88,2
1542,2025-01-22 07:15:00,LINE-02,93,3
1543,2025-01-22 07:30:00,LINE-03,132,4
1544,2025-01-22 07:45:00,LINE-04,86,2
1545,2025-01-22 08:00:00,LINE-01,124,2
1546,2025-01-22 08:15:00,LINE-02,96,2
1547,2025-01-22 08:30:00,LINE-03,113,3
1548,2025-01-22 08:45:00,LINE-04,131,2
1549,2025-01-22 09:00:00,LINE-01,86,1
1550,2025-01-22 09:15:00,LINE-02,97,1
1551,2025-01-22 09:30:00,LINE-03,97,4
1552,2025-01-22 09:45:00,LINE-04,117,2
1553,2025-01-22 10:00:00,LINE-01,105,2
1554,2025-01-22 10:15:00,LINE-02,96,2
1555,2025-01-22 10:30:00,LINE-03,112,4
1556,2025-01-22 10:45:00,LINE-04,125,2
1557,2025-01-22 11:00:00,LINE-01,112,3
1558,2025-01-22 11:15:00,LINE-02,136,3
1559,2025-01-22 11:30:00,LINE-03,90,2
1560,2025-01-22 11:45:00,LINE-04,84,2
1561,2025-01-22 12:00:00,LINE-01,120,2
1562,2025-01-22 12:15:00,LINE-02,96,2
1563,2025-01-22 12:30:00,LINE-03,117,2
1564,2025-01-22 12:45:00,LINE-04,130,2
1565,2025-01-22 13:00:00,LINE-01,137,3
1566,2025-01-22 13:15:00,LINE-02,129,3
1567,2025-01-22 13:30:00,LINE-03,130,4
1568,2025-01-22 13:45:00,LINE-04,84,2
1569,2025-01-22 14:00:00,LINE-01,91,3
1570,2025-01-22 14:15:00,LINE-02,112,3
1571,2025-01-22 14:30:00,LINE-03,92,3
1572,2025-01-22 14:45:00,LINE-04,109,3
1573,2025-01-22 15:00:00,LINE-01,118,2
1574,2025-01-22 15:15:00,LINE-02,93,2
1575,2025-01-22 15:30:00,LINE-03,134,4
1576,2025-01-22 15:45:00,LINE-04,105,2
1577,2025-01-22 16:00:00,LINE-01,97,1
1578,2025-01-22 16:15:00,LINE-02,106,2
1579,2025-01-22 16:30:00,LINE-03,87,2
1580,2025-01-22 16:45:00,LINE-04,132,3
1581,2025-01-22 17:00:00,LINE-01,97,2
1582,2025-01-22 17:15:00,LINE-02,105,3
1583,2025-01-22 17:30:00,LINE-03,112,4
1584,2025-01-22 17:45:00,LINE-04,136,4
1585,2025-01-22 18:00:00,LINE-01,88,1
1586,2025-01-22 18:15:00,LINE-02,130,4
1587,2025-01-22 18:30:00,LINE-03,93,2
1588,2025-01-22 18:45:00,LINE-04,110,3
1589,2025-01-22 19:00:00,LINE-01,88,2
1590,2025-01-22 19:15:00,LINE-02,82,2
1591,2025-01-22 19:30:00,LINE-03,107,4
1592,2025-01-22 19:45:00,LINE-04,103,1
1593,2025-01-22 20:00:00,LINE-01,95,2
1594,2025-01-22 20:15:00,LINE-02,107,2
1595,2025-01-22 20:30:00,LINE-03,127,3
1596,2025-01-22 20:45:00,LINE-04,91,1
1597,2025-01-22 21:00:00,LINE-01,136,3
1598,2025-01-22 21:15:00,LINE-02,124,2
1599,2025-01-22 21:30:00,LINE-03,83,3
1600,2025-01-22 21:45:00,LINE-04,116,2
1601,2025-01-22 22:00:00,LINE-01,117,3
1602,2025-01-22 22:15:00,LINE-02,90,3
1603,2025-01-22 22:30:00,LINE-03,100,3
1604,2025-01-22 22:45:00,LINE-04,94,1
1605,2025-01-22 23:00:00,LINE-01,140,3
1606,2025-01-22 23:15:00,LINE-02,128,2
1607,2025-01-22 23:30:00,LINE-03,123,4
1608,2025-01-22 23:45:00,LINE-04,93,2
1609,2025-01-23 00:00:00,LINE-01,99,2
1610,2025-01-23 00:15:00,LINE-02,114,3
1611,2025-01-23 00:30:00,LINE-03,102,3
1612,2025-01-23 00:45:00,LINE-04,112,2
1613,2025-01-23 01:00:00,LINE-01,119,2
1614,2025-01-23 01:15:00,LINE-02,101,2
1615,2025-01-23 01:30:00,LINE-03,113,2
1616,2025-01-23 01:45:00,LINE-04,121,4
1617,2025-01-23 02:00:00,LINE-01,100,3
1618,2025-01-23 02:15:00,LINE-02,120,1
1619,2025-01-23 02:30:00,LINE-03,108,3
1620,2025-01-23 02:45:00,LINE-04,111,3
1621,2025-01-23 03:00:00,LINE-01,114,2
1622,2025-01-23 03:15:00,LINE-02,117,2
1623,2025-01-23 03:30:00,LINE-03,93,3
1624,2025-01-23 03:45:00,LINE-04,104,2
1625,2025-01-23 04:00:00,LINE-01,94,2
1626,2025-01-23 04:15:00,LINE-02,113,3
1627,2025-01-23 04:30:00,LINE-03,80,2
1628,2025-01-23 04:45:00,LINE-04,118,2
1629,2025-01-23 05:00:00,LINE-01,117,3
1630,2025-01-23 05:15:00,LINE-02,124,3
1631,2025-01-23 05:30:00,LINE-03,104,3
1632,2025-01-23 05:45:00,LINE-04,115,2
1633,2025-01-23 06:00:00,LINE-01,127,2
1634,2025-01-23 06:15:00,LINE-02,112,1
1635,2025-01-23 06:30:00,LINE-03,86,2
1636,2025-01-23 06:45:00,LINE-04,127,2
1637,2025-01-23 07:00:00,LINE-01,80,2
1638,2025-01-23 07:15:00,LINE-02,120,3
1639,2025-01-23 07:30:00,LINE-03,127,4
1640,2025-01-23 07:45:00,LINE-04,108,2
1641,2025-01-23 08:00:00,LINE-01,98,3
1642,2025-01-23 08:15:00,LINE-02,102,2
1643,2025-01-23 08:30:00,LINE-03,121,4
1644,2025-01-23 08:45:00,LINE-04,91,2
1645,2025-01-23 09:00:00,LINE-01,116,2
1646,2025-01-23 09:15:00,LINE-02,102,3
1647,2025-01-23 09:30:00,LINE-03,86,3
1648,2025-01-23 09:45:00,LINE-04,99,2
1649,2025-01-23 10:00:00,LINE-01,125,4
1650,2025-01-23 10:15:00,LINE-02,102,3
1651,2025-01-23 10:30:00,LINE-03,93,3
1652,2025-01-23 10:45:00,LINE-04,132,3
1653,2025-01-23 11:00:00,LINE-01,110,3
1654,2025-01-23 11:15:00,LINE-02,124,3
1655,2025-01-23 11:30:00,LINE-03,109,4
1656,2025-01-23 11:45:00,LINE-04,139,2
1657,2025-01-23 12:00:00,LINE-01,101,2
1658,2025-01-23 12:15:00,LINE-02,124,2
1659,2025-01-23 12:30:00,LINE-03,99,3
1660,2025-01-23 12:45:00,LINE-04,107,2
1661,2025-01-23 13:00:00,LINE-01,88,1
1662,2025-01-23 13:15:00,LINE-02,101,1
1663,2025-01-23 13:30:00,LINE-03,109,3
1664,2025-01-23 13:45:00,LINE-04,80,2
1665,2025-01-23 14:00:00,LINE-01,97,1
1666,2025-01-23 14:15:00,LINE-02,82,1
1667,2025-01-23 14:30:00,LINE-03,114,3
1668,2025-01-23 14:45:00,LINE-04,130,2
1669,2025-01-23 15:00:00,LINE-01,135,2
1670,2025-01-23 15:15:00,LINE-02,110,2
1671,2025-01-23 15:30:00,LINE-03,118,3
1672,2025-01-23 15:45:00,LINE-04,110,2
1673,2025-01-23 16:00:00,LINE-01,113,2
1674,2025-01-23 16:15:00,LINE-02,135,3
1675,2025-01-23 16:30:00,LINE-03,97,2
1676,2025-01-23 16:45:00,LINE-04,108,2
1677,2025-01-23 17:00:00,LINE-01,96,2
1678,2025-01-23 17:15:00,LINE-02,134,3
1679,2025-01-23 17:30:00,LINE-03,94,2
1680,2025-01-23 17:45:00,LINE-04,87,3
1681,2025-01-23 18:00:00,LINE-01,101,1
1682,2025-01-23 18:15:00,LINE-02,108,2
1683,2025-01-23 18:30:00,LINE-03,84,2
1684,2025-01-23 18:45:00,LINE-04,105,2
1685,2025-01-23 19:00:00,LINE-01,108,2
1686,2025-01-23 19:15:00,LINE-02,113,3
1687,2025-01-23 19:30:00,LINE-03,92,3
1688,2025-01-23 19:45:00,LINE-04,133,4
1689,2025-01-23 20:00:00,LINE-01,111,1
1690,2025-01-23 20:15:00,LINE-02,98,2
1691,2025-01-23 20:30:00,LINE-03,87,2
1692,2025-01-23 20:45:00,LINE-04,127,2
1693,2025-01-23 21:00:00,LINE-01,129,2
1694,2025-01-23 21:15:00,LINE-02,140,2
1695,2025-01-23 21:30:00,LINE-03,101,3
1696,2025-01-23 21:45:00,LINE-04,88,2
1697,2025-01-23 22:00:00,LINE-01,83,1
1698,2025-01-23 22:15:00,LINE-02,120,2
1699,2025-01-23 22:30:00,LINE-03,99,3
1700,2025-01-23 22:45:00,LINE-04,115,3
1701,2025-01-23 23:00:00,LINE-01,122,3
1702,2025-01-23 23:15:00,LINE-02,134,2
1703,2025-01-23 23:30:00,LINE-03,89,3
1704,2025-01-23 23:45:00,LINE-04,125,4
1705,2025-01-24 00:00:00,LINE-01,117,2
1706,2025-01-24 00:15:00,LINE-02,104,2
1707,2025-01-24 00:30:00,LINE-03,90,2
1708,2025-01-24 00:45:00,LINE-04,126,3
1709,2025-01-24 01:00:00,LINE-01,102,2
1710,2025-01-24 01:15:00,LINE-02,99,3
1711,2025-01-24 01:30:00,LINE-03,117,4
1712,2025-01-24 01:45:00,LINE-04,95,2
1713,2025-01-24 02:00:00,LINE-01,87,1
1714,2025-01-24 02:15:00,LINE-02,89,2
1715,2025-01-24 02:30:00,LINE-03,114,4
1716,2025-01-24 02:45:00,LINE-04,109,3
1717,2025-01-24 03:00:00,LINE-01,98,3
1718,2025-01-24 03:15:00,LINE-02,137,3
1719,2025-01-24 03:30:00,LINE-03,123,3
1720,2025-01-24 03:45:00,LINE-04,118,2
1721,2025-01-24 04:00:00,LINE-01,133,3
1722,2025-01-24 04:15:00,LINE-02,119,4
1723,2025-01-24 04:30:00,LINE-03,122,4
1724,2025-01-24 04:45:00,LINE-04,83,2
1725,2025-01-24 05:00:00,LINE-01,131,4
1726,2025-01-24 05:15:00,LINE-02,83,2
1727,2025-01-24 05:30:00,LINE-03,123,4
1728,2025-01-24 05:45:00,LINE-04,134,3
1729,2025-01-24 06:00:00,LINE-01,133,3
1730,2025-01-24 06:15:00,LINE-02,84,2
1731,2025-01-24 06:30:00,LINE-03,96,2
1732,2025-01-24 06:45:00,LINE-04,91,2
1733,2025-01-24 07:00:00,LINE-01,124,4
1734,2025-01-24 07:15:00,LINE-02,138,4
1735,2025-01-24 07:30:00,LINE-03,82,2
1736,2025-01-24 07:45:00,LINE-04,138,3
1737,2025-01-24 08:00:00,LINE-01,88,2
1738,2025-01-24 08:15:00,LINE-02,88,2
1739,2025-01-24 08:30:00,LINE-03,136,3
1740,2025-01-24 08:45:00,LINE-04,92,2
1741,2025-01-24 09:00:00,LINE-01,117,3
1742,2025-01-24 09:15:00,LINE-02,94,3
1743,2025-01-24 09:30:00,LINE-03,92,2
1744,2025-01-24 09:45:00,LINE-04,102,2
1745,2025-01-24 10:00:00,LINE-01,111,2
1746,2025-01-24 10:15:00,LINE-02,85,2
1747,2025-01-24 10:30:00,LINE-03,102,3
1748,2025-01-24 10:45:00,LINE-04,138,4
1749,2025-01-24 11:00:00,LINE-01,131,2
1750,2025-01-24 11:15:00,LINE-02,92,1
1751,2025-01-24 11:30:00,LINE-03,90,3
1752,2025-01-24 11:45:00,LINE-04,134,4
1753,2025-01-24 12:00:00,LINE-01,134,2
1754,2025-01-24 12:15:00,LINE-02,83,2
1755,2025-01-24 12:30:00,LINE-03,129,4
1756,2025-01-24 12:45:00,LINE-04,134,2
1757,2025-01-24 13:00:00,LINE-01,97,2
1758,2025-01-24 13:15:00,LINE-02,127,2
1759,2025-01-24 13:30:00,LINE-03,86,2
1760,2025-01-24 13:45:00,LINE-04,82,2
1761,2025-01-24 14:00:00,LINE-01,122,2
1762,2025-01-24 14:15:00,LINE-02,113,3
1763,2025-01-24 14:30:00,LINE-03,84,3
1764,2025-01-24 14:45:00,LINE-04,128,3
1765,2025-01-24 15:00:00,LINE-01,97,1
1766,2025-01-24 15:15:00,LINE-02,140,3
1767,2025-01-24 15:30:00,LINE-03,97,3
1768,2025-01-24 15:45:00,LINE-04,117,2
1769,2025-01-24 16:00:00,LINE-01,81,2
1770,2025-01-24 16:15:00,LINE-02,123,3
1771,2025-01-24 16:30:00,LINE-03,88,3
1772,2025-01-24 16:45:00,LINE-04,126,3
1773,2025-01-24 17:00:00,LINE-01,92,2
1774,2025-01-24 17:15:00,LINE-02,129,2
1775,2025-01-24 17:30:00,LINE-03,134,5
1776,2025-01-24 17:45:00,LINE-04,91,2
1777,2025-01-24 18:00:00,LINE-01,84,3
1778,2025-01-24 18:15:00,LINE-02,119,3
1779,2025-01-24 18:30:00,LINE-03,93,2
1780,2025-01-24 18:45:00,LINE-04,133,3
1781,2025-01-24 19:00:00,LINE-01,97,3
1782,2025-01-24 19:15:00,LINE-02,100,3
1783,2025-01-24 19:30:00,LINE-03,140,5
1784,2025-01-24 19:45:00,LINE-04,133,4
1785,2025-01-24 20:00:00,LINE-01,130,3
1786,2025-01-24 20:15:00,LINE-02,97,2
1787,2025-01-24 20:30:00,LINE-03,132,3
1788,2025-01-24 20:45:00,LINE-04,84,2
1789,2025-01-24 21:00:00,LINE-01,131,3
1790,2025-01-24 21:15:00,LINE-02,88,2
1791,2025-01-24 21:30:00,LINE-03,124,4
1792,2025-01-24 21:45:00,LINE-04,85,2
1793,2025-01-24 22:00:00,LINE-01,134,3
1794,2025-01-24 22:15:00,LINE-02,95,2
1795,2025-01-24 22:30:00,LINE-03,138,5
1796,2025-01-24 22:45:00,LINE-04,128,2
1797,2025-01-24 23:00:00,LINE-01,131,3
1798,2025-01-24 23:15:00,LINE-02,99,2
1799,2025-01-24 23:30:00,LINE-03,128,3
1800,2025-01-24 23:45:00,LINE-04,124,3
1801,2025-01-25 00:00:00,LINE-01,103,3
1802,2025-01-25 00:15:00,LINE-02,111,2
1803,2025-01-25 00:30:00,LINE-03,104,3
1804,2025-01-25 00:45:00,LINE-04,123,4
1805,2025-01-25 01:00:00,LINE-01,100,2
1806,2025-01-25 01:15:00,LINE-02,84,1
1807,2025-01-25 01:30:00,LINE-03,100,3
1808,2025-01-25 01:45:00,LINE-04,127,3
1809,2025-01-25 02:00:00,LINE-01,86,2
1810,2025-01-25 02:15:00,LINE-02,122,2
1811,2025-01-25 02:30:00,LINE-03,134,4
1812,2025-01-25 02:45:00,LINE-04,135,3
1813,2025-01-25 03:00:00,LINE-01,106,3
1814,2025-01-25 03:15:00,LINE-02,109,2
1815,2025-01-25 03:30:00,LINE-03,87,3
1816,2025-01-25 03:45:00,LINE-04,123,2
1817,2025-01-25 04:00:00,LINE-01,94,2
1818,2025-01-25 04:15:00,LINE-02,95,2
1819,2025-01-25 04:30:00,LINE-03,106,4
1820,2025-01-25 04:45:00,LINE-04,134,2
1821,2025-01-25 05:00:00,LINE-01,126,3
1822,2025-01-25 05:15:00,LINE-02,130,3
1823,2025-01-25 05:30:00,LINE-03,106,3
1824,2025-01-25 05:45:00,LINE-04,113,1
1825,2025-01-25 06:00:00,LINE-01,124,2
1826,2025-01-25 06:15:00,LINE-02,95,2
1827,2025-01-25 06:30:00,LINE-03,126,5
1828,2025-01-25 06:45:00,LINE-04,87,2
1829,2025-01-25 07:00:00,LINE-01,120,3
1830,2025-01-25 07:15:00,LINE-02,95,1
1831,2025-01-25 07:30:00,LINE-03,127,4
1832,2025-01-25 07:45:00,LINE-04,92,2
1833,2025-01-25 08:00:00,LINE-01,94,3
1834,2025-01-25 08:15:00,LINE-02,130,4
1835,2025-01-25 08:30:00,LINE-03,94,3
1836,2025-01-25 08:45:00,LINE-04,133,2
1837,2025-01-25 09:00:00,LINE-01,88,3
1838,2025-01-25 09:15:00,LINE-02,115,2
1839,2025-01-25 09:30:00,LINE-03,126,3
1840,2025-01-25 09:45:00,LINE-04,83,2
1841,2025-01-25 10:00:00,LINE-01,122,3
1842,2025-01-25 10:15:00,LINE-02,135,3
1843,2025-01-25 10:30:00,LINE-03,88,2
1844,2025-01-25 10:45:00,LINE-04,138,3
1845,2025-01-25 11:00:00,LINE-01,139,3
1846,2025-01-25 11:15:00,LINE-02,115,2
1847,2025-01-25 11:30:00,LINE-03,89,3
1848,2025-01-25 11:45:00,LINE-04,101,2
1849,2025-01-25 12:00:00,LINE-01,132,3
1850,2025-01-25 12:15:00,LINE-02,99,1
1851,2025-01-25 12:30:00,LINE-03,96,3
1852,2025-01-25 12:45:00,LINE-04,111,3
1853,2025-01-25 13:00:00,LINE-01,91,2
1854,2025-01-25 13:15:00,LINE-02,125,3
1855,2025-01-25 13:30:00,LINE-03,120,4
1856,2025-01-25 13:45:00,LINE-04,103,1
1857,2025-01-25 14:00:00,LINE-01,99,2
1858,2025-01-25 14:15:00,LINE-02,124,3
1859,2025-01-25 14:30:00,LINE-03,128,4
1860,2025-01-25 14:45:00,LINE-04,118,2
1861,2025-01-25 15:00:00,LINE-01,125,2
1862,2025-01-25 15:15:00,LINE-02,138,2
1863,2025-01-25 15:30:00,LINE-03,134,5
1864,2025-01-25 15:45:00,LINE-04,109,2
1865,2025-01-25 16:00:00,LINE-01,110,3
1866,2025-01-25 16:15:00,LINE-02,82,1
1867,2025-01-25 16:30:00,LINE-03,125,3
1868,2025-01-25 16:45:00,LINE-04,91,3
1869,2025-01-25 17:00:00,LINE-01,86,2
1870,2025-01-25 17:15:00,LINE-02,112,3
1871,2025-01-25 17:30:00,LINE-03,134,3
1872,2025-01-25 17:45:00,LINE-04,101,2
1873,2025-01-25 18:00:00,LINE-01,93,2
1874,2025-01-25 18:15:00,LINE-02,112,1
1875,2025-01-25 18:30:00,LINE-03,81,2
1876,2025-01-25 18:45:00,LINE-04,136,2
1877,2025-01-25 19:00:00,LINE-01,104,3
1878,2025-01-25 19:15:00,LINE-02,89,1
1879,2025-01-25 19:30:00,LINE-03,91,3
1880,2025-01-25 19:45:00,LINE-04,88,1
1881,2025-01-25 20:00:00,LINE-01,93,2
1882,2025-01-25 20:15:00,LINE-02,94,3
1883,2025-01-25 20:30:00,LINE-03,128,5
1884,2025-01-25 20:45:00,LINE-04,98,2
1885,2025-01-25 21:00:00,LINE-01,99,2
1886,2025-01-25 21:15:00,LINE-02,122,2
1887,2025-01-25 21:30:00,LINE-03,85,3
1888,2025-01-25 21:45:00,LINE-04,130,3
1889,2025-01-25 22:00:00,LINE-01,87,2
1890,2025-01-25 22:15:00,LINE-02,122,2
1891,2025-01-25 22:30:00,LINE-03,135,4
1892,2025-01-25 22:45:00,LINE-04,104,3
1893,2025-01-25 23:00:00,LINE-01,86,2
1894,2025-01-25 23:15:00,LINE-02,123,3
1895,2025-01-25 23:30:00,LINE-03,83,2
1896,2025-01-25 23:45:00,LINE-04,86,1
1897,2025-01-26 00:00:00,LINE-01,130,3
1898,2025-01-26 00:15:00,LINE-02,128,2
1899,2025-01-26 00:30:00,LINE-03,129,4
1900,2025-01-26 00:45:00,LINE-04,106,1
1901,2025-01-26 01:00:00,LINE-01,100,2
1902,2025-01-26 01:15:00,LINE-02,136,4
1903,2025-01-26 01:30:00,LINE-03,138,5
1904,2025-01-26 01:45:00,LINE-04,135,4
1905,2025-01-26 02:00:00,LINE-01,122,2
1906,2025-01-26 02:15:00,LINE-02,86,2
1907,2025-01-26 02:30:00,LINE-03,119,3
1908,2025-01-26 02:45:00,LINE-04,139,3
1909,2025-01-26 03:00:00,LINE-01,136,4
1910,2025-01-26 03:15:00,LINE-02,130,3
1911,2025-01-26 03:30:00,LINE-03,129,3
1912,2025-01-26 03:45:00,LINE-04,138,3
1913,2025-01-26 04:00:00,LINE-01,121,3
1914,2025-01-26 04:15:00,LINE-02,86,1
1915,2025-01-26 04:30:00,LINE-03,140,3
1916,2025-01-26 04:45:00,LINE-04,123,4
1917,2025-01-26 05:00:00,LINE-01,135,4
1918,2025-01-26 05:15:00,LINE-02,97,2
1919,2025-01-26 05:30:00,LINE-03,127,4
1920,2025-01-26 05:45:00,LINE-04,137,3
1921,2025-01-26 06:00:00,LINE-01,112,2
1922,2025-01-26 06:15:00,LINE-02,108,3
1923,2025-01-26 06:30:00,LINE-03,87,3
1924,2025-01-26 06:45:00,LINE-04,121,2
1925,2025-01-26 07:00:00,LINE-01,82,1
1926,2025-01-26 07:15:00,LINE-02,97,2
1927,2025-01-26 07:30:00,LINE-03,112,3
1928,2025-01-26 07:45:00,LINE-04,113,2
1929,2025-01-26 08:00:00,LINE-01,80,1
1930,2025-01-26 08:15:00,LINE-02,108,2
1931,2025-01-26 08:30:00,LINE-03,80,3
1932,2025-01-26 08:45:00,LINE-04,128,3
1933,2025-01-26 09:00:00,LINE-01,124,3
1934,2025-01-26 09:15:00,LINE-02,112,3
1935,2025-01-26 09:30:00,LINE-03,129,4
1936,2025-01-26 09:45:00,LINE-04,93,1
1937,2025-01-26 10:00:00,LINE-01,110,3
1938,2025-01-26 10:15:00,LINE-02,101,2
1939,2025-01-26 10:30:00,LINE-03,81,2
1940,2025-01-26 10:45:00,LINE-04,99,3
1941,2025-01-26 11:00:00,LINE-01,135,2
1942,2025-01-26 11:15:00,LINE-02,113,2
1943,2025-01-26 11:30:00,LINE-03,130,4
1944,2025-01-26 11:45:00,LINE-04,113,3
1945,2025-01-26 12:00:00,LINE-01,108,3
1946,2025-01-26 12:15:00,LINE-02,133,2
1947,2025-01-26 12:30:00,LINE-03,134,5
1948,2025-01-26 12:45:00,LINE-04,97,2
1949,2025-01-26 13:00:00,LINE-01,110,2
1950,2025-01-26 13:15:00,LINE-02,125,3
1951,2025-01-26 13:30:00,LINE-03,135,5
1952,2025-01-26 13:45:00,LINE-04,135,3
1953,2025-01-26 14:00:00,LINE-01,130,3
1954,2025-01-26 14:15:00,LINE-02,100,3
1955,2025-01-26 14:30:00,LINE-03,87,2
1956,2025-01-26 14:45:00,LINE-04,139,3
1957,2025-01-26 15:00:00,LINE-01,96,2
1958,2025-01-26 15:15:00,LINE-02,99,2
1959,2025-01-26 15:30:00,LINE-03,80,3
1960,2025-01-26 15:45:00,LINE-04,104,2
1961,2025-01-26 16:00:00,LINE-01,121,2
1962,2025-01-26 16:15:00,LINE-02,97,2
1963,2025-01-26 16:30:00,LINE-03,96,3
1964,2025-01-26 16:45:00,LINE-04,136,3
1965,2025-01-26 17:00:00,LINE-01,102,1
1966,2025-01-26 17:15:00,LINE-02,87,2
1967,2025-01-26 17:30:00,LINE-03,126,3
1968,2025-01-26 17:45:00,LINE-04,81,2
1969,2025-01-26 18:00:00,LINE-01,85,1
1970,2025-01-26 18:15:00,LINE-02,125,2
1971,2025-01-26 18:30:00,LINE-03,134,3
1972,2025-01-26 18:45:00,LINE-04,82,1
1973,2025-01-26 19:00:00,LINE-01,126,2
1974,2025-01-26 19:15:00,LINE-02,131,3
1975,2025-01-26 19:30:00,LINE-03,122,4
1976,2025-01-26 19:45:00,LINE-04,100,2
1977,2025-01-26 20:00:00,LINE-01,134,2
1978,2025-01-26 20:15:00,LINE-02,95,2
1979,2025-01-26 20:30:00,LINE-03,124,4
1980,2025-01-26 20:45:00,LINE-04,94,3
1981,2025-01-26 21:00:00,LINE-01,94,2
1982,2025-01-26 21:15:00,LINE-02,132,2
1983,2025-01-26 21:30:00,LINE-03,119,4
1984,2025-01-26 21:45:00,LINE-04,94,2
1985,2025-01-26 22:00:00,LINE-01,82,2
1986,2025-01-26 22:15:00,LINE-02,80,2
1987,2025-01-26 22:30:00,LINE-03,106,3
1988,2025-01-26 22:45:00,LINE-04,109,2
1989,2025-01-26 23:00:00,LINE-01,95,2
1990,2025-01-26 23:15:00,LINE-02,87,1
1991,2025-01-26 23:30:00,LINE-03,114,4
1992,2025-01-26 23:45:00,LINE-04,99,1
1993,2025-01-27 00:00:00,LINE-01,84,1
1994,2025-01-27 00:15:00,LINE-02,102,2
1995,2025-01-27 00:30:00,LINE-03,122,3
1996,2025-01-27 00:45:00,LINE-04,110,3
1997,2025-01-27 01:00:00,LINE-01,92,1
1998,2025-01-27 01:15:00,LINE-02,126,2
1999,2025-01-27 01:30:00,LINE-03,100,3
2000,2025-01-27 01:45:00,LINE-04,85,2
2001,2025-01-27 02:00:00,LINE-01,129,3
2002,2025-01-27 02:15:00,LINE-02,97,2
2003,2025-01-27 02:30:00,LINE-03,117,3
2004,2025-01-27 02:45:00,LINE-04,127,2
2005,2025-01-27 03:00:00,LINE-01,82,2
2006,2025-01-27 03:15:00,LINE-02,140,3
2007,2025-01-27 03:30:00,LINE-03,105,3
2008,2025-01-27 03:45:00,LINE-04,81,1
2009,2025-01-27 04:00:00,LINE-01,108,2
2010,2025-01-27 04:15:00,LINE-02,107,2
2011,2025-01-27 04:30:00,LINE-03,139,4
2012,2025-01-27 04:45:00,LINE-04,140,3
2013,2025-01-27 05:00:00,LINE-01,93,2
2014,2025-01-27 05:15:00,LINE-02,90,2
2015,2025-01-27 05:30:00,LINE-03,116,3
2016,2025-01-27 05:45:00,LINE-04,130,2
2017,2025-01-27 06:00:00,LINE-01,125,2
2018,2025-01-27 06:15:00,LINE-02,106,2
2019,2025-01-27 06:30:00,LINE-03,112,4
2020,2025-01-27 06:45:00,LINE-04,113,2
2021,2025-01-27 07:00:00,LINE-01,101,3
2022,2025-01-27 07:15:00,LINE-02,139,2
2023,2025-01-27 07:30:00,LINE-03,129,4
2024,2025-01-27 07:45:00,LINE-04,100,2
2025,2025-01-27 08:00:00,LINE-01,137,2
2026,2025-01-27 08:15:00,LINE-02,90,2
2027,2025-01-27 08:30:00,LINE-03,81,3
2028,2025-01-27 08:45:00,LINE-04,114,2
2029,2025-01-27 09:00:00,LINE-01,125,3
2030,2025-01-27 09:15:00,LINE-02,99,2
2031,2025-01-27 09:30:00,LINE-03,97,4
2032,2025-01-27 09:45:00,LINE-04,100,3
2033,2025-01-27 10:00:00,LINE-01,133,2
2034,2025-01-27 10:15:00,LINE-02,95,1
2035,2025-01-27 10:30:00,LINE-03,128,3
2036,2025-01-27 10:45:00,LINE-04,134,3
2037,2025-01-27 11:00:00,LINE-01,111,3
2038,2025-01-27 11:15:00,LINE-02,104,2
2039,2025-01-27 11:30:00,LINE-03,85,2
2040,2025-01-27 11:45:00,LINE-04,118,3
2041,2025-01-27 12:00:00,LINE-01,84,2
2042,2025-01-27 12:15:00,LINE-02,85,2
2043,2025-01-27 12:30:00,LINE-03,136,5
2044,2025-01-27 12:45:00,LINE-04,122,3
2045,2025-01-27 13:00:00,LINE-01,111,2
2046,2025-01-27 13:15:00,LINE-02,90,1
2047,2025-01-27 13:30:00,LINE-03,82,3
2048,2025-01-27 13:45:00,LINE-04,110,2
2049,2025-01-27 14:00:00,LINE-01,136,4
2050,2025-01-27 14:15:00,LINE-02,118,3
2051,2025-01-27 14:30:00,LINE-03,97,2
2052,2025-01-27 14:45:00,LINE-04,88,3
2053,2025-01-27 15:00:00,LINE-01,115,3
2054,2025-01-27 15:15:00,LINE-02,80,2
2055,2025-01-27 15:30:00,LINE-03,119,2
2056,2025-01-27 15:45:00,LINE-04,135,4
2057,2025-01-27 16:00:00,LINE-01,140,3
2058,2025-01-27 16:15:00,LINE-02,138,3
2059,2025-01-27 16:30:00,LINE-03,106,4
2060,2025-01-27 16:45:00,LINE-04,94,1
2061,2025-01-27 17:00:00,LINE-01,125,2
2062,2025-01-27 17:15:00,LINE-02,113,3
2063,2025-01-27 17:30:00,LINE-03,128,3
2064,2025-01-27 17:45:00,LINE-04,103,2
2065,2025-01-27 18:00:00,LINE-01,86,2
2066,2025-01-27 18:15:00,LINE-02,87,3
2067,2025-01-27 18:30:00,LINE-03,121,4
2068,2025-01-27 18:45:00,LINE-04,94,2
2069,2025-01-27 19:00:00,LINE-01,118,2
2070,2025-01-27 19:15:00,LINE-02,110,2
2071,2025-01-27 19:30:00,LINE-03,80,3
2072,2025-01-27 19:45:00,LINE-04,87,2
2073,2025-01-27 20:00:00,LINE-01,96,1
2074,2025-01-27 20:15:00,LINE-02,133,3
2075,2025-01-27 20:30:00,LINE-03,116,3
2076,2025-01-27 20:45:00,LINE-04,86,2
2077,2025-01-27 21:00:00,LINE-01,126,2
2078,2025-01-27 21:15:00,LINE-02,80,2
2079,2025-01-27 21:30:00,LINE-03,114,4
2080,2025-01-27 21:45:00,LINE-04,81,2
2081,2025-01-27 22:00:00,LINE-01,121,3
2082,2025-01-27 22:15:00,LINE-02,111,3
2083,2025-01-27 22:30:00,LINE-03,101,3
2084,2025-01-27 22:45:00,LINE-04,109,1
2085,2025-01-27 23:00:00,LINE-01,109,2
2086,2025-01-27 23:15:00,LINE-02,120,2
2087,2025-01-27 23:30:00,LINE-03,129,3
2088,2025-01-27 23:45:00,LINE-04,91,2
2089,2025-01-28 00:00:00,LINE-01,140,4
2090,2025-01-28 00:15:00,LINE-02,135,4
2091,2025-01-28 00:30:00,LINE-03,95,2
2092,2025-01-28 00:45:00,LINE-04,116,2
2093,2025-01-28 01:00:00,LINE-01,122,2
2094,2025-01-28 01:15:00,LINE-02,87,1
2095,2025-01-28 01:30:00,LINE-03,90,2
2096,2025-01-28 01:45:00,LINE-04,105,2
2097,2025-01-28 02:00:00,LINE-01,140,4
2098,2025-01-28 02:15:00,LINE-02,91,1
2099,2025-01-28 02:30:00,LINE-03,121,4
2100,2025-01-28 02:45:00,LINE-04,115,3
2101,2025-01-28 03:00:00,LINE-01,97,2
2102,2025-01-28 03:15:00,LINE-02,87,1
2103,2025-01-28 03:30:00,LINE-03,81,2
2104,2025-01-28 03:45:00,LINE-04,85,2
2105,2025-01-28 04:00:00,LINE-01,114,2
2106,2025-01-28 04:15:00,LINE-02,132,2
2107,2025-01-28 04:30:00,LINE-03,106,3
2108,2025-01-28 04:45:00,LINE-04,102,1
2109,2025-01-28 05:00:00,LINE-01,96,2
2110,2025-01-28 05:15:00,LINE-02,83,2
2111,2025-01-28 05:30:00,LINE-03,138,3
2112,2025-01-28 05:45:00,LINE-04,118,2
2113,2025-01-28 06:00:00,LINE-01,110,3
2114,2025-01-28 06:15:00,LINE-02,110,2
2115,2025-01-28 06:30:00,LINE-03,110,4
2116,2025-01-28 06:45:00,LINE-04,90,2
2117,2025-01-28 07:00:00,LINE-01,123,2
2118,2025-01-28 07:15:00,LINE-02,104,3
2119,2025-01-28 07:30:00,LINE-03,100,3
2120,2025-01-28 07:45:00,LINE-04,92,1
2121,2025-01-28 08:00:00,LINE-01,118,3
2122,2025-01-28 08:15:00,LINE-02,104,2
2123,2025-01-28 08:30:00,LINE-03,119,4
2124,2025-01-28 08:45:00,LINE-04,98,2
2125,2025-01-28 09:00:00,LINE-01,134,3
2126,2025-01-28 09:15:00,LINE-02,94,2
2127,2025-01-28 09:30:00,LINE-03,136,4
2128,2025-01-28 09:45:00,LINE-04,107,1
2129,2025-01-28 10:00:00,LINE-01,122,2
2130,2025-01-28 10:15:00,LINE-02,136,4
2131,2025-01-28 10:30:00,LINE-03,100,2
2132,2025-01-28 10:45:00,LINE-04,87,2
2133,2025-01-28 11:00:00,LINE-01,82,2
2134,2025-01-28 11:15:00,LINE-02,123,4
2135,2025-01-28 11:30:00,LINE-03,86,3
2136,2025-01-28 11:45:00,LINE-04,100,3
2137,2025-01-28 12:00:00,LINE-01,127,3
2138,2025-01-28 12:15:00,LINE-02,103,2
2139,2025-01-28 12:30:00,LINE-03,128,4
2140,2025-01-28 12:45:00,LINE-04,137,3
2141,2025-01-28 13:00:00,LINE-01,126,4
2142,2025-01-28 13:15:00,LINE-02,105,3
2143,2025-01-28 13:30:00,LINE-03,104,4
2144,2025-01-28 13:45:00,LINE-04,113,2
2145,2025-01-28 14:00:00,LINE-01,130,3
2146,2025-01-28 14:15:00,LINE-02,88,2
2147,2025-01-28 14:30:00,LINE-03,120,3
2148,2025-01-28 14:45:00,LINE-04,133,4
2149,2025-01-28 15:00:00,LINE-01,89,2
2150,2025-01-28 15:15:00,LINE-02,120,3
2151,2025-01-28 15:30:00,LINE-03,127,4
2152,2025-01-28 15:45:00,LINE-04,104,2
2153,2025-01-28 16:00:00,LINE-01,100,3
2154,2025-01-28 16:15:00,LINE-02,107,2
2155,2025-01-28 16:30:00,LINE-03,118,4
2156,2025-01-28 16:45:00,LINE-04,108,2
2157,2025-01-28 17:00:00,LINE-01,138,2
2158,2025-01-28 17:15:00,LINE-02,87,2
2159,2025-01-28 17:30:00,LINE-03,117,3
2160,2025-01-28 17:45:00,LINE-04,84,2
2161,2025-01-28 18:00:00,LINE-01,95,2
2162,2025-01-28 18:15:00,LINE-02,108,2
2163,2025-01-28 18:30:00,LINE-03,100,2
2164,2025-01-28 18:45:00,LINE-04,80,1
2165,2025-01-28 19:00:00,LINE-01,98,3
2166,2025-01-28 19:15:00,LINE-02,100,1
2167,2025-01-28 19:30:00,LINE-03,127,4
2168,2025-01-28 19:45:00,LINE-04,89,1
2169,2025-01-28 20:00:00,LINE-01,115,3
2170,2025-01-28 20:15:00,LINE-02,83,2
2171,2025-01-28 20:30:00,LINE-03,137,4
2172,2025-01-28 20:45:00,LINE-04,90,2
2173,2025-01-28 21:00:00,LINE-01,87,2
2174,2025-01-28 21:15:00,LINE-02,83,2
2175,2025-01-28 21:30:00,LINE-03,124,3
2176,2025-01-28 21:45:00,LINE-04,111,1
2177,2025-01-28 22:00:00,LINE-01,94,3
2178,2025-01-28 22:15:00,LINE-02,131,3
2179,2025-01-28 22:30:00,LINE-03,88,2
2180,2025-01-28 22:45:00,LINE-04,92,3
2181,2025-01-28 23:00:00,LINE-01,123,3
2182,2025-01-28 23:15:00,LINE-02,133,4
2183,2025-01-28 23:30:00,LINE-03,126,3
2184,2025-01-28 23:45:00,LINE-04,134,2
2185,2025-01-29 00:00:00,LINE-01,124,3
2186,2025-01-29 00:15:00,LINE-02,127,4
2187,2025-01-29 00:30:00,LINE-03,97,2
2188,2025-01-29 00:45:00,LINE-04,95,1
2189,2025-01-29 01:00:00,LINE-01,91,1
2190,2025-01-29 01:15:00,LINE-02,125,2
2191,2025-01-29 01:30:00,LINE-03,104,3
2192,2025-01-29 01:45:00,LINE-04,92,2
2193,2025-01-29 02:00:00,LINE-01,96,2
2194,2025-01-29 02:15:00,LINE-02,119,3
2195,2025-01-29 02:30:00,LINE-03,93,2
2196,2025-01-29 02:45:00,LINE-04,139,2
2197,2025-01-29 03:00:00,LINE-01,109,3
2198,2025-01-29 03:15:00,LINE-02,100,2
2199,2025-01-29 03:30:00,LINE-03,115,3
2200,2025-01-29 03:45:00,LINE-04,140,2
2201,2025-01-29 04:00:00,LINE-01,106,2
2202,2025-01-29 04:15:00,LINE-02,122,4
2203,2025-01-29 04:30:00,LINE-03,98,3
2204,2025-01-29 04:45:00,LINE-04,122,2
2205,2025-01-29 05:00:00,LINE-01,106,1
2206,2025-01-29 05:15:00,LINE-02,98,1
2207,2025-01-29 05:30:00,LINE-03,88,3
2208,2025-01-29 05:45:00,LINE-04,130,4
2209,2025-01-29 06:00:00,LINE-01,91,2
2210,2025-01-29 06:15:00,LINE-02,134,2
2211,2025-01-29 06:30:00,LINE-03,102,3
2212,2025-01-29 06:45:00,LINE-04,116,3
2213,2025-01-29 07:00:00,LINE-01,140,3
2214,2025-01-29 07:15:00,LINE-02,123,3
2215,2025-01-29 07:30:00,LINE-03,113,3
2216,2025-01-29 07:45:00,LINE-04,113,3
2217,2025-01-29 08:00:00,LINE-01,127,4
2218,2025-01-29 08:15:00,LINE-02,93,2
2219,2025-01-29 08:30:00,LINE-03,117,4
2220,2025-01-29 08:45:00,LINE-04,127,3
2221,2025-01-29 09:00:00,LINE-01,92,2
2222,2025-01-29 09:15:00,LINE-02,114,2
2223,2025-01-29 09:30:00,LINE-03,82,3
2224,2025-01-29 09:45:00,LINE-04,97,1
2225,2025-01-29 10:00:00,LINE-01,100,3
2226,2025-01-29 10:15:00,LINE-02,102,3
2227,2025-01-29 10:30:00,LINE-03,129,3
2228,2025-01-29 10:45:00,LINE-04,85,2
2229,2025-01-29 11:00:00,LINE-01,107,3
2230,2025-01-29 11:15:00,LINE-02,92,2
2231,2025-01-29 11:30:00,LINE-03,138,5
2232,2025-01-29 11:45:00,LINE-04,103,2
2233,2025-01-29 12:00:00,LINE-01,87,2
2234,2025-01-29 12:15:00,LINE-02,105,1
2235,2025-01-29 12:30:00,LINE-03,93,3
2236,2025-01-29 12:45:00,LINE-04,95,3
2237,2025-01-29 13:00:00,LINE-01,111,3
2238,2025-01-29 13:15:00,LINE-02,122,3
2239,2025-01-29 13:30:00,LINE-03,88,3
2240,2025-01-29 13:45:00,LINE-04,109,2
2241,2025-01-29 14:00:00,LINE-01,103,3
2242,2025-01-29 14:15:00,LINE-02,80,1
2243,2025-01-29 14:30:00,LINE-03,101,2
2244,2025-01-29 14:45:00,LINE-04,107,2
2245,2025-01-29 15:00:00,LINE-01,88,2
2246,2025-01-29 15:15:00,LINE-02,88,3
2247,2025-01-29 15:30:00,LINE-03,114,3
2248,2025-01-29 15:45:00,LINE-04,134,3
2249,2025-01-29 16:00:00,LINE-01,113,1
2250,2025-01-29 16:15:00,LINE-02,113,2
2251,2025-01-29 16:30:00,LINE-03,115,2
2252,2025-01-29 16:45:00,LINE-04,114,2
2253,2025-01-29 17:00:00,LINE-01,96,2
2254,2025-01-29 17:15:00,LINE-02,110,2
2255,2025-01-29 17:30:00,LINE-03,126,4
2256,2025-01-29 17:45:00,LINE-04,140,2
2257,2025-01-29 18:00:00,LINE-01,107,2
2258,2025-01-29 18:15:00,LINE-02,81,1
2259,2025-01-29 18:30:00,LINE-03,112,3
2260,2025-01-29 18:45:00,LINE-04,127,2
2261,2025-01-29 19:00:00,LINE-01,113,3
2262,2025-01-29 19:15:00,LINE-02,111,2
2263,2025-01-29 19:30:00,LINE-03,100,3
2264,2025-01-29 19:45:00,LINE-04,106,2
2265,2025-01-29 20:00:00,LINE-01,133,2
2266,2025-01-29 20:15:00,LINE-02,112,3
2267,2025-01-29 20:30:00,LINE-03,125,5
2268,2025-01-29 20:45:00,LINE-04,120,3
2269,2025-01-29 21:00:00,LINE-01,97,2
2270,2025-01-29 21:15:00,LINE-02,81,2
2271,2025-01-29 21:30:00,LINE-03,128,4
2272,2025-01-29 21:45:00,LINE-04,139,3
2273,2025-01-29 22:00:00,LINE-01,115,2
2274,2025-01-29 22:15:00,LINE-02,87,2
2275,2025-01-29 22:30:00,LINE-03,112,2
2276,2025-01-29 22:45:00,LINE-04,92,3
2277,2025-01-29 23:00:00,LINE-01,127,2
2278,2025-01-29 23:15:00,LINE-02,80,2
2279,2025-01-29 23:30:00,LINE-03,131,3
2280,2025-01-29 23:45:00,LINE-04,80,2
2281,2025-01-30 00:00:00,LINE-01,108,1
2282,2025-01-30 00:15:00,LINE-02,135,4
2283,2025-01-30 00:30:00,LINE-03,138,4
2284,2025-01-30 00:45:00,LINE-04,80,1
2285,2025-01-30 01:00:00,LINE-01,91,3
2286,2025-01-30 01:15:00,LINE-02,128,3
2287,2025-01-30 01:30:00,LINE-03,134,4
2288,2025-01-30 01:45:00,LINE-04,123,3
2289,2025-01-30 02:00:00,LINE-01,97,2
2290,2025-01-30 02:15:00,LINE-02,124,4
2291,2025-01-30 02:30:00,LINE-03,85,2
2292,2025-01-30 02:45:00,LINE-04,119,3
2293,2025-01-30 03:00:00,LINE-01,94,1
2294,2025-01-30 03:15:00,LINE-02,124,3
2295,2025-01-30 03:30:00,LINE-03,96,3
2296,2025-01-30 03:45:00,LINE-04,137,3
2297,2025-01-30 04:00:00,LINE-01,120,3
2298,2025-01-30 04:15:00,LINE-02,125,3
2299,2025-01-30 04:30:00,LINE-03,136,4
2300,2025-01-30 04:45:00,LINE-04,132,2
2301,2025-01-30 05:00:00,LINE-01,97,2
2302,2025-01-30 05:15:00,LINE-02,96,3
2303,2025-01-30 05:30:00,LINE-03,106,4
2304,2025-01-30 05:45:00,LINE-04,129,3
2305,2025-01-30 06:00:00,LINE-01,86,2
2306,2025-01-30 06:15:00,LINE-02,93,2
2307,2025-01-30 06:30:00,LINE-03,102,3
2308,2025-01-30 06:45:00,LINE-04,110,3
2309,2025-01-30 07:00:00,LINE-01,92,2
2310,2025-01-30 07:15:00,LINE-02,107,3
2311,2025-01-30 07:30:00,LINE-03,115,3
2312,2025-01-30 07:45:00,LINE-04,108,2
2313,2025-01-30 08:00:00,LINE-01,134,4
2314,2025-01-30 08:15:00,LINE-02,115,3
2315,2025-01-30 08:30:00,LINE-03,130,4
2316,2025-01-30 08:45:00,LINE-04,131,3
2317,2025-01-30 09:00:00,LINE-01,121,3
2318,2025-01-30 09:15:00,LINE-02,107,2
2319,2025-01-30 09:30:00,LINE-03,135,4
2320,2025-01-30 09:45:00,LINE-04,134,3
2321,2025-01-30 10:00:00,LINE-01,128,2
2322,2025-01-30 10:15:00,LINE-02,122,2
2323,2025-01-30 10:30:00,LINE-03,90,2
2324,2025-01-30 10:45:00,LINE-04,94,2
2325,2025-01-30 11:00:00,LINE-01,84,2
2326,2025-01-30 11:15:00,LINE-02,137,2
2327,2025-01-30 11:30:00,LINE-03,93,2
2328,2025-01-30 11:45:00,LINE-04,100,2
2329,2025-01-30 12:00:00,LINE-01,130,2
2330,2025-01-30 12:15:00,LINE-02,101,1
2331,2025-01-30 12:30:00,LINE-03,93,3
2332,2025-01-30 12:45:00,LINE-04,84,2
2333,2025-01-30 13:00:00,LINE-01,93,1
2334,2025-01-30 13:15:00,LINE-02,139,3
2335,2025-01-30 13:30:00,LINE-03,109,4
2336,2025-01-30 13:45:00,LINE-04,133,3
2337,2025-01-30 14:00:00,LINE-01,88,3
2338,2025-01-30 14:15:00,LINE-02,122,2
2339,2025-01-30 14:30:00,LINE-03,110,4
2340,2025-01-30 14:45:00,LINE-04,121,3
2341,2025-01-30 15:00:00,LINE-01,95,2
2342,2025-01-30 15:15:00,LINE-02,91,2
2343,2025-01-30 15:30:00,LINE-03,138,4
2344,2025-01-30 15:45:00,LINE-04,110,2
2345,2025-01-30 16:00:00,LINE-01,83,1
2346,2025-01-30 16:15:00,LINE-02,104,2
2347,2025-01-30 16:30:00,LINE-03,129,3
2348,2025-01-30 16:45:00,LINE-04,91,3
2349,2025-01-30 17:00:00,LINE-01,108,1
2350,2025-01-30 17:15:00,LINE-02,86,2
2351,2025-01-30 17:30:00,LINE-03,140,4
2352,2025-01-30 17:45:00,LINE-04,93,2
2353,2025-01-30 18:00:00,LINE-01,122,3
2354,2025-01-30 18:15:00,LINE-02,94,2
2355,2025-01-30 18:30:00,LINE-03,124,4
2356,2025-01-30 18:45:00,LINE-04,90,2
2357,2025-01-30 19:00:00,LINE-01,93,2
2358,2025-01-30 19:15:00,LINE-02,83,1
2359,2025-01-30 19:30:00,LINE-03,84,2
2360,2025-01-30 19:45:00,LINE-04,116,3
2361,2025-01-30 20:00:00,LINE-01,133,3
2362,2025-01-30 20:15:00,LINE-02,90,1
2363,2025-01-30 20:30:00,LINE-03,133,3
2364,2025-01-30 20:45:00,LINE-04,128,3
2365,2025-01-30 21:00:00,LINE-01,103,3
2366,2025-01-30 21:15:00,LINE-02,101,3
2367,2025-01-30 21:30:00,LINE-03,136,3
2368,2025-01-30 21:45:00,LINE-04,100,3
2369,2025-01-30 22:00:00,LINE-01,90,3
2370,2025-01-30 22:15:00,LINE-02,85,2
2371,2025-01-30 22:30:00,LINE-03,123,3
2372,2025-01-30 22:45:00,LINE-04,95,3
2373,2025-01-30 23:00:00,LINE-01,117,3
2374,2025-01-30 23:15:00,LINE-02,140,2
2375,2025-01-30 23:30:00,LINE-03,135,3
2376,2025-01-30 23:45:00,LINE-04,121,2
2377,2025-01-31 00:00:00,LINE-01,113,3
2378,2025-01-31 00:15:00,LINE-02,125,3
2379,2025-01-31 00:30:00,LINE-03,83,3
2380,2025-01-31 00:45:00,LINE-04,118,3
2381,2025-01-31 01:00:00,LINE-01,94,1
2382,2025-01-31 01:15:00,LINE-02,92,3
2383,2025-01-31 01:30:00,LINE-03,102,3
2384,2025-01-31 01:45:00,LINE-04,95,1
2385,2025-01-31 02:00:00,LINE-01,131,2
2386,2025-01-31 02:15:00,LINE-02,80,1
2387,2025-01-31 02:30:00,LINE-03,135,4
2388,2025-01-31 02:45:00,LINE-04,122,3
2389,2025-01-31 03:00:00,LINE-01,92,1
2390,2025-01-31 03:15:00,LINE-02,121,2
2391,2025-01-31 03:30:00,LINE-03,90,3
2392,2025-01-31 03:45:00,LINE-04,113,2
2393,2025-01-31 04:00:00,LINE-01,112,2
2394,2025-01-31 04:15:00,LINE-02,94,2
2395,2025-01-31 04:30:00,LINE-03,88,2
2396,2025-01-31 04:45:00,LINE-04,112,3
2397,2025-01-31 05:00:00,LINE-01,83,2
2398,2025-01-31 05:15:00,LINE-02,98,1
2399,2025-01-31 05:30:00,LINE-03,103,2
2400,2025-01-31 05:45:00,LINE-04,85,2
2401,2025-01-31 06:00:00,LINE-01,81,1
2402,2025-01-31 06:15:00,LINE-02,127,3
2403,2025-01-31 06:30:00,LINE-03,106,3
2404,2025-01-31 06:45:00,LINE-04,100,2
2405,2025-01-31 07:00:00,LINE-01,101,2
2406,2025-01-31 07:15:00,LINE-02,85,1
2407,2025-01-31 07:30:00,LINE-03,90,2
2408,2025-01-31 07:45:00,LINE-04,80,2
2409,2025-01-31 08:00:00,LINE-01,82,2
2410,2025-01-31 08:15:00,LINE-02,113,2
2411,2025-01-31 08:30:00,LINE-03,128,4
2412,2025-01-31 08:45:00,LINE-04,119,3
2413,2025-01-31 09:00:00,LINE-01,101,2
2414,2025-01-31 09:15:00,LINE-02,89,2
2415,2025-01-31 09:30:00,LINE-03,89,2
2416,2025-01-31 09:45:00,LINE-04,105,3
2417,2025-01-31 10:00:00,LINE-01,124,2
2418,2025-01-31 10:15:00,LINE-02,83,2
2419,2025-01-31 10:30:00,LINE-03,133,4
2420,2025-01-31 10:45:00,LINE-04,96,2
2421,2025-01-31 11:00:00,LINE-01,96,2
2422,2025-01-31 11:15:00,LINE-02,123,2
2423,2025-01-31 11:30:00,LINE-03,115,3
2424,2025-01-31 11:45:00,LINE-04,82,1
2425,2025-01-31 12:00:00,LINE-01,95,2
2426,2025-01-31 12:15:00,LINE-02,92,3
2427,2025-01-31 12:30:00,LINE-03,115,2
2428,2025-01-31 12:45:00,LINE-04,118,3
2429,2025-01-31 13:00:00,LINE-01,100,2
2430,2025-01-31 13:15:00,LINE-02,86,2
2431,2025-01-31 13:30:00,LINE-03,95,2
2432,2025-01-31 13:45:00,LINE-04,135,2
2433,2025-01-31 14:00:00,LINE-01,140,4
2434,2025-01-31 14:15:00,LINE-02,130,2
2435,2025-01-31 14:30:00,LINE-03,98,3
2436,2025-01-31 14:45:00,LINE-04,93,3
2437,2025-01-31 15:00:00,LINE-01,83,2
2438,2025-01-31 15:15:00,LINE-02,134,3
2439,2025-01-31 15:30:00,LINE-03,112,2
2440,2025-01-31 15:45:00,LINE-04,116,2
2441,2025-01-31 16:00:00,LINE-01,104,2
2442,2025-01-31 16:15:00,LINE-02,93,1
2443,2025-01-31 16:30:00,LINE-03,111,3
2444,2025-01-31 16:45:00,LINE-04,117,3
2445,2025-01-31 17:00:00,LINE-01,86,2
2446,2025-01-31 17:15:00,LINE-02,81,2
2447,2025-01-31 17:30:00,LINE-03,87,3
2448,2025-01-31 17:45:00,LINE-04,104,3
2449,2025-01-31 18:00:00,LINE-01,82,1
2450,2025-01-31 18:15:00,LINE-02,109,3
2451,2025-01-31 18:30:00,LINE-03,103,2
2452,2025-01-31 18:45:00,LINE-04,103,2
2453,2025-01-31 19:00:00,LINE-01,133,3
2454,2025-01-31 19:15:00,LINE-02,124,2
2455,2025-01-31 19:30:00,LINE-03,90,3
2456,2025-01-31 19:45:00,LINE-04,87,2
2457,2025-01-31 20:00:00,LINE-01,140,4
2458,2025-01-31 20:15:00,LINE-02,130,3
2459,2025-01-31 20:30:00,LINE-03,133,4
2460,2025-01-31 20:45:00,LINE-04,115,2
2461,2025-01-31 21:00:00,LINE-01,133,2
2462,2025-01-31 21:15:00,LINE-02,100,3
2463,2025-01-31 21:30:00,LINE-03,138,4
2464,2025-01-31 21:45:00,LINE-04,109,3
2465,2025-01-31 22:00:00,LINE-01,91,1
2466,2025-01-31 22:15:00,LINE-02,134,2
2467,2025-01-31 22:30:00,LINE-03,95,3
2468,2025-01-31 22:45:00,LINE-04,101,2
2469,2025-01-31 23:00:00,LINE-01,114,1
2470,2025-01-31 23:15:00,LINE-02,126,3
2471,2025-01-31 23:30:00,LINE-03,86,3
2472,2025-01-31 23:45:00,LINE-04,95,2
2473,2025-02-01 00:00:00,LINE-01,85,1
2474,2025-02-01 00:15:00,LINE-02,92,3
2475,2025-02-01 00:30:00,LINE-03,139,5
2476,2025-02-01 00:45:00,LINE-04,103,2
2477,2025-02-01 01:00:00,LINE-01,87,1
2478,2025-02-01 01:15:00,LINE-02,82,2
2479,2025-02-01 01:30:00,LINE-03,139,3
2480,2025-02-01 01:45:00,LINE-04,135,4
2481,2025-02-01 02:00:00,LINE-01,104,3
2482,2025-02-01 02:15:00,LINE-02,95,2
2483,2025-02-01 02:30:00,LINE-03,87,2
2484,2025-02-01 02:45:00,LINE-04,111,2
2485,2025-02-01 03:00:00,LINE-01,118,2
2486,2025-02-01 03:15:00,LINE-02,84,1
2487,2025-02-01 03:30:00,LINE-03,121,3
2488,2025-02-01 03:45:00,LINE-04,98,2
2489,2025-02-01 04:00:00,LINE-01,122,2
2490,2025-02-01 04:15:00,LINE-02,82,2
2491,2025-02-01 04:30:00,LINE-03,85,2
2492,2025-02-01 04:45:00,LINE-04,103,2
2493,2025-02-01 05:00:00,LINE-01,91,1
2494,2025-02-01 05:15:00,LINE-02,93,2
2495,2025-02-01 05:30:00,LINE-03,102,2
2496,2025-02-01 05:45:00,LINE-04,117,3
2497,2025-02-01 06:00:00,LINE-01,121,2
2498,2025-02-01 06:15:00,LINE-02,95,1
2499,2025-02-01 06:30:00,LINE-03,139,5
2500,2025-02-01 06:45:00,LINE-04,85,2
2501,2025-02-01 07:00:00,LINE-01,92,3
2502,2025-02-01 07:15:00,LINE-02,100,2
2503,2025-02-01 07:30:00,LINE-03,131,3
2504,2025-02-01 07:45:00,LINE-04,99,1
2505,2025-02-01 08:00:00,LINE-01,98,1
2506,2025-02-01 08:15:00,LINE-02,94,3
2507,2025-02-01 08:30:00,LINE-03,124,5
2508,2025-02-01 08:45:00,LINE-04,80,2
2509,2025-02-01 09:00:00,LINE-01,132,2
2510,2025-02-01 09:15:00,LINE-02,94,3
2511,2025-02-01 09:30:00,LINE-03,124,3
2512,2025-02-01 09:45:00,LINE-04,93,3
2513,2025-02-01 10:00:00,LINE-01,106,3
2514,2025-02-01 10:15:00,LINE-02,130,4
2515,2025-02-01 10:30:00,LINE-03,92,2
2516,2025-02-01 10:45:00,LINE-04,103,2
2517,2025-02-01 11:00:00,LINE-01,87,2
2518,2025-02-01 11:15:00,LINE-02,97,2
2519,2025-02-01 11:30:00,LINE-03,130,5
2520,2025-02-01 11:45:00,LINE-04,97,2
2521,2025-02-01 12:00:00,LINE-01,132,3
2522,2025-02-01 12:15:00,LINE-02,85,3
2523,2025-02-01 12:30:00,LINE-03,122,4
2524,2025-02-01 12:45:00,LINE-04,109,2
2525,2025-02-01 13:00:00,LINE-01,109,2
2526,2025-02-01 13:15:00,LINE-02,135,4
2527,2025-02-01 13:30:00,LINE-03,107,2
2528,2025-02-01 13:45:00,LINE-04,91,2
2529,2025-02-01 14:00:00,LINE-01,111,3
2530,2025-02-01 14:15:00,LINE-02,87,2
2531,2025-02-01 14:30:00,LINE-03,93,2
2532,2025-02-01 14:45:00,LINE-04,132,2
2533,2025-02-01 15:00:00,LINE-01,124,4
2534,2025-02-01 15:15:00,LINE-02,83,1
2535,2025-02-01 15:30:00,LINE-03,89,3
2536,2025-02-01 15:45:00,LINE-04,109,2
2537,2025-02-01 16:00:00,LINE-01,127,2
2538,2025-02-01 16:15:00,LINE-02,89,1
2539,2025-02-01 16:30:00,LINE-03,85,2
2540,2025-02-01 16:45:00,LINE-04,130,2
2541,2025-02-01 17:00:00,LINE-01,82,1
2542,2025-02-01 17:15:00,LINE-02,135,3
2543,2025-02-01 17:30:00,LINE-03,107,4
2544,2025-02-01 17:45:00,LINE-04,136,3
2545,2025-02-01 18:00:00,LINE-01,97,2
2546,2025-02-01 18:15:00,LINE-02,133,4
2547,2025-02-01 18:30:00,LINE-03,95,2
2548,2025-02-01 18:45:00,LINE-04,101,2
2549,2025-02-01 19:00:00,LINE-01,129,3
2550,2025-02-01 19:15:00,LINE-02,115,2
2551,2025-02-01 19:30:00,LINE-03,93,3
2552,2025-02-01 19:45:00,LINE-04,82,2
2553,2025-02-01 20:00:00,LINE-01,92,2
2554,2025-02-01 20:15:00,LINE-02,81,2
2555,2025-02-01 20:30:00,LINE-03,92,3
2556,2025-02-01 20:45:00,LINE-04,121,3
2557,2025-02-01 21:00:00,LINE-01,125,2
2558,2025-02-01 21:15:00,LINE-02,138,3
2559,2025-02-01 21:30:00,LINE-03,88,3
2560,2025-02-01 21:45:00,LINE-04,99,1
2561,2025-02-01 22:00:00,LINE-01,107,3
2562,2025-02-01 22:15:00,LINE-02,139,2
2563,2025-02-01 22:30:00,LINE-03,125,3
2564,2025-02-01 22:45:00,LINE-04,122,3
2565,2025-02-01 23:00:00,LINE-01,99,1
2566,2025-02-01 23:15:00,LINE-02,112,3
2567,2025-02-01 23:30:00,LINE-03,107,3
2568,2025-02-01 23:45:00,LINE-04,100,2
2569,2025-02-02 00:00:00,LINE-01,90,1
2570,2025-02-02 00:15:00,LINE-02,100,3
2571,2025-02-02 00:30:00,LINE-03,94,3
2572,2025-02-02 00:45:00,LINE-04,140,3
2573,2025-02-02 01:00:00,LINE-01,114,2
2574,2025-02-02 01:15:00,LINE-02,127,2
2575,2025-02-02 01:30:00,LINE-03,115,4
2576,2025-02-02 01:45:00,LINE-04,84,2
2577,2025-02-02 02:00:00,LINE-01,127,4
2578,2025-02-02 02:15:00,LINE-02,134,3
2579,2025-02-02 02:30:00,LINE-03,137,4
2580,2025-02-02 02:45:00,LINE-04,88,2
2581,2025-02-02 03:00:00,LINE-01,100,1
2582,2025-02-02 03:15:00,LINE-02,127,2
2583,2025-02-02 03:30:00,LINE-03,116,4
2584,2025-02-02 03:45:00,LINE-04,132,2
2585,2025-02-02 04:00:00,LINE-01,125,3
2586,2025-02-02 04:15:00,LINE-02,101,2
2587,2025-02-02 04:30:00,LINE-03,123,3
2588,2025-02-02 04:45:00,LINE-04,107,2
2589,2025-02-02 05:00:00,LINE-01,124,3
2590,2025-02-02 05:15:00,LINE-02,94,1
2591,2025-02-02 05:30:00,LINE-03,99,3
2592,2025-02-02 05:45:00,LINE-04,105,2
2593,2025-02-02 06:00:00,LINE-01,103,2
2594,2025-02-02 06:15:00,LINE-02,112,3
2595,2025-02-02 06:30:00,LINE-03,112,4
2596,2025-02-02 06:45:00,LINE-04,114,3
2597,2025-02-02 07:00:00,LINE-01,109,1
2598,2025-02-02 07:15:00,LINE-02,125,2
2599,2025-02-02 07:30:00,LINE-03,93,2
2600,2025-02-02 07:45:00,LINE-04,93,1
2601,2025-02-02 08:00:00,LINE-01,128,2
2602,2025-02-02 08:15:00,LINE-02,119,3
2603,2025-02-02 08:30:00,LINE-03,129,5
2604,2025-02-02 08:45:00,LINE-04,96,2
2605,2025-02-02 09:00:00,LINE-01,101,1
2606,2025-02-02 09:15:00,LINE-02,98,2
2607,2025-02-02 09:30:00,LINE-03,93,3
2608,2025-02-02 09:45:00,LINE-04,132,4
2609,2025-02-02 10:00:00,LINE-01,125,2
2610,2025-02-02 10:15:00,LINE-02,126,2
2611,2025-02-02 10:30:00,LINE-03,138,5
2612,2025-02-02 10:45:00,LINE-04,93,1
2613,2025-02-02 11:00:00,LINE-01,80,2
2614,2025-02-02 11:15:00,LINE-02,112,2
2615,2025-02-02 11:30:00,LINE-03,107,4
2616,2025-02-02 11:45:00,LINE-04,120,2
2617,2025-02-02 12:00:00,LINE-01,124,2
2618,2025-02-02 12:15:00,LINE-02,127,4
2619,2025-02-02 12:30:00,LINE-03,103,3
2620,2025-02-02 12:45:00,LINE-04,135,4
2621,2025-02-02 13:00:00,LINE-01,101,3
2622,2025-02-02 13:15:00,LINE-02,125,2
2623,2025-02-02 13:30:00,LINE-03,101,3
2624,2025-02-02 13:45:00,LINE-04,91,2
2625,2025-02-02 14:00:00,LINE-01,109,2
2626,2025-02-02 14:15:00,LINE-02,105,2
2627,2025-02-02 14:30:00,LINE-03,98,3
2628,2025-02-02 14:45:00,LINE-04,125,2
2629,2025-02-02 15:00:00,LINE-01,123,3
2630,2025-02-02 15:15:00,LINE-02,101,2
2631,2025-02-02 15:30:00,LINE-03,110,3
2632,2025-02-02 15:45:00,LINE-04,111,3
2633,2025-02-02 16:00:00,LINE-01,120,2
2634,2025-02-02 16:15:00,LINE-02,126,3
2635,2025-02-02 16:30:00,LINE-03,103,3
2636,2025-02-02 16:45:00,LINE-04,102,2
2637,2025-02-02 17:00:00,LINE-01,134,2
2638,2025-02-02 17:15:00,LINE-02,101,1
2639,2025-02-02 17:30:00,LINE-03,92,3
2640,2025-02-02 17:45:00,LINE-04,136,3
2641,2025-02-02 18:00:00,LINE-01,114,2
2642,2025-02-02 18:15:00,LINE-02,128,2
2643,2025-02-02 18:30:00,LINE-03,110,3
2644,2025-02-02 18:45:00,LINE-04,101,3
2645,2025-02-02 19:00:00,LINE-01,109,3
2646,2025-02-02 19:15:00,LINE-02,115,2
2647,2025-02-02 19:30:00,LINE-03,138,5
2648,2025-02-02 19:45:00,LINE-04,101,3
2649,2025-02-02 20:00:00,LINE-01,82,1
2650,2025-02-02 20:15:00,LINE-02,100,1
2651,2025-02-02 20:30:00,LINE-03,92,3
2652,2025-02-02 20:45:00,LINE-04,101,2
2653,2025-02-02 21:00:00,LINE-01,124,3
2654,2025-02-02 21:15:00,LINE-02,86,1
2655,2025-02-02 21:30:00,LINE-03,130,3
2656,2025-02-02 21:45:00,LINE-04,123,3
2657,2025-02-02 22:00:00,LINE-01,114,3
2658,2025-02-02 22:15:00,LINE-02,95,3
2659,2025-02-02 22:30:00,LINE-03,115,3
2660,2025-02-02 22:45:00,LINE-04,100,3
2661,2025-02-02 23:00:00,LINE-01,85,1
2662,2025-02-02 23:15:00,LINE-02,90,2
2663,2025-02-02 23:30:00,LINE-03,96,2
2664,2025-02-02 23:45:00,LINE-04,110,2
2665,2025-02-03 00:00:00,LINE-01,98,2
2666,2025-02-03 00:15:00,LINE-02,119,2
2667,2025-02-03 00:30:00,LINE-03,132,5
2668,2025-02-03 00:45:00,LINE-04,96,2
2669,2025-02-03 01:00:00,LINE-01,113,3
2670,2025-02-03 01:15:00,LINE-02,125,4
2671,2025-02-03 01:30:00,LINE-03,87,2
2672,2025-02-03 01:45:00,LINE-04,128,3
2673,2025-02-03 02:00:00,LINE-01,85,1
2674,2025-02-03 02:15:00,LINE-02,89,2
2675,2025-02-03 02:30:00,LINE-03,120,3
2676,2025-02-03 02:45:00,LINE-04,102,2
2677,2025-02-03 03:00:00,LINE-01,135,4
2678,2025-02-03 03:15:00,LINE-02,115,2
2679,2025-02-03 03:30:00,LINE-03,106,3
2680,2025-02-03 03:45:00,LINE-04,137,3
2681,2025-02-03 04:00:00,LINE-01,94,3
2682,2025-02-03 04:15:00,LINE-02,119,2
2683,2025-02-03 04:30:00,LINE-03,109,3
2684,2025-02-03 04:45:00,LINE-04,127,3
2685,2025-02-03 05:00:00,LINE-01,87,1
2686,2025-02-03 05:15:00,LINE-02,85,1
2687,2025-02-03 05:30:00,LINE-03,90,2
2688,2025-02-03 05:45:00,LINE-04,129,2
2689,2025-02-03 06:00:00,LINE-01,107,2
2690,2025-02-03 06:15:00,LINE-02,137,4
2691,2025-02-03 06:30:00,LINE-03,113,4
2692,2025-02-03 06:45:00,LINE-04,138,3
2693,2025-02-03 07:00:00,LINE-01,105,2
2694,2025-02-03 07:15:00,LINE-02,87,1
2695,2025-02-03 07:30:00,LINE-03,88,2
2696,2025-02-03 07:45:00,LINE-04,103,2
2697,2025-02-03 08:00:00,LINE-01,129,4
2698,2025-02-03 08:15:00,LINE-02,138,3
2699,2025-02-03 08:30:00,LINE-03,107,2
2700,2025-02-03 08:45:00,LINE-04,120,2
2701,2025-02-03 09:00:00,LINE-01,117,3
2702,2025-02-03 09:15:00,LINE-02,124,2
2703,2025-02-03 09:30:00,LINE-03,91,2
2704,2025-02-03 09:45:00,LINE-04,114,2
2705,2025-02-03 10:00:00,LINE-01,133,4
2706,2025-02-03 10:15:00,LINE-02,120,2
2707,2025-02-03 10:30:00,LINE-03,103,2
2708,2025-02-03 10:45:00,LINE-04,110,3
2709,2025-02-03 11:00:00,LINE-01,113,3
2710,2025-02-03 11:15:00,LINE-02,138,2
2711,2025-02-03 11:30:00,LINE-03,86,2
2712,2025-02-03 11:45:00,LINE-04,131,4
2713,2025-02-03 12:00:00,LINE-01,104,1
2714,2025-02-03 12:15:00,LINE-02,112,3
2715,2025-02-03 12:30:00,LINE-03,108,4
2716,2025-02-03 12:45:00,LINE-04,125,2
2717,2025-02-03 13:00:00,LINE-01,119,2
2718,2025-02-03 13:15:00,LINE-02,130,2
2719,2025-02-03 13:30:00,LINE-03,99,2
2720,2025-02-03 13:45:00,LINE-04,130,3
2721,2025-02-03 14:00:00,LINE-01,81,1
2722,2025-02-03 14:15:00,LINE-02,80,1
2723,2025-02-03 14:30:00,LINE-03,105,4
2724,2025-02-03 14:45:00,LINE-04,131,2
2725,2025-02-03 15:00:00,LINE-01,80,2
2726,2025-02-03 15:15:00,LINE-02,130,3
2727,2025-02-03 15:30:00,LINE-03,109,3
2728,2025-02-03 15:45:00,LINE-04,117,2
2729,2025-02-03 16:00:00,LINE-01,91,2
2730,2025-02-03 16:15:00,LINE-02,95,2
2731,2025-02-03 16:30:00,LINE-03,140,3
2732,2025-02-03 16:45:00,LINE-04,80,2
2733,2025-02-03 17:00:00,LINE-01,86,2
2734,2025-02-03 17:15:00,LINE-02,127,4
2735,2025-02-03 17:30:00,LINE-03,96,2
2736,2025-02-03 17:45:00,LINE-04,86,2
2737,2025-02-03 18:00:00,LINE-01,126,2
2738,2025-02-03 18:15:00,LINE-02,86,2
2739,2025-02-03 18:30:00,LINE-03,124,5
2740,2025-02-03 18:45:00,LINE-04,84,1
2741,2025-02-03 19:00:00,LINE-01,131,2
2742,2025-02-03 19:15:00,LINE-02,115,2
2743,2025-02-03 19:30:00,LINE-03,109,3
2744,2025-02-03 19:45:00,LINE-04,132,3
2745,2025-02-03 20:00:00,LINE-01,91,2
2746,2025-02-03 20:15:00,LINE-02,134,2
2747,2025-02-03 20:30:00,LINE-03,122,3
2748,2025-02-03 20:45:00,LINE-04,120,4
2749,2025-02-03 21:00:00,LINE-01,120,4
2750,2025-02-03 21:15:00,LINE-02,129,3
2751,2025-02-03 21:30:00,LINE-03,129,3
2752,2025-02-03 21:45:00,LINE-04,125,2
2753,2025-02-03 22:00:00,LINE-01,111,1
2754,2025-02-03 22:15:00,LINE-02,128,2
2755,2025-02-03 22:30:00,LINE-03,132,5
2756,2025-02-03 22:45:00,LINE-04,134,2
2757,2025-02-03 23:00:00,LINE-01,113,2
2758,2025-02-03 23:15:00,LINE-02,126,2
2759,2025-02-03 23:30:00,LINE-03,86,2
2760,2025-02-03 23:45:00,LINE-04,88,2
2761,2025-02-04 00:00:00,LINE-01,139,4
2762,2025-02-04 00:15:00,LINE-02,128,3
2763,2025-02-04 00:30:00,LINE-03,91,2
2764,2025-02-04 00:45:00,LINE-04,99,1
2765,2025-02-04 01:00:00,LINE-01,125,3
2766,2025-02-04 01:15:00,LINE-02,115,2
2767,2025-02-04 01:30:00,LINE-03,138,3
2768,2025-02-04 01:45:00,LINE-04,96,2
2769,2025-02-04 02:00:00,LINE-01,109,3
2770,2025-02-04 02:15:00,LINE-02,136,2
2771,2025-02-04 02:30:00,LINE-03,131,4
2772,2025-02-04 02:45:00,LINE-04,87,2
2773,2025-02-04 03:00:00,LINE-01,133,3
2774,2025-02-04 03:15:00,LINE-02,132,2
2775,2025-02-04 03:30:00,LINE-03,80,2
2776,2025-02-04 03:45:00,LINE-04,138,2
2777,2025-02-04 04:00:00,LINE-01,100,2
2778,2025-02-04 04:15:00,LINE-02,80,2
2779,2025-02-04 04:30:00,LINE-03,93,3
2780,2025-02-04 04:45:00,LINE-04,92,2
2781,2025-02-04 05:00:00,LINE-01,115,3
2782,2025-02-04 05:15:00,LINE-02,133,3
2783,2025-02-04 05:30:00,LINE-03,116,4
2784,2025-02-04 05:45:00,LINE-04,101,1
2785,2025-02-04 06:00:00,LINE-01,93,3
2786,2025-02-04 06:15:00,LINE-02,122,3
2787,2025-02-04 06:30:00,LINE-03,119,2
2788,2025-02-04 06:45:00,LINE-04,132,2
2789,2025-02-04 07:00:00,LINE-01,106,3
2790,2025-02-04 07:15:00,LINE-02,112,2
2791,2025-02-04 07:30:00,LINE-03,133,4
2792,2025-02-04 07:45:00,LINE-04,89,2
2793,2025-02-04 08:00:00,LINE-01,125,4
2794,2025-02-04 08:15:00,LINE-02,117,3
2795,2025-02-04 08:30:00,LINE-03,85,3
2796,2025-02-04 08:45:00,LINE-04,101,3
2797,2025-02-04 09:00:00,LINE-01,89,2
2798,2025-02-04 09:15:00,LINE-02,101,3
2799,2025-02-04 09:30:00,LINE-03,110,2
2800,2025-02-04 09:45:00,LINE-04,137,2
2801,2025-02-04 10:00:00,LINE-01,85,2
2802,2025-02-04 10:15:00,LINE-02,122,2
2803,2025-02-04 10:30:00,LINE-03,132,5
2804,2025-02-04 10:45:00,LINE-04,138,2
2805,2025-02-04 11:00:00,LINE-01,120,2
2806,2025-02-04 11:15:00,LINE-02,89,2
2807,2025-02-04 11:30:00,LINE-03,109,3
2808,2025-02-04 11:45:00,LINE-04,100,3
2809,2025-02-04 12:00:00,LINE-01,108,3
2810,2025-02-04 12:15:00,LINE-02,115,2
2811,2025-02-04 12:30:00,LINE-03,85,2
2812,2025-02-04 12:45:00,LINE-04,94,2
2813,2025-02-04 13:00:00,LINE-01,119,2
2814,2025-02-04 13:15:00,LINE-02,136,3
2815,2025-02-04 13:30:00,LINE-03,125,4
2816,2025-02-04 13:45:00,LINE-04,120,2
2817,2025-02-04 14:00:00,LINE-01,140,3
2818,2025-02-04 14:15:00,LINE-02,137,3
2819,2025-02-04 14:30:00,LINE-03,127,4
2820,2025-02-04 14:45:00,LINE-04,125,2
2821,2025-02-04 15:00:00,LINE-01,103,2
2822,2025-02-04 15:15:00,LINE-02,96,2
2823,2025-02-04 15:30:00,LINE-03,115,4
2824,2025-02-04 15:45:00,LINE-04,139,4
2825,2025-02-04 16:00:00,LINE-01,116,3
2826,2025-02-04 16:15:00,LINE-02,112,3
2827,2025-02-04 16:30:00,LINE-03,139,3
2828,2025-02-04 16:45:00,LINE-04,106,2
2829,2025-02-04 17:00:00,LINE-01,135,2
2830,2025-02-04 17:15:00,LINE-02,100,3
2831,2025-02-04 17:30:00,LINE-03,111,3
2832,2025-02-04 17:45:00,LINE-04,132,2
2833,2025-02-04 18:00:00,LINE-01,101,2
2834,2025-02-04 18:15:00,LINE-02,107,3
2835,2025-02-04 18:30:00,LINE-03,101,3
2836,2025-02-04 18:45:00,LINE-04,118,1
2837,2025-02-04 19:00:00,LINE-01,117,3
2838,2025-02-04 19:15:00,LINE-02,120,3
2839,2025-02-04 19:30:00,LINE-03,138,3
2840,2025-02-04 19:45:00,LINE-04,81,2
2841,2025-02-04 20:00:00,LINE-01,99,2
2842,2025-02-04 20:15:00,LINE-02,95,3
2843,2025-02-04 20:30:00,LINE-03,96,3
2844,2025-02-04 20:45:00,LINE-04,103,2
2845,2025-02-04 21:00:00,LINE-01,110,3
2846,2025-02-04 21:15:00,LINE-02,99,2
2847,2025-02-04 21:30:00,LINE-03,117,4
2848,2025-02-04 21:45:00,LINE-04,87,1
2849,2025-02-04 22:00:00,LINE-01,105,3
2850,2025-02-04 22:15:00,LINE-02,117,2
2851,2025-02-04 22:30:00,LINE-03,123,3
2852,2025-02-04 22:45:00,LINE-04,83,2
2853,2025-02-04 23:00:00,LINE-01,124,2
2854,2025-02-04 23:15:00,LINE-02,111,2
2855,2025-02-04 23:30:00,LINE-03,133,5
2856,2025-02-04 23:45:00,LINE-04,89,2
2857,2025-02-05 00:00:00,LINE-01,100,1
2858,2025-02-05 00:15:00,LINE-02,88,2
2859,2025-02-05 00:30:00,LINE-03,108,3
2860,2025-02-05 00:45:00,LINE-04,139,2
2861,2025-02-05 01:00:00,LINE-01,88,2
2862,2025-02-05 01:15:00,LINE-02,128,3
2863,2025-02-05 01:30:00,LINE-03,132,5
2864,2025-02-05 01:45:00,LINE-04,110,2
2865,2025-02-05 02:00:00,LINE-01,128,2
2866,2025-02-05 02:15:00,LINE-02,104,3
2867,2025-02-05 02:30:00,LINE-03,94,3
2868,2025-02-05 02:45:00,LINE-04,103,2
2869,2025-02-05 03:00:00,LINE-01,130,3
2870,2025-02-05 03:15:00,LINE-02,111,2
2871,2025-02-05 03:30:00,LINE-03,123,4
2872,2025-02-05 03:45:00,LINE-04,135,2
2873,2025-02-05 04:00:00,LINE-01,86,1
2874,2025-02-05 04:15:00,LINE-02,128,2
2875,2025-02-05 04:30:00,LINE-03,88,2
2876,2025-02-05 04:45:00,LINE-04,114,2
2877,2025-02-05 05:00:00,LINE-01,104,3
2878,2025-02-05 05:15:00,LINE-02,122,3
2879,2025-02-05 05:30:00,LINE-03,117,4
2880,2025-02-05 05:45:00,LINE-04,139,3
2881,2025-02-05 06:00:00,LINE-01,103,3
2882,2025-02-05 06:15:00,LINE-02,91,2
2883,2025-02-05 06:30:00,LINE-03,86,3
2884,2025-02-05 06:45:00,LINE-04,124,3
2885,2025-02-05 07:00:00,LINE-01,84,1
2886,2025-02-05 07:15:00,LINE-02,88,2
2887,2025-02-05 07:30:00,LINE-03,127,3
2888,2025-02-05 07:45:00,LINE-04,107,2
2889,2025-02-05 08:00:00,LINE-01,121,2
2890,2025-02-05 08:15:00,LINE-02,108,2
2891,2025-02-05 08:30:00,LINE-03,111,3
2892,2025-02-05 08:45:00,LINE-04,98,1
2893,2025-02-05 09:00:00,LINE-01,102,2
2894,2025-02-05 09:15:00,LINE-02,98,2
2895,2025-02-05 09:30:00,LINE-03,80,2
2896,2025-02-05 09:45:00,LINE-04,91,1
2897,2025-02-05 10:00:00,LINE-01,97,1
2898,2025-02-05 10:15:00,LINE-02,116,2
2899,2025-02-05 10:30:00,LINE-03,115,4
2900,2025-02-05 10:45:00,LINE-04,90,2
2901,2025-02-05 11:00:00,LINE-01,111,3
2902,2025-02-05 11:15:00,LINE-02,139,3
2903,2025-02-05 11:30:00,LINE-03,115,4
2904,2025-02-05 11:45:00,LINE-04,101,2
2905,2025-02-05 12:00:00,LINE-01,103,1
2906,2025-02-05 12:15:00,LINE-02,82,1
2907,2025-02-05 12:30:00,LINE-03,119,4
2908,2025-02-05 12:45:00,LINE-04,132,2
2909,2025-02-05 13:00:00,LINE-01,140,2
2910,2025-02-05 13:15:00,LINE-02,119,3
2911,2025-02-05 13:30:00,LINE-03,107,4
2912,2025-02-05 13:45:00,LINE-04,115,1
2913,2025-02-05 14:00:00,LINE-01,106,2
2914,2025-02-05 14:15:00,LINE-02,84,2
2915,2025-02-05 14:30:00,LINE-03,129,3
2916,2025-02-05 14:45:00,LINE-04,95,2
2917,2025-02-05 15:00:00,LINE-01,100,3
2918,2025-02-05 15:15:00,LINE-02,83,2
2919,2025-02-05 15:30:00,LINE-03,106,4
2920,2025-02-05 15:45:00,LINE-04,101,1
2921,2025-02-05 16:00:00,LINE-01,105,2
2922,2025-02-05 16:15:00,LINE-02,83,2
2923,2025-02-05 16:30:00,LINE-03,82,3
2924,2025-02-05 16:45:00,LINE-04,139,4
2925,2025-02-05 17:00:00,LINE-01,139,2
2926,2025-02-05 17:15:00,LINE-02,111,3
2927,2025-02-05 17:30:00,LINE-03,84,2
2928,2025-02-05 17:45:00,LINE-04,128,2
2929,2025-02-05 18:00:00,LINE-01,126,4
2930,2025-02-05 18:15:00,LINE-02,112,3
2931,2025-02-05 18:30:00,LINE-03,99,3
2932,2025-02-05 18:45:00,LINE-04,130,4
2933,2025-02-05 19:00:00,LINE-01,108,2
2934,2025-02-05 19:15:00,LINE-02,84,2
2935,2025-02-05 19:30:00,LINE-03,134,3
2936,2025-02-05 19:45:00,LINE-04,102,2
2937,2025-02-05 20:00:00,LINE-01,89,1
2938,2025-02-05 20:15:00,LINE-02,81,2
2939,2025-02-05 20:30:00,LINE-03,124,4
2940,2025-02-05 20:45:00,LINE-04,123,3
2941,2025-02-05 21:00:00,LINE-01,136,2
2942,2025-02-05 21:15:00,LINE-02,103,2
2943,2025-02-05 21:30:00,LINE-03,83,3
2944,2025-02-05 21:45:00,LINE-04,82,2
2945,2025-02-05 22:00:00,LINE-01,80,1
2946,2025-02-05 22:15:00,LINE-02,136,2
2947,2025-02-05 22:30:00,LINE-03,127,4
2948,2025-02-05 22:45:00,LINE-04,90,2
2949,2025-02-05 23:00:00,LINE-01,84,2
2950,2025-02-05 23:15:00,LINE-02,102,2
2951,2025-02-05 23:30:00,LINE-03,80,2
2952,2025-02-05 23:45:00,LINE-04,112,2
2953,2025-02-06 00:00:00,LINE-01,102,2
2954,2025-02-06 00:15:00,LINE-02,120,3
2955,2025-02-06 00:30:00,LINE-03,101,3
2956,2025-02-06 00:45:00,LINE-04,91,2
2957,2025-02-06 01:00:00,LINE-01,89,2
2958,2025-02-06 01:15:00,LINE-02,117,3
2959,2025-02-06 01:30:00,LINE-03,120,3
2960,2025-02-06 01:45:00,LINE-04,107,2
2961,2025-02-06 02:00:00,LINE-01,105,3
2962,2025-02-06 02:15:00,LINE-02,99,2
2963,2025-02-06 02:30:00,LINE-03,119,3
2964,2025-02-06 02:45:00,LINE-04,124,2
2965,2025-02-06 03:00:00,LINE-01,91,3
2966,2025-02-06 03:15:00,LINE-02,102,2
2967,2025-02-06 03:30:00,LINE-03,100,3
2968,2025-02-06 03:45:00,LINE-04,138,2
2969,2025-02-06 04:00:00,LINE-01,122,3
2970,2025-02-06 04:15:00,LINE-02,131,4
2971,2025-02-06 04:30:00,LINE-03,83,3
2972,2025-02-06 04:45:00,LINE-04,121,3
2973,2025-02-06 05:00:00,LINE-01,131,4
2974,2025-02-06 05:15:00,LINE-02,135,2
2975,2025-02-06 05:30:00,LINE-03,119,3
2976,2025-02-06 05:45:00,LINE-04,86,1
2977,2025-02-06 06:00:00,LINE-01,135,2
2978,2025-02-06 06:15:00,LINE-02,84,2
2979,2025-02-06 06:30:00,LINE-03,121,3
2980,2025-02-06 06:45:00,LINE-04,117,2
2981,2025-02-06 07:00:00,LINE-01,114,3
2982,2025-02-06 07:15:00,LINE-02,87,1
2983,2025-02-06 07:30:00,LINE-03,97,3
2984,2025-02-06 07:45:00,LINE-04,92,1
2985,2025-02-06 08:00:00,LINE-01,139,3
2986,2025-02-06 08:15:00,LINE-02,114,1
2987,2025-02-06 08:30:00,LINE-03,140,4
2988,2025-02-06 08:45:00,LINE-04,136,2
2989,2025-02-06 09:00:00,LINE-01,93,1
2990,2025-02-06 09:15:00,LINE-02,137,4
2991,2025-02-06 09:30:00,LINE-03,89,2
2992,2025-02-06 09:45:00,LINE-04,90,2
2993,2025-02-06 10:00:00,LINE-01,119,3
2994,2025-02-06 10:15:00,LINE-02,97,2
2995,2025-02-06 10:30:00,LINE-03,137,4
2996,2025-02-06 10:45:00,LINE-04,109,3
2997,2025-02-06 11:00:00,LINE-01,131,3
2998,2025-02-06 11:15:00,LINE-02,98,3
2999,2025-02-06 11:30:00,LINE-03,126,4
3000,2025-02-06 11:45:00,LINE-04,94,3
3001,2025-02-06 12:00:00,LINE-01,98,1
3002,2025-02-06 12:15:00,LINE-02,81,2
3003,2025-02-06 12:30:00,LINE-03,98,2
3004,2025-02-06 12:45:00,LINE-04,135,2
3005,2025-02-06 13:00:00,LINE-01,129,3
3006,2025-02-06 13:15:00,LINE-02,139,3
3007,2025-02-06 13:30:00,LINE-03,114,3
3008,2025-02-06 13:45:00,LINE-04,122,3
3009,2025-02-06 14:00:00,LINE-01,84,2
3010,2025-02-06 14:15:00,LINE-02,105,3
3011,2025-02-06 14:30:00,LINE-03,106,4
3012,2025-02-06 14:45:00,LINE-04,119,3
3013,2025-02-06 15:00:00,LINE-01,104,1
3014,2025-02-06 15:15:00,LINE-02,107,2
3015,2025-02-06 15:30:00,LINE-03,110,4
3016,2025-02-06 15:45:00,LINE-04,105,2
3017,2025-02-06 16:00:00,LINE-01,137,2
3018,2025-02-06 16:15:00,LINE-02,123,3
3019,2025-02-06 16:30:00,LINE-03,131,4
3020,2025-02-06 16:45:00,LINE-04,125,3
3021,2025-02-06 17:00:00,LINE-01,91,2
3022,2025-02-06 17:15:00,LINE-02,127,2
3023,2025-02-06 17:30:00,LINE-03,98,2
3024,2025-02-06 17:45:00,LINE-04,103,3
3025,2025-02-06 18:00:00,LINE-01,116,2
3026,2025-02-06 18:15:00,LINE-02,122,3
3027,2025-02-06 18:30:00,LINE-03,114,3
3028,2025-02-06 18:45:00,LINE-04,115,3
3029,2025-02-06 19:00:00,LINE-01,128,3
3030,2025-02-06 19:15:00,LINE-02,88,2
3031,2025-02-06 19:30:00,LINE-03,137,4
3032,2025-02-06 19:45:00,LINE-04,86,1
3033,2025-02-06 20:00:00,LINE-01,116,3
3034,2025-02-06 20:15:00,LINE-02,86,2
3035,2025-02-06 20:30:00,LINE-03,134,4
3036,2025-02-06 20:45:00,LINE-04,86,2
3037,2025-02-06 21:00:00,LINE-01,126,3
3038,2025-02-06 21:15:00,LINE-02,120,2
3039,2025-02-06 21:30:00,LINE-03,136,4
3040,2025-02-06 21:45:00,LINE-04,99,3
3041,2025-02-06 22:00:00,LINE-01,128,2
3042,2025-02-06 22:15:00,LINE-02,94,2
3043,2025-02-06 22:30:00,LINE-03,109,4
3044,2025-02-06 22:45:00,LINE-04,107,2
3045,2025-02-06 23:00:00,LINE-01,88,2
3046,2025-02-06 23:15:00,LINE-02,125,3
3047,2025-02-06 23:30:00,LINE-03,97,3
3048,2025-02-06 23:45:00,LINE-04,100,3
3049,2025-02-07 00:00:00,LINE-01,84,1
3050,2025-02-07 00:15:00,LINE-02,87,2
3051,2025-02-07 00:30:00,LINE-03,89,2
3052,2025-02-07 00:45:00,LINE-04,88,1
3053,2025-02-07 01:00:00,LINE-01,139,3
3054,2025-02-07 01:15:00,LINE-02,82,1
3055,2025-02-07 01:30:00,LINE-03,139,3
3056,2025-02-07 01:45:00,LINE-04,129,4
3057,2025-02-07 02:00:00,LINE-01,118,3
3058,2025-02-07 02:15:00,LINE-02,108,2
3059,2025-02-07 02:30:00,LINE-03,127,3
3060,2025-02-07 02:45:00,LINE-04,107,2
3061,2025-02-07 03:00:00,LINE-01,114,2
3062,2025-02-07 03:15:00,LINE-02,88,2
3063,2025-02-07 03:30:00,LINE-03,89,2
3064,2025-02-07 03:45:00,LINE-04,133,3
3065,2025-02-07 04:00:00,LINE-01,125,2
3066,2025-02-07 04:15:00,LINE-02,140,3
3067,2025-02-07 04:30:00,LINE-03,91,3
3068,2025-02-07 04:45:00,LINE-04,110,3
3069,2025-02-07 05:00:00,LINE-01,101,1
3070,2025-02-07 05:15:00,LINE-02,113,2
3071,2025-02-07 05:30:00,LINE-03,99,3
3072,2025-02-07 05:45:00,LINE-04,82,1
3073,2025-02-07 06:00:00,LINE-01,110,2
3074,2025-02-07 06:15:00,LINE-02,118,2
3075,2025-02-07 06:30:00,LINE-03,100,2
3076,2025-02-07 06:45:00,LINE-04,92,3
3077,2025-02-07 07:00:00,LINE-01,132,4
3078,2025-02-07 07:15:00,LINE-02,114,2
3079,2025-02-07 07:30:00,LINE-03,131,4
3080,2025-02-07 07:45:00,LINE-04,117,2
3081,2025-02-07 08:00:00,LINE-01,92,1
3082,2025-02-07 08:15:00,LINE-02,121,3
3083,2025-02-07 08:30:00,LINE-03,128,4
3084,2025-02-07 08:45:00,LINE-04,93,3
3085,2025-02-07 09:00:00,LINE-01,84,2
3086,2025-02-07 09:15:00,LINE-02,122,2
3087,2025-02-07 09:30:00,LINE-03,140,4
3088,2025-02-07 09:45:00,LINE-04,128,3
3089,2025-02-07 10:00:00,LINE-01,131,3
3090,2025-02-07 10:15:00,LINE-02,128,3
3091,2025-02-07 10:30:00,LINE-03,110,2
3092,2025-02-07 10:45:00,LINE-04,113,3
3093,2025-02-07 11:00:00,LINE-01,135,2
3094,2025-02-07 11:15:00,LINE-02,80,2
3095,2025-02-07 11:30:00,LINE-03,103,4
3096,2025-02-07 11:45:00,LINE-04,115,2
3097,2025-02-07 12:00:00,LINE-01,117,3
3098,2025-02-07 12:15:00,LINE-02,118,2
3099,2025-02-07 12:30:00,LINE-03,110,3
3100,2025-02-07 12:45:00,LINE-04,87,2
3101,2025-02-07 13:00:00,LINE-01,100,3
3102,2025-02-07 13:15:00,LINE-02,108,3
3103,2025-02-07 13:30:00,LINE-03,98,2
3104,2025-02-07 13:45:00,LINE-04,125,2
3105,2025-02-07 14:00:00,LINE-01,109,3
3106,2025-02-07 14:15:00,LINE-02,111,3
3107,2025-02-07 14:30:00,LINE-03,120,4
3108,2025-02-07 14:45:00,LINE-04,108,2
3109,2025-02-07 15:00:00,LINE-01,111,2
3110,2025-02-07 15:15:00,LINE-02,91,1
3111,2025-02-07 15:30:00,LINE-03,121,3
3112,2025-02-07 15:45:00,LINE-04,115,3
3113,2025-02-07 16:00:00,LINE-01,105,2
3114,2025-02-07 16:15:00,LINE-02,102,2
3115,2025-02-07 16:30:00,LINE-03,131,4
3116,2025-02-07 16:45:00,LINE-04,98,3
3117,2025-02-07 17:00:00,LINE-01,121,3
3118,2025-02-07 17:15:00,LINE-02,138,3
3119,2025-02-07 17:30:00,LINE-03,100,2
3120,2025-02-07 17:45:00,LINE-04,87,2
3121,2025-02-07 18:00:00,LINE-01,84,1
3122,2025-02-07 18:15:00,LINE-02,128,3
3123,2025-02-07 18:30:00,LINE-03,87,3
3124,2025-02-07 18:45:00,LINE-04,111,3
3125,2025-02-07 19:00:00,LINE-01,88,1
3126,2025-02-07 19:15:00,LINE-02,133,3
3127,2025-02-07 19:30:00,LINE-03,136,3
3128,2025-02-07 19:45:00,LINE-04,129,2
3129,2025-02-07 20:00:00,LINE-01,121,2
3130,2025-02-07 20:15:00,LINE-02,120,3
3131,2025-02-07 20:30:00,LINE-03,128,3
3132,2025-02-07 20:45:00,LINE-04,121,2
3133,2025-02-07 21:00:00,LINE-01,133,3
3134,2025-02-07 21:15:00,LINE-02,82,2
3135,2025-02-07 21:30:00,LINE-03,137,3
3136,2025-02-07 21:45:00,LINE-04,129,2
3137,2025-02-07 22:00:00,LINE-01,113,3
3138,2025-02-07 22:15:00,LINE-02,108,2
3139,2025-02-07 22:30:00,LINE-03,124,3
3140,2025-02-07 22:45:00,LINE-04,92,2
3141,2025-02-07 23:00:00,LINE-01,103,2
3142,2025-02-07 23:15:00,LINE-02,88,2
3143,2025-02-07 23:30:00,LINE-03,108,4
3144,2025-02-07 23:45:00,LINE-04,82,1
3145,2025-02-08 00:00:00,LINE-01,105,3
3146,2025-02-08 00:15:00,LINE-02,111,3
3147,2025-02-08 00:30:00,LINE-03,112,4
3148,2025-02-08 00:45:00,LINE-04,111,2
3149,2025-02-08 01:00:00,LINE-01,103,1
3150,2025-02-08 01:15:00,LINE-02,137,4
3151,2025-02-08 01:30:00,LINE-03,108,2
3152,2025-02-08 01:45:00,LINE-04,112,3
3153,2025-02-08 02:00:00,LINE-01,109,2
3154,2025-02-08 02:15:00,LINE-02,84,2
3155,2025-02-08 02:30:00,LINE-03,117,2
3156,2025-02-08 02:45:00,LINE-04,100,2
3157,2025-02-08 03:00:00,LINE-01,120,3
3158,2025-02-08 03:15:00,LINE-02,129,3
3159,2025-02-08 03:30:00,LINE-03,86,2
3160,2025-02-08 03:45:00,LINE-04,99,2
3161,2025-02-08 04:00:00,LINE-01,114,2
3162,2025-02-08 04:15:00,LINE-02,99,2
3163,2025-02-08 04:30:00,LINE-03,107,3
3164,2025-02-08 04:45:00,LINE-04,100,2
3165,2025-02-08 05:00:00,LINE-01,110,2
3166,2025-02-08 05:15:00,LINE-02,110,3
3167,2025-02-08 05:30:00,LINE-03,112,3
3168,2025-02-08 05:45:00,LINE-04,106,2
3169,2025-02-08 06:00:00,LINE-01,86,3
3170,2025-02-08 06:15:00,LINE-02,134,2
3171,2025-02-08 06:30:00,LINE-03,87,3
3172,2025-02-08 06:45:00,LINE-04,110,3
3173,2025-02-08 07:00:00,LINE-01,81,2
3174,2025-02-08 07:15:00,LINE-02,124,2
3175,2025-02-08 07:30:00,LINE-03,104,3
3176,2025-02-08 07:45:00,LINE-04,92,2
3177,2025-02-08 08:00:00,LINE-01,135,2
3178,2025-02-08 08:15:00,LINE-02,130,4
3179,2025-02-08 08:30:00,LINE-03,112,3
3180,2025-02-08 08:45:00,LINE-04,135,2
3181,2025-02-08 09:00:00,LINE-01,93,1
3182,2025-02-08 09:15:00,LINE-02,135,2
3183,2025-02-08 09:30:00,LINE-03,83,3
3184,2025-02-08 09:45:00,LINE-04,135,3
3185,2025-02-08 10:00:00,LINE-01,136,2
3186,2025-02-08 10:15:00,LINE-02,91,2
3187,2025-02-08 10:30:00,LINE-03,135,5
3188,2025-02-08 10:45:00,LINE-04,132,3
3189,2025-02-08 11:00:00,LINE-01,123,2
3190,2025-02-08 11:15:00,LINE-02,89,2
3191,2025-02-08 11:30:00,LINE-03,118,3
3192,2025-02-08 11:45:00,LINE-04,86,2
3193,2025-02-08 12:00:00,LINE-01,84,2
3194,2025-02-08 12:15:00,LINE-02,82,1
3195,2025-02-08 12:30:00,LINE-03,103,3
3196,2025-02-08 12:45:00,LINE-04,87,1
3197,2025-02-08 13:00:00,LINE-01,98,2
3198,2025-02-08 13:15:00,LINE-02,89,2
3199,2025-02-08 13:30:00,LINE-03,128,4
3200,2025-02-08 13:45:00,LINE-04,81,2
3201,2025-02-08 14:00:00,LINE-01,84,2
3202,2025-02-08 14:15:00,LINE-02,88,2
3203,2025-02-08 14:30:00,LINE-03,113,4
3204,2025-02-08 14:45:00,LINE-04,80,1
3205,2025-02-08 15:00:00,LINE-01,80,2
3206,2025-02-08 15:15:00,LINE-02,132,3
3207,2025-02-08 15:30:00,LINE-03,82,3
3208,2025-02-08 15:45:00,LINE-04,128,3
3209,2025-02-08 16:00:00,LINE-01,132,2
3210,2025-02-08 16:15:00,LINE-02,106,3
3211,2025-02-08 16:30:00,LINE-03,92,2
3212,2025-02-08 16:45:00,LINE-04,135,4
3213,2025-02-08 17:00:00,LINE-01,117,2
3214,2025-02-08 17:15:00,LINE-02,83,2
3215,2025-02-08 17:30:00,LINE-03,81,3
3216,2025-02-08 17:45:00,LINE-04,110,2
3217,2025-02-08 18:00:00,LINE-01,133,3
3218,2025-02-08 18:15:00,LINE-02,138,4
3219,2025-02-08 18:30:00,LINE-03,110,3
3220,2025-02-08 18:45:00,LINE-04,89,2
3221,2025-02-08 19:00:00,LINE-01,134,2
3222,2025-02-08 19:15:00,LINE-02,121,2
3223,2025-02-08 19:30:00,LINE-03,86,2
3224,2025-02-08 19:45:00,LINE-04,111,3
3225,2025-02-08 20:00:00,LINE-01,89,1
3226,2025-02-08 20:15:00,LINE-02,98,3
3227,2025-02-08 20:30:00,LINE-03,132,5
3228,2025-02-08 20:45:00,LINE-04,128,3
3229,2025-02-08 21:00:00,LINE-01,117,2
3230,2025-02-08 21:15:00,LINE-02,129,2
3231,2025-02-08 21:30:00,LINE-03,103,4
3232,2025-02-08 21:45:00,LINE-04,123,2
3233,2025-02-08 22:00:00,LINE-01,80,2
3234,2025-02-08 22:15:00,LINE-02,84,2
3235,2025-02-08 22:30:00,LINE-03,107,3
3236,2025-02-08 22:45:00,LINE-04,122,3
3237,2025-02-08 23:00:00,LINE-01,135,3
3238,2025-02-08 23:15:00,LINE-02,122,3
3239,2025-02-08 23:30:00,LINE-03,113,3
3240,2025-02-08 23:45:00,LINE-04,115,2
3241,2025-02-09 00:00:00,LINE-01,124,3
3242,2025-02-09 00:15:00,LINE-02,110,3
3243,2025-02-09 00:30:00,LINE-03,83,3
3244,2025-02-09 00:45:00,LINE-04,110,3
3245,2025-02-09 01:00:00,LINE-01,113,2
3246,2025-02-09 01:15:00,LINE-02,108,3
3247,2025-02-09 01:30:00,LINE-03,97,2
3248,2025-02-09 01:45:00,LINE-04,136,2
3249,2025-02-09 02:00:00,LINE-01,111,2
3250,2025-02-09 02:15:00,LINE-02,115,3
3251,2025-02-09 02:30:00,LINE-03,111,4
3252,2025-02-09 02:45:00,LINE-04,95,2
3253,2025-02-09 03:00:00,LINE-01,120,4
3254,2025-02-09 03:15:00,LINE-02,139,2
3255,2025-02-09 03:30:00,LINE-03,92,2
3256,2025-02-09 03:45:00,LINE-04,122,2
3257,2025-02-09 04:00:00,LINE-01,85,2
3258,2025-02-09 04:15:00,LINE-02,92,2
3259,2025-02-09 04:30:00,LINE-03,133,3
3260,2025-02-09 04:45:00,LINE-04,139,2
3261,2025-02-09 05:00:00,LINE-01,139,3
3262,2025-02-09 05:15:00,LINE-02,134,4
3263,2025-02-09 05:30:00,LINE-03,83,2
3264,2025-02-09 05:45:00,LINE-04,130,3
3265,2025-02-09 06:00:00,LINE-01,100,2
3266,2025-02-09 06:15:00,LINE-02,140,2
3267,2025-02-09 06:30:00,LINE-03,104,3
3268,2025-02-09 06:45:00,LINE-04,113,2
3269,2025-02-09 07:00:00,LINE-01,123,3
3270,2025-02-09 07:15:00,LINE-02,138,2
3271,2025-02-09 07:30:00,LINE-03,109,4
3272,2025-02-09 07:45:00,LINE-04,88,2
3273,2025-02-09 08:00:00,LINE-01,140,4
3274,2025-02-09 08:15:00,LINE-02,81,1
3275,2025-02-09 08:30:00,LINE-03,108,3
3276,2025-02-09 08:45:00,LINE-04,121,2
3277,2025-02-09 09:00:00,LINE-01,91,1
3278,2025-02-09 09:15:00,LINE-02,106,3
3279,2025-02-09 09:30:00,LINE-03,88,3
3280,2025-02-09 09:45:00,LINE-04,94,2
3281,2025-02-09 10:00:00,LINE-01,117,3
3282,2025-02-09 10:15:00,LINE-02,91,2
3283,2025-02-09 10:30:00,LINE-03,140,4
3284,2025-02-09 10:45:00,LINE-04,120,2
3285,2025-02-09 11:00:00,LINE-01,128,4
3286,2025-02-09 11:15:00,LINE-02,97,1
3287,2025-02-09 11:30:00,LINE-03,95,4
3288,2025-02-09 11:45:00,LINE-04,121,2
3289,2025-02-09 12:00:00,LINE-01,115,1
3290,2025-02-09 12:15:00,LINE-02,134,4
3291,2025-02-09 12:30:00,LINE-03,123,3
3292,2025-02-09 12:45:00,LINE-04,93,1
3293,2025-02-09 13:00:00,LINE-01,108,2
3294,2025-02-09 13:15:00,LINE-02,99,1
3295,2025-02-09 13:30:00,LINE-03,107,2
3296,2025-02-09 13:45:00,LINE-04,106,1
3297,2025-02-09 14:00:00,LINE-01,92,2
3298,2025-02-09 14:15:00,LINE-02,95,2
3299,2025-02-09 14:30:00,LINE-03,129,4
3300,2025-02-09 14:45:00,LINE-04,108,1
3301,2025-02-09 15:00:00,LINE-01,93,2
3302,2025-02-09 15:15:00,LINE-02,124,4
3303,2025-02-09 15:30:00,LINE-03,82,2
3304,2025-02-09 15:45:00,LINE-04,96,2
3305,2025-02-09 16:00:00,LINE-01,118,3
3306,2025-02-09 16:15:00,LINE-02,99,2
3307,2025-02-09 16:30:00,LINE-03,108,4
3308,2025-02-09 16:45:00,LINE-04,120,2
3309,2025-02-09 17:00:00,LINE-01,107,3
3310,2025-02-09 17:15:00,LINE-02,83,2
3311,2025-02-09 17:30:00,LINE-03,132,3
3312,2025-02-09 17:45:00,LINE-04,82,1
3313,2025-02-09 18:00:00,LINE-01,84,1
3314,2025-02-09 18:15:00,LINE-02,93,3
3315,2025-02-09 18:30:00,LINE-03,122,3
3316,2025-02-09 18:45:00,LINE-04,93,2
3317,2025-02-09 19:00:00,LINE-01,84,2
3318,2025-02-09 19:15:00,LINE-02,84,2
3319,2025-02-09 19:30:00,LINE-03,82,2
3320,2025-02-09 19:45:00,LINE-04,105,2
3321,2025-02-09 20:00:00,LINE-01,130,3
3322,2025-02-09 20:15:00,LINE-02,134,2
3323,2025-02-09 20:30:00,LINE-03,137,5
3324,2025-02-09 20:45:00,LINE-04,138,2
3325,2025-02-09 21:00:00,LINE-01,105,2
3326,2025-02-09 21:15:00,LINE-02,131,3
3327,2025-02-09 21:30:00,LINE-03,109,3
3328,2025-02-09 21:45:00,LINE-04,125,4
3329,2025-02-09 22:00:00,LINE-01,138,3
3330,2025-02-09 22:15:00,LINE-02,91,2
3331,2025-02-09 22:30:00,LINE-03,91,2
3332,2025-02-09 22:45:00,LINE-04,129,4
3333,2025-02-09 23:00:00,LINE-01,95,1
3334,2025-02-09 23:15:00,LINE-02,133,3
3335,2025-02-09 23:30:00,LINE-03,126,4
3336,2025-02-09 23:45:00,LINE-04,114,3
3337,2025-02-10 00:00:00,LINE-01,98,2
3338,2025-02-10 00:15:00,LINE-02,125,4
3339,2025-02-10 00:30:00,LINE-03,90,3
3340,2025-02-10 00:45:00,LINE-04,137,3
3341,2025-02-10 01:00:00,LINE-01,104,3
3342,2025-02-10 01:15:00,LINE-02,81,2
3343,2025-02-10 01:30:00,LINE-03,140,4
3344,2025-02-10 01:45:00,LINE-04,81,2
3345,2025-02-10 02:00:00,LINE-01,134,3
3346,2025-02-10 02:15:00,LINE-02,132,4
3347,2025-02-10 02:30:00,LINE-03,114,4
3348,2025-02-10 02:45:00,LINE-04,93,2
3349,2025-02-10 03:00:00,LINE-01,137,3
3350,2025-02-10 03:15:00,LINE-02,83,2
3351,2025-02-10 03:30:00,LINE-03,111,3
3352,2025-02-10 03:45:00,LINE-04,139,3
3353,2025-02-10 04:00:00,LINE-01,82,2
3354,2025-02-10 04:15:00,LINE-02,133,4
3355,2025-02-10 04:30:00,LINE-03,103,3
3356,2025-02-10 04:45:00,LINE-04,86,2
3357,2025-02-10 05:00:00,LINE-01,120,2
3358,2025-02-10 05:15:00,LINE-02,119,2
3359,2025-02-10 05:30:00,LINE-03,98,3
3360,2025-02-10 05:45:00,LINE-04,109,2
3361,2025-02-10 06:00:00,LINE-01,127,4
3362,2025-02-10 06:15:00,LINE-02,112,2
3363,2025-02-10 06:30:00,LINE-03,112,3
3364,2025-02-10 06:45:00,LINE-04,115,3
3365,2025-02-10 07:00:00,LINE-01,122,4
3366,2025-02-10 07:15:00,LINE-02,87,2
3367,2025-02-10 07:30:00,LINE-03,122,4
3368,2025-02-10 07:45:00,LINE-04,98,2
3369,2025-02-10 08:00:00,LINE-01,123,3
3370,2025-02-10 08:15:00,LINE-02,127,3
3371,2025-02-10 08:30:00,LINE-03,87,3
3372,2025-02-10 08:45:00,LINE-04,96,2
3373,2025-02-10 09:00:00,LINE-01,123,3
3374,2025-02-10 09:15:00,LINE-02,124,3
3375,2025-02-10 09:30:00,LINE-03,102,3
3376,2025-02-10 09:45:00,LINE-04,83,2
3377,2025-02-10 10:00:00,LINE-01,105,1
3378,2025-02-10 10:15:00,LINE-02,140,3
3379,2025-02-10 10:30:00,LINE-03,89,3
3380,2025-02-10 10:45:00,LINE-04,126,2
3381,2025-02-10 11:00:00,LINE-01,120,3
3382,2025-02-10 11:15:00,LINE-02,130,4
3383,2025-02-10 11:30:00,LINE-03,127,4
3384,2025-02-10 11:45:00,LINE-04,135,2
3385,2025-02-10 12:00:00,LINE-01,108,1
3386,2025-02-10 12:15:00,LINE-02,136,3
3387,2025-02-10 12:30:00,LINE-03,99,3
3388,2025-02-10 12:45:00,LINE-04,134,2
3389,2025-02-10 13:00:00,LINE-01,116,2
3390,2025-02-10 13:15:00,LINE-02,93,2
3391,2025-02-10 13:30:00,LINE-03,89,3
3392,2025-02-10 13:45:00,LINE-04,121,2
3393,2025-02-10 14:00:00,LINE-01,115,3
3394,2025-02-10 14:15:00,LINE-02,92,2
3395,2025-02-10 14:30:00,LINE-03,128,3
3396,2025-02-10 14:45:00,LINE-04,118,3
3397,2025-02-10 15:00:00,LINE-01,87,2
3398,2025-02-10 15:15:00,LINE-02,113,2
3399,2025-02-10 15:30:00,LINE-03,114,3
3400,2025-02-10 15:45:00,LINE-04,88,1
3401,2025-02-10 16:00:00,LINE-01,124,2
3402,2025-02-10 16:15:00,LINE-02,136,2
3403,2025-02-10 16:30:00,LINE-03,138,4
3404,2025-02-10 16:45:00,LINE-04,106,2
3405,2025-02-10 17:00:00,LINE-01,103,3
3406,2025-02-10 17:15:00,LINE-02,140,2
3407,2025-02-10 17:30:00,LINE-03,92,2
3408,2025-02-10 17:45:00,LINE-04,115,1
3409,2025-02-10 18:00:00,LINE-01,122,2
3410,2025-02-10 18:15:00,LINE-02,120,3
3411,2025-02-10 18:30:00,LINE-03,100,3
3412,2025-02-10 18:45:00,LINE-04,132,2
3413,2025-02-10 19:00:00,LINE-01,116,3
3414,2025-02-10 19:15:00,LINE-02,115,3
3415,2025-02-10 19:30:00,LINE-03,108,3
3416,2025-02-10 19:45:00,LINE-04,98,2
3417,2025-02-10 20:00:00,LINE-01,125,2
3418,2025-02-10 20:15:00,LINE-02,97,1
3419,2025-02-10 20:30:00,LINE-03,131,4
3420,2025-02-10 20:45:00,LINE-04,87,1
3421,2025-02-10 21:00:00,LINE-01,135,3
3422,2025-02-10 21:15:00,LINE-02,126,3
3423,2025-02-10 21:30:00,LINE-03,121,3
3424,2025-02-10 21:45:00,LINE-04,137,2
3425,2025-02-10 22:00:00,LINE-01,112,2
3426,2025-02-10 22:15:00,LINE-02,91,3
3427,2025-02-10 22:30:00,LINE-03,120,3
3428,2025-02-10 22:45:00,LINE-04,116,2
3429,2025-02-10 23:00:00,LINE-01,120,2
3430,2025-02-10 23:15:00,LINE-02,90,1
3431,2025-02-10 23:30:00,LINE-03,113,3
3432,2025-02-10 23:45:00,LINE-04,118,3
3433,2025-02-11 00:00:00,LINE-01,93,2
3434,2025-02-11 00:15:00,LINE-02,85,1
3435,2025-02-11 00:30:00,LINE-03,131,4
3436,2025-02-11 00:45:00,LINE-04,99,2
3437,2025-02-11 01:00:00,LINE-01,94,2
3438,2025-02-11 01:15:00,LINE-02,101,2
3439,2025-02-11 01:30:00,LINE-03,140,5
3440,2025-02-11 01:45:00,LINE-04,140,3
3441,2025-02-11 02:00:00,LINE-01,103,2
3442,2025-02-11 02:15:00,LINE-02,131,3
3443,2025-02-11 02:30:00,LINE-03,109,3
3444,2025-02-11 02:45:00,LINE-04,97,2
3445,2025-02-11 03:00:00,LINE-01,115,2
3446,2025-02-11 03:15:00,LINE-02,135,2
3447,2025-02-11 03:30:00,LINE-03,92,2
3448,2025-02-11 03:45:00,LINE-04,105,2
3449,2025-02-11 04:00:00,LINE-01,140,3
3450,2025-02-11 04:15:00,LINE-02,124,2
3451,2025-02-11 04:30:00,LINE-03,119,3
3452,2025-02-11 04:45:00,LINE-04,106,2
3453,2025-02-11 05:00:00,LINE-01,104,2
3454,2025-02-11 05:15:00,LINE-02,98,2
3455,2025-02-11 05:30:00,LINE-03,98,4
3456,2025-02-11 05:45:00,LINE-04,111,3
3457,2025-02-11 06:00:00,LINE-01,117,2
3458,2025-02-11 06:15:00,LINE-02,107,2
3459,2025-02-11 06:30:00,LINE-03,107,3
3460,2025-02-11 06:45:00,LINE-04,138,3
3461,2025-02-11 07:00:00,LINE-01,126,2
3462,2025-02-11 07:15:00,LINE-02,116,2
3463,2025-02-11 07:30:00,LINE-03,103,2
3464,2025-02-11 07:45:00,LINE-04,81,2
3465,2025-02-11 08:00:00,LINE-01,105,3
3466,2025-02-11 08:15:00,LINE-02,133,3
3467,2025-02-11 08:30:00,LINE-03,115,4
3468,2025-02-11 08:45:00,LINE-04,139,3
3469,2025-02-11 09:00:00,LINE-01,128,3
3470,2025-02-11 09:15:00,LINE-02,136,2
3471,2025-02-11 09:30:00,LINE-03,106,2
3472,2025-02-11 09:45:00,LINE-04,89,3
3473,2025-02-11 10:00:00,LINE-01,135,3
3474,2025-02-11 10:15:00,LINE-02,118,2
3475,2025-02-11 10:30:00,LINE-03,139,4
3476,2025-02-11 10:45:00,LINE-04,130,3
3477,2025-02-11 11:00:00,LINE-01,124,2
3478,2025-02-11 11:15:00,LINE-02,128,4
3479,2025-02-11 11:30:00,LINE-03,119,3
3480,2025-02-11 11:45:00,LINE-04,121,3
3481,2025-02-11 12:00:00,LINE-01,91,2
3482,2025-02-11 12:15:00,LINE-02,121,2
3483,2025-02-11 12:30:00,LINE-03,82,2
3484,2025-02-11 12:45:00,LINE-04,107,3
3485,2025-02-11 13:00:00,LINE-01,110,3
3486,2025-02-11 13:15:00,LINE-02,131,3
3487,2025-02-11 13:30:00,LINE-03,134,4
3488,2025-02-11 13:45:00,LINE-04,93,1
3489,2025-02-11 14:00:00,LINE-01,115,2
3490,2025-02-11 14:15:00,LINE-02,89,2
3491,2025-02-11 14:30:00,LINE-03,128,4
3492,2025-02-11 14:45:00,LINE-04,102,2
3493,2025-02-11 15:00:00,LINE-01,118,2
3494,2025-02-11 15:15:00,LINE-02,120,3
3495,2025-02-11 15:30:00,LINE-03,116,4
3496,2025-02-11 15:45:00,LINE-04,110,2
3497,2025-02-11 16:00:00,LINE-01,123,2
3498,2025-02-11 16:15:00,LINE-02,125,3
3499,2025-02-11 16:30:00,LINE-03,105,3
3500,2025-02-11 16:45:00,LINE-04,109,2
3501,2025-02-11 17:00:00,LINE-01,113,2
3502,2025-02-11 17:15:00,LINE-02,116,3
3503,2025-02-11 17:30:00,LINE-03,94,2
3504,2025-02-11 17:45:00,LINE-04,137,4
3505,2025-02-11 18:00:00,LINE-01,106,3
3506,2025-02-11 18:15:00,LINE-02,94,1
3507,2025-02-11 18:30:00,LINE-03,116,4
3508,2025-02-11 18:45:00,LINE-04,87,2
3509,2025-02-11 19:00:00,LINE-01,104,3
3510,2025-02-11 19:15:00,LINE-02,95,2
3511,2025-02-11 19:30:00,LINE-03,98,3
3512,2025-02-11 19:45:00,LINE-04,88,1
3513,2025-02-11 20:00:00,LINE-01,105,3
3514,2025-02-11 20:15:00,LINE-02,80,2
3515,2025-02-11 20:30:00,LINE-03,132,3
3516,2025-02-11 20:45:00,LINE-04,119,3
3517,2025-02-11 21:00:00,LINE-01,107,1
3518,2025-02-11 21:15:00,LINE-02,112,3
3519,2025-02-11 21:30:00,LINE-03,81,2
3520,2025-02-11 21:45:00,LINE-04,97,2
3521,2025-02-11 22:00:00,LINE-01,87,2
3522,2025-02-11 22:15:00,LINE-02,101,2
3523,2025-02-11 22:30:00,LINE-03,114,3
3524,2025-02-11 22:45:00,LINE-04,101,2
3525,2025-02-11 23:00:00,LINE-01,111,2
3526,2025-02-11 23:15:00,LINE-02,87,2
3527,2025-02-11 23:30:00,LINE-03,136,3
3528,2025-02-11 23:45:00,LINE-04,124,3
3529,2025-02-12 00:00:00,LINE-01,95,2
3530,2025-02-12 00:15:00,LINE-02,116,2
3531,2025-02-12 00:30:00,LINE-03,106,4
3532,2025-02-12 00:45:00,LINE-04,110,3
3533,2025-02-12 01:00:00,LINE-01,108,2
3534,2025-02-12 01:15:00,LINE-02,108,3
3535,2025-02-12 01:30:00,LINE-03,103,3
3536,2025-02-12 01:45:00,LINE-04,115,3
3537,2025-02-12 02:00:00,LINE-01,119,2
3538,2025-02-12 02:15:00,LINE-02,96,2
3539,2025-02-12 02:30:00,LINE-03,113,3
3540,2025-02-12 02:45:00,LINE-04,126,2
3541,2025-02-12 03:00:00,LINE-01,104,2
3542,2025-02-12 03:15:00,LINE-02,83,1
3543,2025-02-12 03:30:00,LINE-03,126,3
3544,2025-02-12 03:45:00,LINE-04,113,2
3545,2025-02-12 04:00:00,LINE-01,104,2
3546,2025-02-12 04:15:00,LINE-02,113,2
3547,2025-02-12 04:30:00,LINE-03,91,3
3548,2025-02-12 04:45:00,LINE-04,97,2
3549,2025-02-12 05:00:00,LINE-01,86,1
3550,2025-02-12 05:15:00,LINE-02,126,3
3551,2025-02-12 05:30:00,LINE-03,116,4
3552,2025-02-12 05:45:00,LINE-04,84,2
3553,2025-02-12 06:00:00,LINE-01,108,2
3554,2025-02-12 06:15:00,LINE-02,96,2
3555,2025-02-12 06:30:00,LINE-03,133,4
3556,2025-02-12 06:45:00,LINE-04,123,3
3557,2025-02-12 07:00:00,LINE-01,117,3
3558,2025-02-12 07:15:00,LINE-02,111,3
3559,2025-02-12 07:30:00,LINE-03,108,3
3560,2025-02-12 07:45:00,LINE-04,118,3
3561,2025-02-12 08:00:00,LINE-01,82,2
3562,2025-02-12 08:15:00,LINE-02,139,2
3563,2025-02-12 08:30:00,LINE-03,131,3
3564,2025-02-12 08:45:00,LINE-04,102,1
3565,2025-02-12 09:00:00,LINE-01,138,4
3566,2025-02-12 09:15:00,LINE-02,127,2
3567,2025-02-12 09:30:00,LINE-03,111,3
3568,2025-02-12 09:45:00,LINE-04,140,2
3569,2025-02-12 10:00:00,LINE-01,123,2
3570,2025-02-12 10:15:00,LINE-02,108,3
3571,2025-02-12 10:30:00,LINE-03,107,3
3572,2025-02-12 10:45:00,LINE-04,95,2
3573,2025-02-12 11:00:00,LINE-01,127,2
3574,2025-02-12 11:15:00,LINE-02,126,3
3575,2025-02-12 11:30:00,LINE-03,120,4
3576,2025-02-12 11:45:00,LINE-04,106,2
3577,2025-02-12 12:00:00,LINE-01,106,3
3578,2025-02-12 12:15:00,LINE-02,119,2
3579,2025-02-12 12:30:00,LINE-03,101,3
3580,2025-02-12 12:45:00,LINE-04,82,2
3581,2025-02-12 13:00:00,LINE-01,128,2
3582,2025-02-12 13:15:00,LINE-02,124,2
3583,2025-02-12 13:30:00,LINE-03,139,4
3584,2025-02-12 13:45:00,LINE-04,121,3
3585,2025-02-12 14:00:00,LINE-01,132,4
3586,2025-02-12 14:15:00,LINE-02,105,2
3587,2025-02-12 14:30:00,LINE-03,134,4
3588,2025-02-12 14:45:00,LINE-04,122,2
3589,2025-02-12 15:00:00,LINE-01,95,2
3590,2025-02-12 15:15:00,LINE-02,122,2
3591,2025-02-12 15:30:00,LINE-03,112,3
3592,2025-02-12 15:45:00,LINE-04,83,2
3593,2025-02-12 16:00:00,LINE-01,86,2
3594,2025-02-12 16:15:00,LINE-02,97,2
3595,2025-02-12 16:30:00,LINE-03,93,2
3596,2025-02-12 16:45:00,LINE-04,89,1
3597,2025-02-12 17:00:00,LINE-01,136,2
3598,2025-02-12 17:15:00,LINE-02,86,2
3599,2025-02-12 17:30:00,LINE-03,110,4
3600,2025-02-12 17:45:00,LINE-04,104,3
3601,2025-02-12 18:00:00,LINE-01,131,3
3602,2025-02-12 18:15:00,LINE-02,100,3
3603,2025-02-12 18:30:00,LINE-03,98,2
3604,2025-02-12 18:45:00,LINE-04,105,2
3605,2025-02-12 19:00:00,LINE-01,108,2
3606,2025-02-12 19:15:00,LINE-02,126,2
3607,2025-02-12 19:30:00,LINE-03,95,3
3608,2025-02-12 19:45:00,LINE-04,90,2
3609,2025-02-12 20:00:00,LINE-01,90,1
3610,2025-02-12 20:15:00,LINE-02,94,3
3611,2025-02-12 20:30:00,LINE-03,117,3
3612,2025-02-12 20:45:00,LINE-04,129,2
3613,2025-02-12 21:00:00,LINE-01,112,2
3614,2025-02-12 21:15:00,LINE-02,103,3
3615,2025-02-12 21:30:00,LINE-03,85,2
3616,2025-02-12 21:45:00,LINE-04,87,1
3617,2025-02-12 22:00:00,LINE-01,140,4
3618,2025-02-12 22:15:00,LINE-02,130,2
3619,2025-02-12 22:30:00,LINE-03,82,3
3620,2025-02-12 22:45:00,LINE-04,89,2
3621,2025-02-12 23:00:00,LINE-01,117,2
3622,2025-02-12 23:15:00,LINE-02,135,2
3623,2025-02-12 23:30:00,LINE-03,113,4
3624,2025-02-12 23:45:00,LINE-04,119,2
3625,2025-02-13 00:00:00,LINE-01,99,2
3626,2025-02-13 00:15:00,LINE-02,85,1
3627,2025-02-13 00:30:00,LINE-03,118,3
3628,2025-02-13 00:45:00,LINE-04,136,3
3629,2025-02-13 01:00:00,LINE-01,109,2
3630,2025-02-13 01:15:00,LINE-02,112,3
3631,2025-02-13 01:30:00,LINE-03,138,3
3632,2025-02-13 01:45:00,LINE-04,102,2
3633,2025-02-13 02:00:00,LINE-01,97,2
3634,2025-02-13 02:15:00,LINE-02,98,2
3635,2025-02-13 02:30:00,LINE-03,102,2
3636,2025-02-13 02:45:00,LINE-04,81,2
3637,2025-02-13 03:00:00,LINE-01,118,2
3638,2025-02-13 03:15:00,LINE-02,103,1
3639,2025-02-13 03:30:00,LINE-03,113,3
3640,2025-02-13 03:45:00,LINE-04,131,3
3641,2025-02-13 04:00:00,LINE-01,106,2
3642,2025-02-13 04:15:00,LINE-02,121,2
3643,2025-02-13 04:30:00,LINE-03,118,4
3644,2025-02-13 04:45:00,LINE-04,108,3
3645,2025-02-13 05:00:00,LINE-01,97,2
3646,2025-02-13 05:15:00,LINE-02,117,3
3647,2025-02-13 05:30:00,LINE-03,125,3
3648,2025-02-13 05:45:00,LINE-04,129,2
3649,2025-02-13 06:00:00,LINE-01,92,2
3650,2025-02-13 06:15:00,LINE-02,101,2
3651,2025-02-13 06:30:00,LINE-03,125,3
3652,2025-02-13 06:45:00,LINE-04,106,2
3653,2025-02-13 07:00:00,LINE-01,105,3
3654,2025-02-13 07:15:00,LINE-02,120,2
3655,2025-02-13 07:30:00,LINE-03,93,2
3656,2025-02-13 07:45:00,LINE-04,97,3
3657,2025-02-13 08:00:00,LINE-01,122,2
3658,2025-02-13 08:15:00,LINE-02,85,2
3659,2025-02-13 08:30:00,LINE-03,98,4
3660,2025-02-13 08:45:00,LINE-04,81,2
3661,2025-02-13 09:00:00,LINE-01,92,3
3662,2025-02-13 09:15:00,LINE-02,140,2
3663,2025-02-13 09:30:00,LINE-03,123,3
3664,2025-02-13 09:45:00,LINE-04,134,4
3665,2025-02-13 10:00:00,LINE-01,105,2
3666,2025-02-13 10:15:00,LINE-02,88,1
3667,2025-02-13 10:30:00,LINE-03,132,4
3668,2025-02-13 10:45:00,LINE-04,100,2
3669,2025-02-13 11:00:00,LINE-01,138,3
3670,2025-02-13 11:15:00,LINE-02,101,2
3671,2025-02-13 11:30:00,LINE-03,106,3
3672,2025-02-13 11:45:00,LINE-04,138,2
3673,2025-02-13 12:00:00,LINE-01,129,3
3674,2025-02-13 12:15:00,LINE-02,113,3
3675,2025-02-13 12:30:00,LINE-03,129,3
3676,2025-02-13 12:45:00,LINE-04,129,3
3677,2025-02-13 13:00:00,LINE-01,88,2
3678,2025-02-13 13:15:00,LINE-02,109,3
3679,2025-02-13 13:30:00,LINE-03,127,3
3680,2025-02-13 13:45:00,LINE-04,137,3
3681,2025-02-13 14:00:00,LINE-01,107,2
3682,2025-02-13 14:15:00,LINE-02,94,2
3683,2025-02-13 14:30:00,LINE-03,103,2
3684,2025-02-13 14:45:00,LINE-04,126,2
3685,2025-02-13 15:00:00,LINE-01,84,1
3686,2025-02-13 15:15:00,LINE-02,100,3
3687,2025-02-13 15:30:00,LINE-03,86,3
3688,2025-02-13 15:45:00,LINE-04,120,3
3689,2025-02-13 16:00:00,LINE-01,138,4
3690,2025-02-13 16:15:00,LINE-02,139,3
3691,2025-02-13 16:30:00,LINE-03,101,3
3692,2025-02-13 16:45:00,LINE-04,99,2
3693,2025-02-13 17:00:00,LINE-01,99,1
3694,2025-02-13 17:15:00,LINE-02,134,3
3695,2025-02-13 17:30:00,LINE-03,85,3
3696,2025-02-13 17:45:00,LINE-04,111,3
3697,2025-02-13 18:00:00,LINE-01,120,2
3698,2025-02-13 18:15:00,LINE-02,126,3
3699,2025-02-13 18:30:00,LINE-03,89,3
3700,2025-02-13 18:45:00,LINE-04,129,2
3701,2025-02-13 19:00:00,LINE-01,85,2
3702,2025-02-13 19:15:00,LINE-02,127,2
3703,2025-02-13 19:30:00,LINE-03,101,3
3704,2025-02-13 19:45:00,LINE-04,126,2
3705,2025-02-13 20:00:00,LINE-01,85,2
3706,2025-02-13 20:15:00,LINE-02,110,2
3707,2025-02-13 20:30:00,LINE-03,111,3
3708,2025-02-13 20:45:00,LINE-04,139,2
3709,2025-02-13 21:00:00,LINE-01,113,2
3710,2025-02-13 21:15:00,LINE-02,119,4
3711,2025-02-13 21:30:00,LINE-03,136,5
3712,2025-02-13 21:45:00,LINE-04,115,2
3713,2025-02-13 22:00:00,LINE-01,85,1
3714,2025-02-13 22:15:00,LINE-02,92,3
3715,2025-02-13 22:30:00,LINE-03,90,3
3716,2025-02-13 22:45:00,LINE-04,109,2
3717,2025-02-13 23:00:00,LINE-01,127,3
3718,2025-02-13 23:15:00,LINE-02,130,3
3719,2025-02-13 23:30:00,LINE-03,92,2
3720,2025-02-13 23:45:00,LINE-04,114,2
3721,2025-02-14 00:00:00,LINE-01,90,2
3722,2025-02-14 00:15:00,LINE-02,127,3
3723,2025-02-14 00:30:00,LINE-03,90,3
3724,2025-02-14 00:45:00,LINE-04,89,2
3725,2025-02-14 01:00:00,LINE-01,95,3
3726,2025-02-14 01:15:00,LINE-02,130,2
3727,2025-02-14 01:30:00,LINE-03,117,3
3728,2025-02-14 01:45:00,LINE-04,134,2
3729,2025-02-14 02:00:00,LINE-01,90,2
3730,2025-02-14 02:15:00,LINE-02,125,3
3731,2025-02-14 02:30:00,LINE-03,83,3
3732,2025-02-14 02:45:00,LINE-04,130,2
3733,2025-02-14 03:00:00,LINE-01,102,1
3734,2025-02-14 03:15:00,LINE-02,132,2
3735,2025-02-14 03:30:00,LINE-03,100,3
3736,2025-02-14 03:45:00,LINE-04,132,3
3737,2025-02-14 04:00:00,LINE-01,114,2
3738,2025-02-14 04:15:00,LINE-02,132,2
3739,2025-02-14 04:30:00,LINE-03,116,4
3740,2025-02-14 04:45:00,LINE-04,86,2
3741,2025-02-14 05:00:00,LINE-01,110,3
3742,2025-02-14 05:15:00,LINE-02,103,2
3743,2025-02-14 05:30:00,LINE-03,108,3
3744,2025-02-14 05:45:00,LINE-04,86,2
3745,2025-02-14 06:00:00,LINE-01,139,3
3746,2025-02-14 06:15:00,LINE-02,122,3
3747,2025-02-14 06:30:00,LINE-03,129,3
3748,2025-02-14 06:45:00,LINE-04,139,4
3749,2025-02-14 07:00:00,LINE-01,124,3
3750,2025-02-14 07:15:00,LINE-02,86,2
3751,2025-02-14 07:30:00,LINE-03,115,3
3752,2025-02-14 07:45:00,LINE-04,123,2
3753,2025-02-14 08:00:00,LINE-01,119,2
3754,2025-02-14 08:15:00,LINE-02,92,2
3755,2025-02-14 08:30:00,LINE-03,129,3
3756,2025-02-14 08:45:00,LINE-04,111,2
3757,2025-02-14 09:00:00,LINE-01,100,1
3758,2025-02-14 09:15:00,LINE-02,120,3
3759,2025-02-14 09:30:00,LINE-03,86,3
3760,2025-02-14 09:45:00,LINE-04,100,2
3761,2025-02-14 10:00:00,LINE-01,105,3
3762,2025-02-14 10:15:00,LINE-02,96,1
3763,2025-02-14 10:30:00,LINE-03,127,4
3764,2025-02-14 10:45:00,LINE-04,102,2
3765,2025-02-14 11:00:00,LINE-01,104,2
3766,2025-02-14 11:15:00,LINE-02,110,2
3767,2025-02-14 11:30:00,LINE-03,121,4
3768,2025-02-14 11:45:00,LINE-04,139,2
3769,2025-02-14 12:00:00,LINE-01,108,3
3770,2025-02-14 12:15:00,LINE-02,85,1
3771,2025-02-14 12:30:00,LINE-03,113,3
3772,2025-02-14 12:45:00,LINE-04,95,2
3773,2025-02-14 13:00:00,LINE-01,137,3
3774,2025-02-14 13:15:00,LINE-02,105,2
3775,2025-02-14 13:30:00,LINE-03,88,3
3776,2025-02-14 13:45:00,LINE-04,115,1
3777,2025-02-14 14:00:00,LINE-01,97,2
3778,2025-02-14 14:15:00,LINE-02,114,2
3779,2025-02-14 14:30:00,LINE-03,84,3
3780,2025-02-14 14:45:00,LINE-04,84,2
3781,2025-02-14 15:00:00,LINE-01,95,2
3782,2025-02-14 15:15:00,LINE-02,101,3
3783,2025-02-14 15:30:00,LINE-03,139,4
3784,2025-02-14 15:45:00,LINE-04,110,2
3785,2025-02-14 16:00:00,LINE-01,105,3
3786,2025-02-14 16:15:00,LINE-02,87,2
3787,2025-02-14 16:30:00,LINE-03,120,4
3788,2025-02-14 16:45:00,LINE-04,118,2
3789,2025-02-14 17:00:00,LINE-01,133,3
3790,2025-02-14 17:15:00,LINE-02,94,2
3791,2025-02-14 17:30:00,LINE-03,122,3
3792,2025-02-14 17:45:00,LINE-04,117,3
3793,2025-02-14 18:00:00,LINE-01,124,2
3794,2025-02-14 18:15:00,LINE-02,123,2
3795,2025-02-14 18:30:00,LINE-03,84,3
3796,2025-02-14 18:45:00,LINE-04,91,2
3797,2025-02-14 19:00:00,LINE-01,126,3
3798,2025-02-14 19:15:00,LINE-02,127,4
3799,2025-02-14 19:30:00,LINE-03,122,4
3800,2025-02-14 19:45:00,LINE-04,103,3
3801,2025-02-14 20:00:00,LINE-01,114,3
3802,2025-02-14 20:15:00,LINE-02,96,2
3803,2025-02-14 20:30:00,LINE-03,137,4
3804,2025-02-14 20:45:00,LINE-04,103,3
3805,2025-02-14 21:00:00,LINE-01,137,3
3806,2025-02-14 21:15:00,LINE-02,135,3
3807,2025-02-14 21:30:00,LINE-03,85,2
3808,2025-02-14 21:45:00,LINE-04,107,2
3809,2025-02-14 22:00:00,LINE-01,109,3
3810,2025-02-14 22:15:00,LINE-02,115,3
3811,2025-02-14 22:30:00,LINE-03,93,2
3812,2025-02-14 22:45:00,LINE-04,98,2
3813,2025-02-14 23:00:00,LINE-01,117,3
3814,2025-02-14 23:15:00,LINE-02,90,2
3815,2025-02-14 23:30:00,LINE-03,124,4
3816,2025-02-14 23:45:00,LINE-04,85,1
3817,2025-02-15 00:00:00,LINE-01,117,2
3818,2025-02-15 00:15:00,LINE-02,137,3
3819,2025-02-15 00:30:00,LINE-03,111,4
3820,2025-02-15 00:45:00,LINE-04,133,4
3821,2025-02-15 01:00:00,LINE-01,100,2
3822,2025-02-15 01:15:00,LINE-02,112,3
3823,2025-02-15 01:30:00,LINE-03,129,4
3824,2025-02-15 01:45:00,LINE-04,97,2
3825,2025-02-15 02:00:00,LINE-01,100,2
3826,2025-02-15 02:15:00,LINE-02,136,4
3827,2025-02-15 02:30:00,LINE-03,124,4
3828,2025-02-15 02:45:00,LINE-04,83,2
3829,2025-02-15 03:00:00,LINE-01,112,2
3830,2025-02-15 03:15:00,LINE-02,125,2
3831,2025-02-15 03:30:00,LINE-03,127,3
3832,2025-02-15 03:45:00,LINE-04,139,4
3833,2025-02-15 04:00:00,LINE-01,80,2
3834,2025-02-15 04:15:00,LINE-02,104,2
3835,2025-02-15 04:30:00,LINE-03,124,4
3836,2025-02-15 04:45:00,LINE-04,116,2
3837,2025-02-15 05:00:00,LINE-01,95,2
3838,2025-02-15 05:15:00,LINE-02,135,2
3839,2025-02-15 05:30:00,LINE-03,93,2
3840,2025-02-15 05:45:00,LINE-04,103,3
3841,2025-02-15 06:00:00,LINE-01,103,2
3842,2025-02-15 06:15:00,LINE-02,95,3
3843,2025-02-15 06:30:00,LINE-03,123,5
3844,2025-02-15 06:45:00,LINE-04,139,4
3845,2025-02-15 07:00:00,LINE-01,135,4
3846,2025-02-15 07:15:00,LINE-02,118,2
3847,2025-02-15 07:30:00,LINE-03,122,4
3848,2025-02-15 07:45:00,LINE-04,121,4
3849,2025-02-15 08:00:00,LINE-01,104,1
3850,2025-02-15 08:15:00,LINE-02,116,3
3851,2025-02-15 08:30:00,LINE-03,136,3
3852,2025-02-15 08:45:00,LINE-04,82,2
3853,2025-02-15 09:00:00,LINE-01,82,1
3854,2025-02-15 09:15:00,LINE-02,121,4
3855,2025-02-15 09:30:00,LINE-03,91,3
3856,2025-02-15 09:45:00,LINE-04,112,2
3857,2025-02-15 10:00:00,LINE-01,103,2
3858,2025-02-15 10:15:00,LINE-02,122,3
3859,2025-02-15 10:30:00,LINE-03,113,3
3860,2025-02-15 10:45:00,LINE-04,92,2
3861,2025-02-15 11:00:00,LINE-01,99,2
3862,2025-02-15 11:15:00,LINE-02,138,2
3863,2025-02-15 11:30:00,LINE-03,136,3
3864,2025-02-15 11:45:00,LINE-04,99,2
3865,2025-02-15 12:00:00,LINE-01,88,1
3866,2025-02-15 12:15:00,LINE-02,129,2
3867,2025-02-15 12:30:00,LINE-03,104,3
3868,2025-02-15 12:45:00,LINE-04,137,3
3869,2025-02-15 13:00:00,LINE-01,97,2
3870,2025-02-15 13:15:00,LINE-02,111,1
3871,2025-02-15 13:30:00,LINE-03,115,4
3872,2025-02-15 13:45:00,LINE-04,88,1
3873,2025-02-15 14:00:00,LINE-01,99,3
3874,2025-02-15 14:15:00,LINE-02,119,3
3875,2025-02-15 14:30:00,LINE-03,122,3
3876,2025-02-15 14:45:00,LINE-04,102,3
3877,2025-02-15 15:00:00,LINE-01,128,3
3878,2025-02-15 15:15:00,LINE-02,102,2
3879,2025-02-15 15:30:00,LINE-03,130,5
3880,2025-02-15 15:45:00,LINE-04,109,3
3881,2025-02-15 16:00:00,LINE-01,88,2
3882,2025-02-15 16:15:00,LINE-02,81,1
3883,2025-02-15 16:30:00,LINE-03,133,4
3884,2025-02-15 16:45:00,LINE-04,124,3
3885,2025-02-15 17:00:00,LINE-01,131,2
3886,2025-02-15 17:15:00,LINE-02,109,3
3887,2025-02-15 17:30:00,LINE-03,119,4
3888,2025-02-15 17:45:00,LINE-04,89,2
3889,2025-02-15 18:00:00,LINE-01,133,4
3890,2025-02-15 18:15:00,LINE-02,92,2
3891,2025-02-15 18:30:00,LINE-03,100,2
3892,2025-02-15 18:45:00,LINE-04,98,1
3893,2025-02-15 19:00:00,LINE-01,111,3
3894,2025-02-15 19:15:00,LINE-02,127,4
3895,2025-02-15 19:30:00,LINE-03,128,4
3896,2025-02-15 19:45:00,LINE-04,92,1
3897,2025-02-15 20:00:00,LINE-01,106,2
3898,2025-02-15 20:15:00,LINE-02,90,2
3899,2025-02-15 20:30:00,LINE-03,121,4
3900,2025-02-15 20:45:00,LINE-04,111,2
3901,2025-02-15 21:00:00,LINE-01,139,4
3902,2025-02-15 21:15:00,LINE-02,80,2
3903,2025-02-15 21:30:00,LINE-03,120,3
3904,2025-02-15 21:45:00,LINE-04,87,2
3905,2025-02-15 22:00:00,LINE-01,100,1
3906,2025-02-15 22:15:00,LINE-02,119,2
3907,2025-02-15 22:30:00,LINE-03,106,4
3908,2025-02-15 22:45:00,LINE-04,122,2
3909,2025-02-15 23:00:00,LINE-01,126,3
3910,2025-02-15 23:15:00,LINE-02,94,2
3911,2025-02-15 23:30:00,LINE-03,132,5
3912,2025-02-15 23:45:00,LINE-04,127,3
3913,2025-02-16 00:00:00,LINE-01,111,3
3914,2025-02-16 00:15:00,LINE-02,109,2
3915,2025-02-16 00:30:00,LINE-03,107,4
3916,2025-02-16 00:45:00,LINE-04,124,2
3917,2025-02-16 01:00:00,LINE-01,103,2
3918,2025-02-16 01:15:00,LINE-02,104,2
3919,2025-02-16 01:30:00,LINE-03,112,3
3920,2025-02-16 01:45:00,LINE-04,97,2
3921,2025-02-16 02:00:00,LINE-01,82,2
3922,2025-02-16 02:15:00,LINE-02,107,3
3923,2025-02-16 02:30:00,LINE-03,105,3
3924,2025-02-16 02:45:00,LINE-04,104,2
3925,2025-02-16 03:00:00,LINE-01,118,3
3926,2025-02-16 03:15:00,LINE-02,92,1
3927,2025-02-16 03:30:00,LINE-03,96,3
3928,2025-02-16 03:45:00,LINE-04,116,3
3929,2025-02-16 04:00:00,LINE-01,119,2
3930,2025-02-16 04:15:00,LINE-02,90,2
3931,2025-02-16 04:30:00,LINE-03,89,2
3932,2025-02-16 04:45:00,LINE-04,120,3
3933,2025-02-16 05:00:00,LINE-01,103,2
3934,2025-02-16 05:15:00,LINE-02,131,3
3935,2025-02-16 05:30:00,LINE-03,101,3
3936,2025-02-16 05:45:00,LINE-04,108,3
3937,2025-02-16 06:00:00,LINE-01,80,1
3938,2025-02-16 06:15:00,LINE-02,90,2
3939,2025-02-16 06:30:00,LINE-03,85,2
3940,2025-02-16 06:45:00,LINE-04,87,2
3941,2025-02-16 07:00:00,LINE-01,140,2
3942,2025-02-16 07:15:00,LINE-02,123,3
3943,2025-02-16 07:30:00,LINE-03,112,2
3944,2025-02-16 07:45:00,LINE-04,124,2
3945,2025-02-16 08:00:00,LINE-01,114,2
3946,2025-02-16 08:15:00,LINE-02,94,2
3947,2025-02-16 08:30:00,LINE-03,108,4
3948,2025-02-16 08:45:00,LINE-04,129,3
3949,2025-02-16 09:00:00,LINE-01,115,2
3950,2025-02-16 09:15:00,LINE-02,130,3
3951,2025-02-16 09:30:00,LINE-03,133,4
3952,2025-02-16 09:45:00,LINE-04,96,2
3953,2025-02-16 10:00:00,LINE-01,120,1
3954,2025-02-16 10:15:00,LINE-02,93,2
3955,2025-02-16 10:30:00,LINE-03,98,3
3956,2025-02-16 10:45:00,LINE-04,126,2
3957,2025-02-16 11:00:00,LINE-01,103,2
3958,2025-02-16 11:15:00,LINE-02,108,2
3959,2025-02-16 11:30:00,LINE-03,89,3
3960,2025-02-16 11:45:00,LINE-04,88,2
3961,2025-02-16 12:00:00,LINE-01,116,2
3962,2025-02-16 12:15:00,LINE-02,134,3
3963,2025-02-16 12:30:00,LINE-03,95,3
3964,2025-02-16 12:45:00,LINE-04,101,2
3965,2025-02-16 13:00:00,LINE-01,119,3
3966,2025-02-16 13:15:00,LINE-02,93,2
3967,2025-02-16 13:30:00,LINE-03,131,3
3968,2025-02-16 13:45:00,LINE-04,108,1
3969,2025-02-16 14:00:00,LINE-01,139,4
3970,2025-02-16 14:15:00,LINE-02,127,2
3971,2025-02-16 14:30:00,LINE-03,119,2
3972,2025-02-16 14:45:00,LINE-04,104,3
3973,2025-02-16 15:00:00,LINE-01,81,2
3974,2025-02-16 15:15:00,LINE-02,128,4
3975,2025-02-16 15:30:00,LINE-03,86,2
3976,2025-02-16 15:45:00,LINE-04,101,3
3977,2025-02-16 16:00:00,LINE-01,102,2
3978,2025-02-16 16:15:00,LINE-02,95,2
3979,2025-02-16 16:30:00,LINE-03,88,3
3980,2025-02-16 16:45:00,LINE-04,84,1
3981,2025-02-16 17:00:00,LINE-01,126,2
3982,2025-02-16 17:15:00,LINE-02,132,4
3983,2025-02-16 17:30:00,LINE-03,88,2
3984,2025-02-16 17:45:00,LINE-04,116,3
3985,2025-02-16 18:00:00,LINE-01,101,1
3986,2025-02-16 18:15:00,LINE-02,80,2
3987,2025-02-16 18:30:00,LINE-03,131,4
3988,2025-02-16 18:45:00,LINE-04,122,3
3989,2025-02-16 19:00:00,LINE-01,90,1
3990,2025-02-16 19:15:00,LINE-02,129,3
3991,2025-02-16 19:30:00,LINE-03,92,3
3992,2025-02-16 19:45:00,LINE-04,113,2
3993,2025-02-16 20:00:00,LINE-01,95,2
3994,2025-02-16 20:15:00,LINE-02,110,2
3995,2025-02-16 20:30:00,LINE-03,133,3
3996,2025-02-16 20:45:00,LINE-04,89,3
3997,2025-02-16 21:00:00,LINE-01,86,1
3998,2025-02-16 21:15:00,LINE-02,135,3
3999,2025-02-16 21:30:00,LINE-03,108,3
4000,2025-02-16 21:45:00,LINE-04,101,2
4001,2025-02-16 22:00:00,LINE-01,132,4
4002,2025-02-16 22:15:00,LINE-02,115,2
4003,2025-02-16 22:30:00,LINE-03,120,3
4004,2025-02-16 22:45:00,LINE-04,92,2
4005,2025-02-16 23:00:00,LINE-01,117,3
4006,2025-02-16 23:15:00,LINE-02,85,2
4007,2025-02-16 23:30:00,LINE-03,90,2
4008,2025-02-16 23:45:00,LINE-04,111,2
4009,2025-02-17 00:00:00,LINE-01,91,3
4010,2025-02-17 00:15:00,LINE-02,84,1
4011,2025-02-17 00:30:00,LINE-03,138,3
4012,2025-02-17 00:45:00,LINE-04,114,2
4013,2025-02-17 01:00:00,LINE-01,123,2
4014,2025-02-17 01:15:00,LINE-02,99,3
4015,2025-02-17 01:30:00,LINE-03,109,3
4016,2025-02-17 01:45:00,LINE-04,119,3
4017,2025-02-17 02:00:00,LINE-01,90,2
4018,2025-02-17 02:15:00,LINE-02,134,2
4019,2025-02-17 02:30:00,LINE-03,128,4
4020,2025-02-17 02:45:00,LINE-04,139,4
4021,2025-02-17 03:00:00,LINE-01,102,2
4022,2025-02-17 03:15:00,LINE-02,101,3
4023,2025-02-17 03:30:00,LINE-03,115,4
4024,2025-02-17 03:45:00,LINE-04,124,2
4025,2025-02-17 04:00:00,LINE-01,120,3
4026,2025-02-17 04:15:00,LINE-02,138,4
4027,2025-02-17 04:30:00,LINE-03,137,4
4028,2025-02-17 04:45:00,LINE-04,96,3
4029,2025-02-17 05:00:00,LINE-01,135,4
4030,2025-02-17 05:15:00,LINE-02,106,2
4031,2025-02-17 05:30:00,LINE-03,117,4
4032,2025-02-17 05:45:00,LINE-04,96,2
4033,2025-02-17 06:00:00,LINE-01,128,2
4034,2025-02-17 06:15:00,LINE-02,125,2
4035,2025-02-17 06:30:00,LINE-03,113,4
4036,2025-02-17 06:45:00,LINE-04,137,3
4037,2025-02-17 07:00:00,LINE-01,91,2
4038,2025-02-17 07:15:00,LINE-02,139,3
4039,2025-02-17 07:30:00,LINE-03,137,5
4040,2025-02-17 07:45:00,LINE-04,123,3
4041,2025-02-17 08:00:00,LINE-01,121,3
4042,2025-02-17 08:15:00,LINE-02,81,2
4043,2025-02-17 08:30:00,LINE-03,80,3
4044,2025-02-17 08:45:00,LINE-04,89,3
4045,2025-02-17 09:00:00,LINE-01,102,2
4046,2025-02-17 09:15:00,LINE-02,89,2
4047,2025-02-17 09:30:00,LINE-03,91,3
4048,2025-02-17 09:45:00,LINE-04,83,2
4049,2025-02-17 10:00:00,LINE-01,83,1
4050,2025-02-17 10:15:00,LINE-02,124,4
4051,2025-02-17 10:30:00,LINE-03,99,3
4052,2025-02-17 10:45:00,LINE-04,136,2
4053,2025-02-17 11:00:00,LINE-01,96,2
4054,2025-02-17 11:15:00,LINE-02,86,2
4055,2025-02-17 11:30:00,LINE-03,123,3
4056,2025-02-17 11:45:00,LINE-04,91,2
4057,2025-02-17 12:00:00,LINE-01,137,4
4058,2025-02-17 12:15:00,LINE-02,138,4
4059,2025-02-17 12:30:00,LINE-03,134,4
4060,2025-02-17 12:45:00,LINE-04,136,2
4061,2025-02-17 13:00:00,LINE-01,133,3
4062,2025-02-17 13:15:00,LINE-02,103,2
4063,2025-02-17 13:30:00,LINE-03,117,4
4064,2025-02-17 13:45:00,LINE-04,82,1
4065,2025-02-17 14:00:00,LINE-01,89,1
4066,2025-02-17 14:15:00,LINE-02,111,2
4067,2025-02-17 14:30:00,LINE-03,101,3
4068,2025-02-17 14:45:00,LINE-04,121,3
4069,2025-02-17 15:00:00,LINE-01,96,2
4070,2025-02-17 15:15:00,LINE-02,133,2
4071,2025-02-17 15:30:00,LINE-03,133,5
4072,2025-02-17 15:45:00,LINE-04,139,3
4073,2025-02-17 16:00:00,LINE-01,82,2
4074,2025-02-17 16:15:00,LINE-02,129,3
4075,2025-02-17 16:30:00,LINE-03,118,2
4076,2025-02-17 16:45:00,LINE-04,109,2
4077,2025-02-17 17:00:00,LINE-01,129,2
4078,2025-02-17 17:15:00,LINE-02,139,3
4079,2025-02-17 17:30:00,LINE-03,117,4
4080,2025-02-17 17:45:00,LINE-04,100,2
4081,2025-02-17 18:00:00,LINE-01,140,3
4082,2025-02-17 18:15:00,LINE-02,84,2
4083,2025-02-17 18:30:00,LINE-03,82,3
4084,2025-02-17 18:45:00,LINE-04,82,2
4085,2025-02-17 19:00:00,LINE-01,124,2
4086,2025-02-17 19:15:00,LINE-02,99,2
4087,2025-02-17 19:30:00,LINE-03,122,4
4088,2025-02-17 19:45:00,LINE-04,139,2
4089,2025-02-17 20:00:00,LINE-01,136,3
4090,2025-02-17 20:15:00,LINE-02,128,2
4091,2025-02-17 20:30:00,LINE-03,101,3
4092,2025-02-17 20:45:00,LINE-04,132,2
4093,2025-02-17 21:00:00,LINE-01,81,2
4094,2025-02-17 21:15:00,LINE-02,134,2
4095,2025-02-17 21:30:00,LINE-03,122,3
4096,2025-02-17 21:45:00,LINE-04,84,2
4097,2025-02-17 22:00:00,LINE-01,120,2
4098,2025-02-17 22:15:00,LINE-02,114,3
4099,2025-02-17 22:30:00,LINE-03,136,5
4100,2025-02-17 22:45:00,LINE-04,126,4
4101,2025-02-17 23:00:00,LINE-01,99,1
4102,2025-02-17 23:15:00,LINE-02,107,3
4103,2025-02-17 23:30:00,LINE-03,139,4
4104,2025-02-17 23:45:00,LINE-04,102,2
4105,2025-02-18 00:00:00,LINE-01,92,2
4106,2025-02-18 00:15:00,LINE-02,138,2
4107,2025-02-18 00:30:00,LINE-03,97,3
4108,2025-02-18 00:45:00,LINE-04,91,2
4109,2025-02-18 01:00:00,LINE-01,87,1
4110,2025-02-18 01:15:00,LINE-02,136,2
4111,2025-02-18 01:30:00,LINE-03,106,4
4112,2025-02-18 01:45:00,LINE-04,107,1
4113,2025-02-18 02:00:00,LINE-01,119,2
4114,2025-02-18 02:15:00,LINE-02,140,2
4115,2025-02-18 02:30:00,LINE-03,128,3
4116,2025-02-18 02:45:00,LINE-04,137,4
4117,2025-02-18 03:00:00,LINE-01,124,2
4118,2025-02-18 03:15:00,LINE-02,117,2
4119,2025-02-18 03:30:00,LINE-03,123,5
4120,2025-02-18 03:45:00,LINE-04,80,2
4121,2025-02-18 04:00:00,LINE-01,106,3
4122,2025-02-18 04:15:00,LINE-02,94,3
4123,2025-02-18 04:30:00,LINE-03,99,2
4124,2025-02-18 04:45:00,LINE-04,121,3
4125,2025-02-18 05:00:00,LINE-01,117,2
4126,2025-02-18 05:15:00,LINE-02,94,1
4127,2025-02-18 05:30:00,LINE-03,119,4
4128,2025-02-18 05:45:00,LINE-04,132,3
4129,2025-02-18 06:00:00,LINE-01,113,3
4130,2025-02-18 06:15:00,LINE-02,131,2
4131,2025-02-18 06:30:00,LINE-03,119,3
4132,2025-02-18 06:45:00,LINE-04,125,2
4133,2025-02-18 07:00:00,LINE-01,97,2
4134,2025-02-18 07:15:00,LINE-02,133,4
4135,2025-02-18 07:30:00,LINE-03,82,2
4136,2025-02-18 07:45:00,LINE-04,94,2
4137,2025-02-18 08:00:00,LINE-01,93,2
4138,2025-02-18 08:15:00,LINE-02,115,3
4139,2025-02-18 08:30:00,LINE-03,109,3
4140,2025-02-18 08:45:00,LINE-04,128,4
4141,2025-02-18 09:00:00,LINE-01,106,3
4142,2025-02-18 09:15:00,LINE-02,119,4
4143,2025-02-18 09:30:00,LINE-03,116,4
4144,2025-02-18 09:45:00,LINE-04,122,2
4145,2025-02-18 10:00:00,LINE-01,83,1
4146,2025-02-18 10:15:00,LINE-02,85,2
4147,2025-02-18 10:30:00,LINE-03,113,4
4148,2025-02-18 10:45:00,LINE-04,120,2
4149,2025-02-18 11:00:00,LINE-01,139,3
4150,2025-02-18 11:15:00,LINE-02,102,2
4151,2025-02-18 11:30:00,LINE-03,138,4
4152,2025-02-18 11:45:00,LINE-04,134,2
4153,2025-02-18 12:00:00,LINE-01,129,2
4154,2025-02-18 12:15:00,LINE-02,118,3
4155,2025-02-18 12:30:00,LINE-03,83,2
4156,2025-02-18 12:45:00,LINE-04,107,2
4157,2025-02-18 13:00:00,LINE-01,134,3
4158,2025-02-18 13:15:00,LINE-02,127,4
4159,2025-02-18 13:30:00,LINE-03,133,4
4160,2025-02-18 13:45:00,LINE-04,138,4
4161,2025-02-18 14:00:00,LINE-01,108,2
4162,2025-02-18 14:15:00,LINE-02,92,2
4163,2025-02-18 14:30:00,LINE-03,110,3
4164,2025-02-18 14:45:00,LINE-04,137,2
4165,2025-02-18 15:00:00,LINE-01,136,3
4166,2025-02-18 15:15:00,LINE-02,127,2
4167,2025-02-18 15:30:00,LINE-03,114,4
4168,2025-02-18 15:45:00,LINE-04,130,3
4169,2025-02-18 16:00:00,LINE-01,84,2
4170,2025-02-18 16:15:00,LINE-02,117,2
4171,2025-02-18 16:30:00,LINE-03,103,3
4172,2025-02-18 16:45:00,LINE-04,91,2
4173,2025-02-18 17:00:00,LINE-01,99,2
4174,2025-02-18 17:15:00,LINE-02,132,2
4175,2025-02-18 17:30:00,LINE-03,86,2
4176,2025-02-18 17:45:00,LINE-04,134,3
4177,2025-02-18 18:00:00,LINE-01,91,2
4178,2025-02-18 18:15:00,LINE-02,122,3
4179,2025-02-18 18:30:00,LINE-03,140,5
4180,2025-02-18 18:45:00,LINE-04,132,2
4181,2025-02-18 19:00:00,LINE-01,114,2
4182,2025-02-18 19:15:00,LINE-02,112,2
4183,2025-02-18 19:30:00,LINE-03,132,3
4184,2025-02-18 19:45:00,LINE-04,83,2
4185,2025-02-18 20:00:00,LINE-01,87,1
4186,2025-02-18 20:15:00,LINE-02,121,3
4187,2025-02-18 20:30:00,LINE-03,127,4
4188,2025-02-18 20:45:00,LINE-04,87,2
4189,2025-02-18 21:00:00,LINE-01,115,3
4190,2025-02-18 21:15:00,LINE-02,124,2
4191,2025-02-18 21:30:00,LINE-03,91,3
4192,2025-02-18 21:45:00,LINE-04,104,3
4193,2025-02-18 22:00:00,LINE-01,98,2
4194,2025-02-18 22:15:00,LINE-02,116,3
4195,2025-02-18 22:30:00,LINE-03,98,4
4196,2025-02-18 22:45:00,LINE-04,140,2
4197,2025-02-18 23:00:00,LINE-01,122,3
4198,2025-02-18 23:15:00,LINE-02,98,2
4199,2025-02-18 23:30:00,LINE-03,120,3
4200,2025-02-18 23:45:00,LINE-04,82,1
4201,2025-02-19 00:00:00,LINE-01,119,2
4202,2025-02-19 00:15:00,LINE-02,135,2
4203,2025-02-19 00:30:00,LINE-03,110,3
4204,2025-02-19 00:45:00,LINE-04,95,1
4205,2025-02-19 01:00:00,LINE-01,133,2
4206,2025-02-19 01:15:00,LINE-02,121,3
4207,2025-02-19 01:30:00,LINE-03,85,3
4208,2025-02-19 01:45:00,LINE-04,81,2
4209,2025-02-19 02:00:00,LINE-01,82,2
4210,2025-02-19 02:15:00,LINE-02,127,3
4211,2025-02-19 02:30:00,LINE-03,114,3
4212,2025-02-19 02:45:00,LINE-04,139,2
4213,2025-02-19 03:00:00,LINE-01,115,3
4214,2025-02-19 03:15:00,LINE-02,115,3
4215,2025-02-19 03:30:00,LINE-03,127,5
4216,2025-02-19 03:45:00,LINE-04,92,2
4217,2025-02-19 04:00:00,LINE-01,118,3
4218,2025-02-19 04:15:00,LINE-02,131,3
4219,2025-02-19 04:30:00,LINE-03,84,3
4220,2025-02-19 04:45:00,LINE-04,135,2
4221,2025-02-19 05:00:00,LINE-01,95,2
4222,2025-02-19 05:15:00,LINE-02,117,2
4223,2025-02-19 05:30:00,LINE-03,133,5
4224,2025-02-19 05:45:00,LINE-04,80,2
4225,2025-02-19 06:00:00,LINE-01,92,2
4226,2025-02-19 06:15:00,LINE-02,123,4
4227,2025-02-19 06:30:00,LINE-03,124,3
4228,2025-02-19 06:45:00,LINE-04,131,3
4229,2025-02-19 07:00:00,LINE-01,99,2
4230,2025-02-19 07:15:00,LINE-02,94,1
4231,2025-02-19 07:30:00,LINE-03,110,4
4232,2025-02-19 07:45:00,LINE-04,106,2
4233,2025-02-19 08:00:00,LINE-01,137,2
4234,2025-02-19 08:15:00,LINE-02,85,1
4235,2025-02-19 08:30:00,LINE-03,116,2
4236,2025-02-19 08:45:00,LINE-04,132,2
4237,2025-02-19 09:00:00,LINE-01,139,3
4238,2025-02-19 09:15:00,LINE-02,80,2
4239,2025-02-19 09:30:00,LINE-03,113,4
4240,2025-02-19 09:45:00,LINE-04,136,3
4241,2025-02-19 10:00:00,LINE-01,101,3
4242,2025-02-19 10:15:00,LINE-02,123,3
4243,2025-02-19 10:30:00,LINE-03,83,2
4244,2025-02-19 10:45:00,LINE-04,126,2
4245,2025-02-19 11:00:00,LINE-01,103,2
4246,2025-02-19 11:15:00,LINE-02,100,1
4247,2025-02-19 11:30:00,LINE-03,139,5
4248,2025-02-19 11:45:00,LINE-04,116,3
4249,2025-02-19 12:00:00,LINE-01,105,1
4250,2025-02-19 12:15:00,LINE-02,91,2
4251,2025-02-19 12:30:00,LINE-03,128,3
4252,2025-02-19 12:45:00,LINE-04,124,3
4253,2025-02-19 13:00:00,LINE-01,136,3
4254,2025-02-19 13:15:00,LINE-02,86,2
4255,2025-02-19 13:30:00,LINE-03,127,3
4256,2025-02-19 13:45:00,LINE-04,130,2
4257,2025-02-19 14:00:00,LINE-01,131,2
4258,2025-02-19 14:15:00,LINE-02,96,2
4259,2025-02-19 14:30:00,LINE-03,108,4
4260,2025-02-19 14:45:00,LINE-04,90,1
4261,2025-02-19 15:00:00,LINE-01,116,1
4262,2025-02-19 15:15:00,LINE-02,84,2
4263,2025-02-19 15:30:00,LINE-03,114,4
4264,2025-02-19 15:45:00,LINE-04,94,2
4265,2025-02-19 16:00:00,LINE-01,125,3
4266,2025-02-19 16:15:00,LINE-02,81,2
4267,2025-02-19 16:30:00,LINE-03,137,5
4268,2025-02-19 16:45:00,LINE-04,120,3
4269,2025-02-19 17:00:00,LINE-01,117,2
4270,2025-02-19 17:15:00,LINE-02,93,2
4271,2025-02-19 17:30:00,LINE-03,119,4
4272,2025-02-19 17:45:00,LINE-04,135,4
4273,2025-02-19 18:00:00,LINE-01,96,1
4274,2025-02-19 18:15:00,LINE-02,136,3
4275,2025-02-19 18:30:00,LINE-03,122,3
4276,2025-02-19 18:45:00,LINE-04,102,2
4277,2025-02-19 19:00:00,LINE-01,103,2
4278,2025-02-19 19:15:00,LINE-02,128,2
4279,2025-02-19 19:30:00,LINE-03,117,4
4280,2025-02-19 19:45:00,LINE-04,127,2
4281,2025-02-19 20:00:00,LINE-01,116,2
4282,2025-02-19 20:15:00,LINE-02,126,3
4283,2025-02-19 20:30:00,LINE-03,109,4
4284,2025-02-19 20:45:00,LINE-04,117,2
4285,2025-02-19 21:00:00,LINE-01,106,2
4286,2025-02-19 21:15:00,LINE-02,124,3
4287,2025-02-19 21:30:00,LINE-03,105,2
4288,2025-02-19 21:45:00,LINE-04,137,4
4289,2025-02-19 22:00:00,LINE-01,100,2
4290,2025-02-19 22:15:00,LINE-02,99,1
4291,2025-02-19 22:30:00,LINE-03,101,3
4292,2025-02-19 22:45:00,LINE-04,95,2
4293,2025-02-19 23:00:00,LINE-01,102,2
4294,2025-02-19 23:15:00,LINE-02,103,3
4295,2025-02-19 23:30:00,LINE-03,83,2
4296,2025-02-19 23:45:00,LINE-04,103,1
4297,2025-02-20 00:00:00,LINE-01,105,3
4298,2025-02-20 00:15:00,LINE-02,128,2
4299,2025-02-20 00:30:00,LINE-03,88,2
4300,2025-02-20 00:45:00,LINE-04,110,2
4301,2025-02-20 01:00:00,LINE-01,114,3
4302,2025-02-20 01:15:00,LINE-02,88,2
4303,2025-02-20 01:30:00,LINE-03,119,4
4304,2025-02-20 01:45:00,LINE-04,130,3
4305,2025-02-20 02:00:00,LINE-01,133,4
4306,2025-02-20 02:15:00,LINE-02,124,3
4307,2025-02-20 02:30:00,LINE-03,98,2
4308,2025-02-20 02:45:00,LINE-04,92,1
4309,2025-02-20 03:00:00,LINE-01,125,2
4310,2025-02-20 03:15:00,LINE-02,136,2
4311,2025-02-20 03:30:00,LINE-03,93,3
4312,2025-02-20 03:45:00,LINE-04,92,2
4313,2025-02-20 04:00:00,LINE-01,124,2
4314,2025-02-20 04:15:00,LINE-02,93,2
4315,2025-02-20 04:30:00,LINE-03,127,3
4316,2025-02-20 04:45:00,LINE-04,101,2
4317,2025-02-20 05:00:00,LINE-01,95,1
4318,2025-02-20 05:15:00,LINE-02,128,2
4319,2025-02-20 05:30:00,LINE-03,124,3
4320,2025-02-20 05:45:00,LINE-04,127,2
4321,2025-02-20 06:00:00,LINE-01,136,4
4322,2025-02-20 06:15:00,LINE-02,89,1
4323,2025-02-20 06:30:00,LINE-03,99,3
4324,2025-02-20 06:45:00,LINE-04,139,2
4325,2025-02-20 07:00:00,LINE-01,99,2
4326,2025-02-20 07:15:00,LINE-02,92,1
4327,2025-02-20 07:30:00,LINE-03,112,3
4328,2025-02-20 07:45:00,LINE-04,108,2
4329,2025-02-20 08:00:00,LINE-01,92,1
4330,2025-02-20 08:15:00,LINE-02,90,2
4331,2025-02-20 08:30:00,LINE-03,118,4
4332,2025-02-20 08:45:00,LINE-04,131,3
4333,2025-02-20 09:00:00,LINE-01,89,1
4334,2025-02-20 09:15:00,LINE-02,85,2
4335,2025-02-20 09:30:00,LINE-03,106,2
4336,2025-02-20 09:45:00,LINE-04,137,4
4337,2025-02-20 10:00:00,LINE-01,98,3
4338,2025-02-20 10:15:00,LINE-02,111,2
4339,2025-02-20 10:30:00,LINE-03,114,4
4340,2025-02-20 10:45:00,LINE-04,109,1
4341,2025-02-20 11:00:00,LINE-01,85,2
4342,2025-02-20 11:15:00,LINE-02,133,2
4343,2025-02-20 11:30:00,LINE-03,108,2
4344,2025-02-20 11:45:00,LINE-04,90,1
4345,2025-02-20 12:00:00,LINE-01,126,3
4346,2025-02-20 12:15:00,LINE-02,101,2
4347,2025-02-20 12:30:00,LINE-03,93,3
4348,2025-02-20 12:45:00,LINE-04,83,1
4349,2025-02-20 13:00:00,LINE-01,122,4
4350,2025-02-20 13:15:00,LINE-02,93,2
4351,2025-02-20 13:30:00,LINE-03,88,2
4352,2025-02-20 13:45:00,LINE-04,128,3
4353,2025-02-20 14:00:00,LINE-01,97,2
4354,2025-02-20 14:15:00,LINE-02,107,3
4355,2025-02-20 14:30:00,LINE-03,128,3
4356,2025-02-20 14:45:00,LINE-04,120,2
4357,2025-02-20 15:00:00,LINE-01,134,2
4358,2025-02-20 15:15:00,LINE-02,125,2
4359,2025-02-20 15:30:00,LINE-03,91,2
4360,2025-02-20 15:45:00,LINE-04,137,2
4361,2025-02-20 16:00:00,LINE-01,89,1
4362,2025-02-20 16:15:00,LINE-02,80,2
4363,2025-02-20 16:30:00,LINE-03,81,3
4364,2025-02-20 16:45:00,LINE-04,118,2
4365,2025-02-20 17:00:00,LINE-01,106,3
4366,2025-02-20 17:15:00,LINE-02,101,3
4367,2025-02-20 17:30:00,LINE-03,108,4
4368,2025-02-20 17:45:00,LINE-04,87,2
4369,2025-02-20 18:00:00,LINE-01,88,2
4370,2025-02-20 18:15:00,LINE-02,95,2
4371,2025-02-20 18:30:00,LINE-03,112,4
4372,2025-02-20 18:45:00,LINE-04,119,2
4373,2025-02-20 19:00:00,LINE-01,81,2
4374,2025-02-20 19:15:00,LINE-02,123,2
4375,2025-02-20 19:30:00,LINE-03,133,3
4376,2025-02-20 19:45:00,LINE-04,125,2
4377,2025-02-20 20:00:00,LINE-01,140,4
4378,2025-02-20 20:15:00,LINE-02,139,2
4379,2025-02-20 20:30:00,LINE-03,105,4
4380,2025-02-20 20:45:00,LINE-04,118,3
4381,2025-02-20 21:00:00,LINE-01,82,2
4382,2025-02-20 21:15:00,LINE-02,118,2
4383,2025-02-20 21:30:00,LINE-03,108,2
4384,2025-02-20 21:45:00,LINE-04,138,4
4385,2025-02-20 22:00:00,LINE-01,90,2
4386,2025-02-20 22:15:00,LINE-02,111,3
4387,2025-02-20 22:30:00,LINE-03,85,2
4388,2025-02-20 22:45:00,LINE-04,90,3
4389,2025-02-20 23:00:00,LINE-01,104,2
4390,2025-02-20 23:15:00,LINE-02,132,2
4391,2025-02-20 23:30:00,LINE-03,95,2
4392,2025-02-20 23:45:00,LINE-04,97,2
4393,2025-02-21 00:00:00,LINE-01,81,2
4394,2025-02-21 00:15:00,LINE-02,114,3
4395,2025-02-21 00:30:00,LINE-03,113,4
4396,2025-02-21 00:45:00,LINE-04,86,3
4397,2025-02-21 01:00:00,LINE-01,81,2
4398,2025-02-21 01:15:00,LINE-02,128,3
4399,2025-02-21 01:30:00,LINE-03,104,3
4400,2025-02-21 01:45:00,LINE-04,140,3
4401,2025-02-21 02:00:00,LINE-01,102,2
4402,2025-02-21 02:15:00,LINE-02,101,2
4403,2025-02-21 02:30:00,LINE-03,103,3
4404,2025-02-21 02:45:00,LINE-04,115,3
4405,2025-02-21 03:00:00,LINE-01,84,2
4406,2025-02-21 03:15:00,LINE-02,86,2
4407,2025-02-21 03:30:00,LINE-03,114,2
4408,2025-02-21 03:45:00,LINE-04,113,2
4409,2025-02-21 04:00:00,LINE-01,86,2
4410,2025-02-21 04:15:00,LINE-02,119,2
4411,2025-02-21 04:30:00,LINE-03,123,4
4412,2025-02-21 04:45:00,LINE-04,92,2
4413,2025-02-21 05:00:00,LINE-01,95,2
4414,2025-02-21 05:15:00,LINE-02,133,3
4415,2025-02-21 05:30:00,LINE-03,114,3
4416,2025-02-21 05:45:00,LINE-04,103,3
4417,2025-02-21 06:00:00,LINE-01,113,2
4418,2025-02-21 06:15:00,LINE-02,102,1
4419,2025-02-21 06:30:00,LINE-03,119,4
4420,2025-02-21 06:45:00,LINE-04,123,2
4421,2025-02-21 07:00:00,LINE-01,116,2
4422,2025-02-21 07:15:00,LINE-02,85,2
4423,2025-02-21 07:30:00,LINE-03,126,3
4424,2025-02-21 07:45:00,LINE-04,135,4
4425,2025-02-21 08:00:00,LINE-01,108,2
4426,2025-02-21 08:15:00,LINE-02,118,3
4427,2025-02-21 08:30:00,LINE-03,106,2
4428,2025-02-21 08:45:00,LINE-04,136,2
4429,2025-02-21 09:00:00,LINE-01,130,2
4430,2025-02-21 09:15:00,LINE-02,130,4
4431,2025-02-21 09:30:00,LINE-03,96,3
4432,2025-02-21 09:45:00,LINE-04,113,3
4433,2025-02-21 10:00:00,LINE-01,94,2
4434,2025-02-21 10:15:00,LINE-02,98,1
4435,2025-02-21 10:30:00,LINE-03,115,3
4436,2025-02-21 10:45:00,LINE-04,98,2
4437,2025-02-21 11:00:00,LINE-01,135,3
4438,2025-02-21 11:15:00,LINE-02,118,3
4439,2025-02-21 11:30:00,LINE-03,86,3
4440,2025-02-21 11:45:00,LINE-04,83,2
4441,2025-02-21 12:00:00,LINE-01,107,2
4442,2025-02-21 12:15:00,LINE-02,110,3
4443,2025-02-21 12:30:00,LINE-03,100,3
4444,2025-02-21 12:45:00,LINE-04,131,2
4445,2025-02-21 13:00:00,LINE-01,84,1
4446,2025-02-21 13:15:00,LINE-02,80,1
4447,2025-02-21 13:30:00,LINE-03,100,2
4448,2025-02-21 13:45:00,LINE-04,95,2
4449,2025-02-21 14:00:00,LINE-01,139,4
4450,2025-02-21 14:15:00,LINE-02,116,3
4451,2025-02-21 14:30:00,LINE-03,139,4
4452,2025-02-21 14:45:00,LINE-04,128,4
4453,2025-02-21 15:00:00,LINE-01,132,4
4454,2025-02-21 15:15:00,LINE-02,92,2
4455,2025-02-21 15:30:00,LINE-03,91,2
4456,2025-02-21 15:45:00,LINE-04,99,2
4457,2025-02-21 16:00:00,LINE-01,99,3
4458,2025-02-21 16:15:00,LINE-02,103,2
4459,2025-02-21 16:30:00,LINE-03,110,3
4460,2025-02-21 16:45:00,LINE-04,137,2
4461,2025-02-21 17:00:00,LINE-01,83,2
4462,2025-02-21 17:15:00,LINE-02,111,3
4463,2025-02-21 17:30:00,LINE-03,132,5
4464,2025-02-21 17:45:00,LINE-04,86,2
4465,2025-02-21 18:00:00,LINE-01,101,2
4466,2025-02-21 18:15:00,LINE-02,113,2
4467,2025-02-21 18:30:00,LINE-03,127,3
4468,2025-02-21 18:45:00,LINE-04,136,4
4469,2025-02-21 19:00:00,LINE-01,127,2
4470,2025-02-21 19:15:00,LINE-02,137,3
4471,2025-02-21 19:30:00,LINE-03,114,3
4472,2025-02-21 19:45:00,LINE-04,104,2
4473,2025-02-21 20:00:00,LINE-01,105,1
4474,2025-02-21 20:15:00,LINE-02,117,2
4475,2025-02-21 20:30:00,LINE-03,83,3
4476,2025-02-21 20:45:00,LINE-04,138,4
4477,2025-02-21 21:00:00,LINE-01,117,2
4478,2025-02-21 21:15:00,LINE-02,139,3
4479,2025-02-21 21:30:00,LINE-03,137,3
4480,2025-02-21 21:45:00,LINE-04,113,3
4481,2025-02-21 22:00:00,LINE-01,129,2
4482,2025-02-21 22:15:00,LINE-02,135,3
4483,2025-02-21 22:30:00,LINE-03,113,2
4484,2025-02-21 22:45:00,LINE-04,140,4
4485,2025-02-21 23:00:00,LINE-01,129,2
4486,2025-02-21 23:15:00,LINE-02,115,3
4487,2025-02-21 23:30:00,LINE-03,106,3
4488,2025-02-21 23:45:00,LINE-04,96,1
4489,2025-02-22 00:00:00,LINE-01,96,2
4490,2025-02-22 00:15:00,LINE-02,105,3
4491,2025-02-22 00:30:00,LINE-03,81,2
4492,2025-02-22 00:45:00,LINE-04,136,4
4493,2025-02-22 01:00:00,LINE-01,99,3
4494,2025-02-22 01:15:00,LINE-02,135,2
4495,2025-02-22 01:30:00,LINE-03,96,3
4496,2025-02-22 01:45:00,LINE-04,105,2
4497,2025-02-22 02:00:00,LINE-01,138,3
4498,2025-02-22 02:15:00,LINE-02,106,3
4499,2025-02-22 02:30:00,LINE-03,121,5
4500,2025-02-22 02:45:00,LINE-04,81,2
4501,2025-02-22 03:00:00,LINE-01,111,3
4502,2025-02-22 03:15:00,LINE-02,136,4
4503,2025-02-22 03:30:00,LINE-03,124,3
4504,2025-02-22 03:45:00,LINE-04,117,1
4505,2025-02-22 04:00:00,LINE-01,108,1
4506,2025-02-22 04:15:00,LINE-02,89,2
4507,2025-02-22 04:30:00,LINE-03,97,2
4508,2025-02-22 04:45:00,LINE-04,129,3
4509,2025-02-22 05:00:00,LINE-01,122,3
4510,2025-02-22 05:15:00,LINE-02,86,2
4511,2025-02-22 05:30:00,LINE-03,123,3
4512,2025-02-22 05:45:00,LINE-04,134,2
4513,2025-02-22 06:00:00,LINE-01,85,1
4514,2025-02-22 06:15:00,LINE-02,92,3
4515,2025-02-22 06:30:00,LINE-03,122,3
4516,2025-02-22 06:45:00,LINE-04,104,3
4517,2025-02-22 07:00:00,LINE-01,137,2
4518,2025-02-22 07:15:00,LINE-02,127,3
4519,2025-02-22 07:30:00,LINE-03,101,4
4520,2025-02-22 07:45:00,LINE-04,94,2
4521,2025-02-22 08:00:00,LINE-01,127,3
4522,2025-02-22 08:15:00,LINE-02,94,3
4523,2025-02-22 08:30:00,LINE-03,100,2
4524,2025-02-22 08:45:00,LINE-04,87,2
4525,2025-02-22 09:00:00,LINE-01,88,1
4526,2025-02-22 09:15:00,LINE-02,106,1
4527,2025-02-22 09:30:00,LINE-03,137,3
4528,2025-02-22 09:45:00,LINE-04,99,2
4529,2025-02-22 10:00:00,LINE-01,83,2
4530,2025-02-22 10:15:00,LINE-02,133,3
4531,2025-02-22 10:30:00,LINE-03,138,5
4532,2025-02-22 10:45:00,LINE-04,90,3
4533,2025-02-22 11:00:00,LINE-01,134,4
4534,2025-02-22 11:15:00,LINE-02,114,2
4535,2025-02-22 11:30:00,LINE-03,137,4
4536,2025-02-22 11:45:00,LINE-04,121,2
4537,2025-02-22 12:00:00,LINE-01,104,3
4538,2025-02-22 12:15:00,LINE-02,110,2
4539,2025-02-22 12:30:00,LINE-03,120,4
4540,2025-02-22 12:45:00,LINE-04,135,4
4541,2025-02-22 13:00:00,LINE-01,97,2
4542,2025-02-22 13:15:00,LINE-02,125,2
4543,2025-02-22 13:30:00,LINE-03,137,3
4544,2025-02-22 13:45:00,LINE-04,111,2
4545,2025-02-22 14:00:00,LINE-01,104,2
4546,2025-02-22 14:15:00,LINE-02,91,1
4547,2025-02-22 14:30:00,LINE-03,121,3
4548,2025-02-22 14:45:00,LINE-04,101,2
4549,2025-02-22 15:00:00,LINE-01,110,3
4550,2025-02-22 15:15:00,LINE-02,103,2
4551,2025-02-22 15:30:00,LINE-03,81,2
4552,2025-02-22 15:45:00,LINE-04,127,2
4553,2025-02-22 16:00:00,LINE-01,115,2
4554,2025-02-22 16:15:00,LINE-02,82,2
4555,2025-02-22 16:30:00,LINE-03,108,2
4556,2025-02-22 16:45:00,LINE-04,130,2
4557,2025-02-22 17:00:00,LINE-01,115,2
4558,2025-02-22 17:15:00,LINE-02,113,2
4559,2025-02-22 17:30:00,LINE-03,108,2
4560,2025-02-22 17:45:00,LINE-04,102,2
4561,2025-02-22 18:00:00,LINE-01,117,2
4562,2025-02-22 18:15:00,LINE-02,97,3
4563,2025-02-22 18:30:00,LINE-03,83,3
4564,2025-02-22 18:45:00,LINE-04,117,2
4565,2025-02-22 19:00:00,LINE-01,129,2
4566,2025-02-22 19:15:00,LINE-02,125,3
4567,2025-02-22 19:30:00,LINE-03,109,3
4568,2025-02-22 19:45:00,LINE-04,136,4
4569,2025-02-22 20:00:00,LINE-01,89,1
4570,2025-02-22 20:15:00,LINE-02,114,3
4571,2025-02-22 20:30:00,LINE-03,85,3
4572,2025-02-22 20:45:00,LINE-04,127,2
4573,2025-02-22 21:00:00,LINE-01,113,3
4574,2025-02-22 21:15:00,LINE-02,80,1
4575,2025-02-22 21:30:00,LINE-03,109,3
4576,2025-02-22 21:45:00,LINE-04,88,2
4577,2025-02-22 22:00:00,LINE-01,122,2
4578,2025-02-22 22:15:00,LINE-02,85,2
4579,2025-02-22 22:30:00,LINE-03,107,3
4580,2025-02-22 22:45:00,LINE-04,112,1
4581,2025-02-22 23:00:00,LINE-01,102,1
4582,2025-02-22 23:15:00,LINE-02,123,3
4583,2025-02-22 23:30:00,LINE-03,118,2
4584,2025-02-22 23:45:00,LINE-04,104,3
4585,2025-02-23 00:00:00,LINE-01,124,2
4586,2025-02-23 00:15:00,LINE-02,133,3
4587,2025-02-23 00:30:00,LINE-03,90,2
4588,2025-02-23 00:45:00,LINE-04,138,4
4589,2025-02-23 01:00:00,LINE-01,112,2
4590,2025-02-23 01:15:00,LINE-02,130,3
4591,2025-02-23 01:30:00,LINE-03,109,3
4592,2025-02-23 01:45:00,LINE-04,84,2
4593,2025-02-23 02:00:00,LINE-01,107,1
4594,2025-02-23 02:15:00,LINE-02,81,2
4595,2025-02-23 02:30:00,LINE-03,134,5
4596,2025-02-23 02:45:00,LINE-04,117,2
4597,2025-02-23 03:00:00,LINE-01,128,3
4598,2025-02-23 03:15:00,LINE-02,128,2
4599,2025-02-23 03:30:00,LINE-03,88,3
4600,2025-02-23 03:45:00,LINE-04,90,2
4601,2025-02-23 04:00:00,LINE-01,125,2
4602,2025-02-23 04:15:00,LINE-02,140,4
4603,2025-02-23 04:30:00,LINE-03,99,3
4604,2025-02-23 04:45:00,LINE-04,113,3
4605,2025-02-23 05:00:00,LINE-01,110,2
4606,2025-02-23 05:15:00,LINE-02,123,3
4607,2025-02-23 05:30:00,LINE-03,117,4
4608,2025-02-23 05:45:00,LINE-04,84,2
4609,2025-02-23 06:00:00,LINE-01,91,1
4610,2025-02-23 06:15:00,LINE-02,105,2
4611,2025-02-23 06:30:00,LINE-03,116,2
4612,2025-02-23 06:45:00,LINE-04,93,2
4613,2025-02-23 07:00:00,LINE-01,133,3
4614,2025-02-23 07:15:00,LINE-02,132,4
4615,2025-02-23 07:30:00,LINE-03,101,4
4616,2025-02-23 07:45:00,LINE-04,138,2
4617,2025-02-23 08:00:00,LINE-01,134,2
4618,2025-02-23 08:15:00,LINE-02,116,2
4619,2025-02-23 08:30:00,LINE-03,133,4
4620,2025-02-23 08:45:00,LINE-04,124,3
4621,2025-02-23 09:00:00,LINE-01,89,2
4622,2025-02-23 09:15:00,LINE-02,98,2
4623,2025-02-23 09:30:00,LINE-03,110,3
4624,2025-02-23 09:45:00,LINE-04,84,1
4625,2025-02-23 10:00:00,LINE-01,134,3
4626,2025-02-23 10:15:00,LINE-02,107,1
4627,2025-02-23 10:30:00,LINE-03,99,4
4628,2025-02-23 10:45:00,LINE-04,84,2
4629,2025-02-23 11:00:00,LINE-01,138,2
4630,2025-02-23 11:15:00,LINE-02,82,2
4631,2025-02-23 11:30:00,LINE-03,102,2
4632,2025-02-23 11:45:00,LINE-04,132,2
4633,2025-02-23 12:00:00,LINE-01,96,2
4634,2025-02-23 12:15:00,LINE-02,106,2
4635,2025-02-23 12:30:00,LINE-03,94,3
4636,2025-02-23 12:45:00,LINE-04,89,2
4637,2025-02-23 13:00:00,LINE-01,104,2
4638,2025-02-23 13:15:00,LINE-02,137,3
4639,2025-02-23 13:30:00,LINE-03,90,3
4640,2025-02-23 13:45:00,LINE-04,119,2
4641,2025-02-23 14:00:00,LINE-01,88,2
4642,2025-02-23 14:15:00,LINE-02,93,2
4643,2025-02-23 14:30:00,LINE-03,124,4
4644,2025-02-23 14:45:00,LINE-04,115,2
4645,2025-02-23 15:00:00,LINE-01,95,2
4646,2025-02-23 15:15:00,LINE-02,123,3
4647,2025-02-23 15:30:00,LINE-03,140,4
4648,2025-02-23 15:45:00,LINE-04,107,3
4649,2025-02-23 16:00:00,LINE-01,125,3
4650,2025-02-23 16:15:00,LINE-02,85,2
4651,2025-02-23 16:30:00,LINE-03,127,3
4652,2025-02-23 16:45:00,LINE-04,89,2
4653,2025-02-23 17:00:00,LINE-01,80,1
4654,2025-02-23 17:15:00,LINE-02,108,2
4655,2025-02-23 17:30:00,LINE-03,113,2
4656,2025-02-23 17:45:00,LINE-04,92,2
4657,2025-02-23 18:00:00,LINE-01,132,3
4658,2025-02-23 18:15:00,LINE-02,123,3
4659,2025-02-23 18:30:00,LINE-03,89,3
4660,2025-02-23 18:45:00,LINE-04,124,3
4661,2025-02-23 19:00:00,LINE-01,131,2
4662,2025-02-23 19:15:00,LINE-02,134,3
4663,2025-02-23 19:30:00,LINE-03,84,2
4664,2025-02-23 19:45:00,LINE-04,117,3
4665,2025-02-23 20:00:00,LINE-01,105,2
4666,2025-02-23 20:15:00,LINE-02,81,1
4667,2025-02-23 20:30:00,LINE-03,85,2
4668,2025-02-23 20:45:00,LINE-04,90,1
4669,2025-02-23 21:00:00,LINE-01,110,2
4670,2025-02-23 21:15:00,LINE-02,82,2
4671,2025-02-23 21:30:00,LINE-03,136,5
4672,2025-02-23 21:45:00,LINE-04,137,3
4673,2025-02-23 22:00:00,LINE-01,107,3
4674,2025-02-23 22:15:00,LINE-02,118,2
4675,2025-02-23 22:30:00,LINE-03,102,2
4676,2025-02-23 22:45:00,LINE-04,84,2
4677,2025-02-23 23:00:00,LINE-01,101,3
4678,2025-02-23 23:15:00,LINE-02,113,3
4679,2025-02-23 23:30:00,LINE-03,132,3
4680,2025-02-23 23:45:00,LINE-04,80,1
4681,2025-02-24 00:00:00,LINE-01,86,2
4682,2025-02-24 00:15:00,LINE-02,101,1
4683,2025-02-24 00:30:00,LINE-03,126,3
4684,2025-02-24 00:45:00,LINE-04,114,3
4685,2025-02-24 01:00:00,LINE-01,111,3
4686,2025-02-24 01:15:00,LINE-02,118,2
4687,2025-02-24 01:30:00,LINE-03,107,4
4688,2025-02-24 01:45:00,LINE-04,101,2
4689,2025-02-24 02:00:00,LINE-01,127,2
4690,2025-02-24 02:15:00,LINE-02,102,2
4691,2025-02-24 02:30:00,LINE-03,89,3
4692,2025-02-24 02:45:00,LINE-04,111,2
4693,2025-02-24 03:00:00,LINE-01,80,2
4694,2025-02-24 03:15:00,LINE-02,123,4
4695,2025-02-24 03:30:00,LINE-03,126,3
4696,2025-02-24 03:45:00,LINE-04,139,3
4697,2025-02-24 04:00:00,LINE-01,85,1
4698,2025-02-24 04:15:00,LINE-02,99,2
4699,2025-02-24 04:30:00,LINE-03,86,3
4700,2025-02-24 04:45:00,LINE-04,113,3
4701,2025-02-24 05:00:00,LINE-01,139,3
4702,2025-02-24 05:15:00,LINE-02,112,3
4703,2025-02-24 05:30:00,LINE-03,94,3
4704,2025-02-24 05:45:00,LINE-04,134,3
4705,2025-02-24 06:00:00,LINE-01,129,3
4706,2025-02-24 06:15:00,LINE-02,105,2
4707,2025-02-24 06:30:00,LINE-03,87,2
4708,2025-02-24 06:45:00,LINE-04,109,3
4709,2025-02-24 07:00:00,LINE-01,104,3
4710,2025-02-24 07:15:00,LINE-02,108,2
4711,2025-02-24 07:30:00,LINE-03,112,3
4712,2025-02-24 07:45:00,LINE-04,90,1
4713,2025-02-24 08:00:00,LINE-01,95,2
4714,2025-02-24 08:15:00,LINE-02,122,3
4715,2025-02-24 08:30:00,LINE-03,119,4
4716,2025-02-24 08:45:00,LINE-04,123,2
4717,2025-02-24 09:00:00,LINE-01,138,2
4718,2025-02-24 09:15:00,LINE-02,133,2
4719,2025-02-24 09:30:00,LINE-03,95,2
4720,2025-02-24 09:45:00,LINE-04,140,3
4721,2025-02-24 10:00:00,LINE-01,104,1
4722,2025-02-24 10:15:00,LINE-02,81,1
4723,2025-02-24 10:30:00,LINE-03,109,3
4724,2025-02-24 10:45:00,LINE-04,136,3
4725,2025-02-24 11:00:00,LINE-01,104,3
4726,2025-02-24 11:15:00,LINE-02,83,2
4727,2025-02-24 11:30:00,LINE-03,130,3
4728,2025-02-24 11:45:00,LINE-04,120,2
4729,2025-02-24 12:00:00,LINE-01,127,3
4730,2025-02-24 12:15:00,LINE-02,80,2
4731,2025-02-24 12:30:00,LINE-03,140,4
4732,2025-02-24 12:45:00,LINE-04,80,1
4733,2025-02-24 13:00:00,LINE-01,114,2
4734,2025-02-24 13:15:00,LINE-02,105,1
4735,2025-02-24 13:30:00,LINE-03,83,3
4736,2025-02-24 13:45:00,LINE-04,138,3
4737,2025-02-24 14:00:00,LINE-01,128,2
4738,2025-02-24 14:15:00,LINE-02,106,3
4739,2025-02-24 14:30:00,LINE-03,137,5
4740,2025-02-24 14:45:00,LINE-04,108,2
4741,2025-02-24 15:00:00,LINE-01,91,1
4742,2025-02-24 15:15:00,LINE-02,117,2
4743,2025-02-24 15:30:00,LINE-03,103,3
4744,2025-02-24 15:45:00,LINE-04,128,3
4745,2025-02-24 16:00:00,LINE-01,80,1
4746,2025-02-24 16:15:00,LINE-02,112,3
4747,2025-02-24 16:30:00,LINE-03,122,4
4748,2025-02-24 16:45:00,LINE-04,99,2
4749,2025-02-24 17:00:00,LINE-01,105,3
4750,2025-02-24 17:15:00,LINE-02,101,3
4751,2025-02-24 17:30:00,LINE-03,108,4
4752,2025-02-24 17:45:00,LINE-04,139,2
4753,2025-02-24 18:00:00,LINE-01,132,2
4754,2025-02-24 18:15:00,LINE-02,92,2
4755,2025-02-24 18:30:00,LINE-03,118,3
4756,2025-02-24 18:45:00,LINE-04,105,2
4757,2025-02-24 19:00:00,LINE-01,122,3
4758,2025-02-24 19:15:00,LINE-02,114,2
4759,2025-02-24 19:30:00,LINE-03,100,3
4760,2025-02-24 19:45:00,LINE-04,129,2
4761,2025-02-24 20:00:00,LINE-01,87,1
4762,2025-02-24 20:15:00,LINE-02,106,2
4763,2025-02-24 20:30:00,LINE-03,87,2
4764,2025-02-24 20:45:00,LINE-04,120,3
4765,2025-02-24 21:00:00,LINE-01,109,2
4766,2025-02-24 21:15:00,LINE-02,134,3
4767,2025-02-24 21:30:00,LINE-03,92,2
4768,2025-02-24 21:45:00,LINE-04,135,4
4769,2025-02-24 22:00:00,LINE-01,104,3
4770,2025-02-24 22:15:00,LINE-02,138,2
4771,2025-02-24 22:30:00,LINE-03,114,3
4772,2025-02-24 22:45:00,LINE-04,101,2
4773,2025-02-24 23:00:00,LINE-01,139,2
4774,2025-02-24 23:15:00,LINE-02,116,3
4775,2025-02-24 23:30:00,LINE-03,104,3
4776,2025-02-24 23:45:00,LINE-04,81,1
4777,2025-02-25 00:00:00,LINE-01,122,2
4778,2025-02-25 00:15:00,LINE-02,91,2
4779,2025-02-25 00:30:00,LINE-03,114,3
4780,2025-02-25 00:45:00,LINE-04,87,2
4781,2025-02-25 01:00:00,LINE-01,89,2
4782,2025-02-25 01:15:00,LINE-02,81,2
4783,2025-02-25 01:30:00,LINE-03,118,4
4784,2025-02-25 01:45:00,LINE-04,88,2
4785,2025-02-25 02:00:00,LINE-01,128,3
4786,2025-02-25 02:15:00,LINE-02,121,2
4787,2025-02-25 02:30:00,LINE-03,111,3
4788,2025-02-25 02:45:00,LINE-04,106,3
4789,2025-02-25 03:00:00,LINE-01,131,2
4790,2025-02-25 03:15:00,LINE-02,116,2
4791,2025-02-25 03:30:00,LINE-03,81,2
4792,2025-02-25 03:45:00,LINE-04,122,3
4793,2025-02-25 04:00:00,LINE-01,88,1
4794,2025-02-25 04:15:00,LINE-02,134,2
4795,2025-02-25 04:30:00,LINE-03,88,2
4796,2025-02-25 04:45:00,LINE-04,98,3
4797,2025-02-25 05:00:00,LINE-01,85,2
4798,2025-02-25 05:15:00,LINE-02,89,1
4799,2025-02-25 05:30:00,LINE-03,80,2
4800,2025-02-25 05:45:00,LINE-04,111,2
4801,2025-02-25 06:00:00,LINE-01,123,3
4802,2025-02-25 06:15:00,LINE-02,138,2
4803,2025-02-25 06:30:00,LINE-03,101,3
4804,2025-02-25 06:45:00,LINE-04,113,2
4805,2025-02-25 07:00:00,LINE-01,132,2
4806,2025-02-25 07:15:00,LINE-02,106,3
4807,2025-02-25 07:30:00,LINE-03,110,4
4808,2025-02-25 07:45:00,LINE-04,119,3
4809,2025-02-25 08:00:00,LINE-01,108,1
4810,2025-02-25 08:15:00,LINE-02,103,2
4811,2025-02-25 08:30:00,LINE-03,98,2
4812,2025-02-25 08:45:00,LINE-04,117,2
4813,2025-02-25 09:00:00,LINE-01,88,2
4814,2025-02-25 09:15:00,LINE-02,121,3
4815,2025-02-25 09:30:00,LINE-03,91,2
4816,2025-02-25 09:45:00,LINE-04,95,2
4817,2025-02-25 10:00:00,LINE-01,122,2
4818,2025-02-25 10:15:00,LINE-02,118,2
4819,2025-02-25 10:30:00,LINE-03,135,4
4820,2025-02-25 10:45:00,LINE-04,95,2
4821,2025-02-25 11:00:00,LINE-01,100,2
4822,2025-02-25 11:15:00,LINE-02,128,2
4823,2025-02-25 11:30:00,LINE-03,98,3
4824,2025-02-25 11:45:00,LINE-04,103,3
4825,2025-02-25 12:00:00,LINE-01,136,3
4826,2025-02-25 12:15:00,LINE-02,110,2
4827,2025-02-25 12:30:00,LINE-03,126,3
4828,2025-02-25 12:45:00,LINE-04,130,2
4829,2025-02-25 13:00:00,LINE-01,81,2
4830,2025-02-25 13:15:00,LINE-02,113,3
4831,2025-02-25 13:30:00,LINE-03,101,3
4832,2025-02-25 13:45:00,LINE-04,136,3
4833,2025-02-25 14:00:00,LINE-01,107,1
4834,2025-02-25 14:15:00,LINE-02,114,1
4835,2025-02-25 14:30:00,LINE-03,124,3
4836,2025-02-25 14:45:00,LINE-04,89,2
4837,2025-02-25 15:00:00,LINE-01,89,2
4838,2025-02-25 15:15:00,LINE-02,106,2
4839,2025-02-25 15:30:00,LINE-03,139,4
4840,2025-02-25 15:45:00,LINE-04,90,2
4841,2025-02-25 16:00:00,LINE-01,140,2
4842,2025-02-25 16:15:00,LINE-02,103,2
4843,2025-02-25 16:30:00,LINE-03,121,3
4844,2025-02-25 16:45:00,LINE-04,88,2
4845,2025-02-25 17:00:00,LINE-01,114,2
4846,2025-02-25 17:15:00,LINE-02,131,3
4847,2025-02-25 17:30:00,LINE-03,103,3
4848,2025-02-25 17:45:00,LINE-04,109,2
4849,2025-02-25 18:00:00,LINE-01,140,2
4850,2025-02-25 18:15:00,LINE-02,137,2
4851,2025-02-25 18:30:00,LINE-03,102,3
4852,2025-02-25 18:45:00,LINE-04,91,2
4853,2025-02-25 19:00:00,LINE-01,120,3
4854,2025-02-25 19:15:00,LINE-02,120,3
4855,2025-02-25 19:30:00,LINE-03,91,3
4856,2025-02-25 19:45:00,LINE-04,104,2
4857,2025-02-25 20:00:00,LINE-01,132,3
4858,2025-02-25 20:15:00,LINE-02,82,2
4859,2025-02-25 20:30:00,LINE-03,95,2
4860,2025-02-25 20:45:00,LINE-04,102,3
4861,2025-02-25 21:00:00,LINE-01,90,1
4862,2025-02-25 21:15:00,LINE-02,102,1
4863,2025-02-25 21:30:00,LINE-03,130,3
4864,2025-02-25 21:45:00,LINE-04,108,2
4865,2025-02-25 22:00:00,LINE-01,86,2
4866,2025-02-25 22:15:00,LINE-02,83,2
4867,2025-02-25 22:30:00,LINE-03,91,3
4868,2025-02-25 22:45:00,LINE-04,135,3
4869,2025-02-25 23:00:00,LINE-01,106,3
4870,2025-02-25 23:15:00,LINE-02,125,2
4871,2025-02-25 23:30:00,LINE-03,140,5
4872,2025-02-25 23:45:00,LINE-04,133,3
4873,2025-02-26 00:00:00,LINE-01,88,2
4874,2025-02-26 00:15:00,LINE-02,113,3
4875,2025-02-26 00:30:00,LINE-03,82,2
4876,2025-02-26 00:45:00,LINE-04,104,2
4877,2025-02-26 01:00:00,LINE-01,113,3
4878,2025-02-26 01:15:00,LINE-02,120,3
4879,2025-02-26 01:30:00,LINE-03,138,3
4880,2025-02-26 01:45:00,LINE-04,109,2
4881,2025-02-26 02:00:00,LINE-01,85,2
4882,2025-02-26 02:15:00,LINE-02,136,2
4883,2025-02-26 02:30:00,LINE-03,106,2
4884,2025-02-26 02:45:00,LINE-04,123,4
4885,2025-02-26 03:00:00,LINE-01,110,2
4886,2025-02-26 03:15:00,LINE-02,94,2
4887,2025-02-26 03:30:00,LINE-03,132,5
4888,2025-02-26 03:45:00,LINE-04,120,2
4889,2025-02-26 04:00:00,LINE-01,137,3
4890,2025-02-26 04:15:00,LINE-02,114,3
4891,2025-02-26 04:30:00,LINE-03,132,3
4892,2025-02-26 04:45:00,LINE-04,139,4
4893,2025-02-26 05:00:00,LINE-01,88,1
4894,2025-02-26 05:15:00,LINE-02,91,2
4895,2025-02-26 05:30:00,LINE-03,111,2
4896,2025-02-26 05:45:00,LINE-04,97,2
4897,2025-02-26 06:00:00,LINE-01,118,2
4898,2025-02-26 06:15:00,LINE-02,88,3
4899,2025-02-26 06:30:00,LINE-03,92,2
4900,2025-02-26 06:45:00,LINE-04,121,2
4901,2025-02-26 07:00:00,LINE-01,96,2
4902,2025-02-26 07:15:00,LINE-02,133,3
4903,2025-02-26 07:30:00,LINE-03,126,4
4904,2025-02-26 07:45:00,LINE-04,129,3
4905,2025-02-26 08:00:00,LINE-01,114,3
4906,2025-02-26 08:15:00,LINE-02,139,2
4907,2025-02-26 08:30:00,LINE-03,134,3
4908,2025-02-26 08:45:00,LINE-04,101,1
4909,2025-02-26 09:00:00,LINE-01,125,3
4910,2025-02-26 09:15:00,LINE-02,104,2
4911,2025-02-26 09:30:00,LINE-03,109,3
4912,2025-02-26 09:45:00,LINE-04,92,3
4913,2025-02-26 10:00:00,LINE-01,138,2
4914,2025-02-26 10:15:00,LINE-02,81,1
4915,2025-02-26 10:30:00,LINE-03,114,3
4916,2025-02-26 10:45:00,LINE-04,102,2
4917,2025-02-26 11:00:00,LINE-01,88,2
4918,2025-02-26 11:15:00,LINE-02,118,2
4919,2025-02-26 11:30:00,LINE-03,97,3
4920,2025-02-26 11:45:00,LINE-04,102,2
4921,2025-02-26 12:00:00,LINE-01,139,2
4922,2025-02-26 12:15:00,LINE-02,110,3
4923,2025-02-26 12:30:00,LINE-03,116,4
4924,2025-02-26 12:45:00,LINE-04,139,2
4925,2025-02-26 13:00:00,LINE-01,134,2
4926,2025-02-26 13:15:00,LINE-02,124,3
4927,2025-02-26 13:30:00,LINE-03,125,3
4928,2025-02-26 13:45:00,LINE-04,134,4
4929,2025-02-26 14:00:00,LINE-01,109,2
4930,2025-02-26 14:15:00,LINE-02,108,3
4931,2025-02-26 14:30:00,LINE-03,134,4
4932,2025-02-26 14:45:00,LINE-04,80,2
4933,2025-02-26 15:00:00,LINE-01,103,2
4934,2025-02-26 15:15:00,LINE-02,111,3
4935,2025-02-26 15:30:00,LINE-03,102,4
4936,2025-02-26 15:45:00,LINE-04,113,2
4937,2025-02-26 16:00:00,LINE-01,127,3
4938,2025-02-26 16:15:00,LINE-02,124,3
4939,2025-02-26 16:30:00,LINE-03,94,2
4940,2025-02-26 16:45:00,LINE-04,104,1
4941,2025-02-26 17:00:00,LINE-01,112,2
4942,2025-02-26 17:15:00,LINE-02,100,3
4943,2025-02-26 17:30:00,LINE-03,94,3
4944,2025-02-26 17:45:00,LINE-04,122,2
4945,2025-02-26 18:00:00,LINE-01,80,1
4946,2025-02-26 18:15:00,LINE-02,94,1
4947,2025-02-26 18:30:00,LINE-03,94,3
4948,2025-02-26 18:45:00,LINE-04,95,3
4949,2025-02-26 19:00:00,LINE-01,139,4
4950,2025-02-26 19:15:00,LINE-02,108,2
4951,2025-02-26 19:30:00,LINE-03,122,3
4952,2025-02-26 19:45:00,LINE-04,94,2
4953,2025-02-26 20:00:00,LINE-01,100,2
4954,2025-02-26 20:15:00,LINE-02,116,2
4955,2025-02-26 20:30:00,LINE-03,123,5
4956,2025-02-26 20:45:00,LINE-04,123,3
4957,2025-02-26 21:00:00,LINE-01,119,3
4958,2025-02-26 21:15:00,LINE-02,102,2
4959,2025-02-26 21:30:00,LINE-03,108,4
4960,2025-02-26 21:45:00,LINE-04,82,2
4961,2025-02-26 22:00:00,LINE-01,132,2
4962,2025-02-26 22:15:00,LINE-02,103,3
4963,2025-02-26 22:30:00,LINE-03,92,3
4964,2025-02-26 22:45:00,LINE-04,101,3
4965,2025-02-26 23:00:00,LINE-01,103,2
4966,2025-02-26 23:15:00,LINE-02,86,2
4967,2025-02-26 23:30:00,LINE-03,139,3
4968,2025-02-26 23:45:00,LINE-04,139,4
4969,2025-02-27 00:00:00,LINE-01,105,1
4970,2025-02-27 00:15:00,LINE-02,113,2
4971,2025-02-27 00:30:00,LINE-03,91,2
4972,2025-02-27 00:45:00,LINE-04,107,3
4973,2025-02-27 01:00:00,LINE-01,111,2
4974,2025-02-27 01:15:00,LINE-02,99,1
4975,2025-02-27 01:30:00,LINE-03,101,2
4976,2025-02-27 01:45:00,LINE-04,130,4
4977,2025-02-27 02:00:00,LINE-01,112,2
4978,2025-02-27 02:15:00,LINE-02,125,3
4979,2025-02-27 02:30:00,LINE-03,87,2
4980,2025-02-27 02:45:00,LINE-04,110,2
4981,2025-02-27 03:00:00,LINE-01,124,2
4982,2025-02-27 03:15:00,LINE-02,116,3
4983,2025-02-27 03:30:00,LINE-03,135,5
4984,2025-02-27 03:45:00,LINE-04,91,2
4985,2025-02-27 04:00:00,LINE-01,129,2
4986,2025-02-27 04:15:00,LINE-02,135,4
4987,2025-02-27 04:30:00,LINE-03,102,2
4988,2025-02-27 04:45:00,LINE-04,117,2
4989,2025-02-27 05:00:00,LINE-01,88,2
4990,2025-02-27 05:15:00,LINE-02,109,3
4991,2025-02-27 05:30:00,LINE-03,138,5
4992,2025-02-27 05:45:00,LINE-04,89,2
4993,2025-02-27 06:00:00,LINE-01,99,2
4994,2025-02-27 06:15:00,LINE-02,134,3
4995,2025-02-27 06:30:00,LINE-03,109,4
4996,2025-02-27 06:45:00,LINE-04,130,3
4997,2025-02-27 07:00:00,LINE-01,126,2
4998,2025-02-27 07:15:00,LINE-02,121,2
4999,2025-02-27 07:30:00,LINE-03,108,3
5000,2025-02-27 07:45:00,LINE-04,122,2
5001,2025-02-27 08:00:00,LINE-01,139,2
5002,2025-02-27 08:15:00,LINE-02,138,4
5003,2025-02-27 08:30:00,LINE-03,117,4
5004,2025-02-27 08:45:00,LINE-04,110,2
5005,2025-02-27 09:00:00,LINE-01,106,2
5006,2025-02-27 09:15:00,LINE-02,124,3
5007,2025-02-27 09:30:00,LINE-03,119,3
5008,2025-02-27 09:45:00,LINE-04,96,3
5009,2025-02-27 10:00:00,LINE-01,112,2
5010,2025-02-27 10:15:00,LINE-02,91,2
5011,2025-02-27 10:30:00,LINE-03,102,2
5012,2025-02-27 10:45:00,LINE-04,99,2
5013,2025-02-27 11:00:00,LINE-01,138,4
5014,2025-02-27 11:15:00,LINE-02,110,2
5015,2025-02-27 11:30:00,LINE-03,87,3
5016,2025-02-27 11:45:00,LINE-04,94,2
5017,2025-02-27 12:00:00,LINE-01,124,3
5018,2025-02-27 12:15:00,LINE-02,113,3
5019,2025-02-27 12:30:00,LINE-03,90,3
5020,2025-02-27 12:45:00,LINE-04,97,1
5021,2025-02-27 13:00:00,LINE-01,140,3
5022,2025-02-27 13:15:00,LINE-02,103,3
5023,2025-02-27 13:30:00,LINE-03,136,4
5024,2025-02-27 13:45:00,LINE-04,103,1
5025,2025-02-27 14:00:00,LINE-01,140,2
5026,2025-02-27 14:15:00,LINE-02,135,2
5027,2025-02-27 14:30:00,LINE-03,90,2
5028,2025-02-27 14:45:00,LINE-04,90,2
5029,2025-02-27 15:00:00,LINE-01,84,2
5030,2025-02-27 15:15:00,LINE-02,128,4
5031,2025-02-27 15:30:00,LINE-03,108,2
5032,2025-02-27 15:45:00,LINE-04,110,2
5033,2025-02-27 16:00:00,LINE-01,92,1
5034,2025-02-27 16:15:00,LINE-02,121,4
5035,2025-02-27 16:30:00,LINE-03,125,3
5036,2025-02-27 16:45:00,LINE-04,104,1
5037,2025-02-27 17:00:00,LINE-01,135,2
5038,2025-02-27 17:15:00,LINE-02,112,2
5039,2025-02-27 17:30:00,LINE-03,128,4
5040,2025-02-27 17:45:00,LINE-04,111,2
5041,2025-02-27 18:00:00,LINE-01,118,3
5042,2025-02-27 18:15:00,LINE-02,127,2
5043,2025-02-27 18:30:00,LINE-03,96,3
5044,2025-02-27 18:45:00,LINE-04,113,3
5045,2025-02-27 19:00:00,LINE-01,118,2
5046,2025-02-27 19:15:00,LINE-02,118,2
5047,2025-02-27 19:30:00,LINE-03,93,3
5048,2025-02-27 19:45:00,LINE-04,80,1
5049,2025-02-27 20:00:00,LINE-01,86,2
5050,2025-02-27 20:15:00,LINE-02,103,3
5051,2025-02-27 20:30:00,LINE-03,123,5
5052,2025-02-27 20:45:00,LINE-04,99,1
5053,2025-02-27 21:00:00,LINE-01,87,1
5054,2025-02-27 21:15:00,LINE-02,114,2
5055,2025-02-27 21:30:00,LINE-03,89,3
5056,2025-02-27 21:45:00,LINE-04,114,3
5057,2025-02-27 22:00:00,LINE-01,81,1
5058,2025-02-27 22:15:00,LINE-02,131,3
5059,2025-02-27 22:30:00,LINE-03,115,4
5060,2025-02-27 22:45:00,LINE-04,112,2
5061,2025-02-27 23:00:00,LINE-01,115,2
5062,2025-02-27 23:15:00,LINE-02,103,1
5063,2025-02-27 23:30:00,LINE-03,89,3
5064,2025-02-27 23:45:00,LINE-04,131,4
5065,2025-02-28 00:00:00,LINE-01,136,3
5066,2025-02-28 00:15:00,LINE-02,125,4
5067,2025-02-28 00:30:00,LINE-03,102,3
5068,2025-02-28 00:45:00,LINE-04,90,2
5069,2025-02-28 01:00:00,LINE-01,95,2
5070,2025-02-28 01:15:00,LINE-02,140,2
5071,2025-02-28 01:30:00,LINE-03,91,2
5072,2025-02-28 01:45:00,LINE-04,101,3
5073,2025-02-28 02:00:00,LINE-01,114,2
5074,2025-02-28 02:15:00,LINE-02,138,2
5075,2025-02-28 02:30:00,LINE-03,85,3
5076,2025-02-28 02:45:00,LINE-04,92,2
5077,2025-02-28 03:00:00,LINE-01,111,3
5078,2025-02-28 03:15:00,LINE-02,90,1
5079,2025-02-28 03:30:00,LINE-03,82,3
5080,2025-02-28 03:45:00,LINE-04,139,3
5081,2025-02-28 04:00:00,LINE-01,86,2
5082,2025-02-28 04:15:00,LINE-02,111,3
5083,2025-02-28 04:30:00,LINE-03,124,3
5084,2025-02-28 04:45:00,LINE-04,125,2
5085,2025-02-28 05:00:00,LINE-01,99,2
5086,2025-02-28 05:15:00,LINE-02,88,2
5087,2025-02-28 05:30:00,LINE-03,131,3
5088,2025-02-28 05:45:00,LINE-04,122,3
5089,2025-02-28 06:00:00,LINE-01,121,3
5090,2025-02-28 06:15:00,LINE-02,135,3
5091,2025-02-28 06:30:00,LINE-03,116,4
5092,2025-02-28 06:45:00,LINE-04,86,2
5093,2025-02-28 07:00:00,LINE-01,101,1
5094,2025-02-28 07:15:00,LINE-02,134,4
5095,2025-02-28 07:30:00,LINE-03,121,3
5096,2025-02-28 07:45:00,LINE-04,138,2
5097,2025-02-28 08:00:00,LINE-01,111,2
5098,2025-02-28 08:15:00,LINE-02,88,2
5099,2025-02-28 08:30:00,LINE-03,133,5
5100,2025-02-28 08:45:00,LINE-04,123,2
5101,2025-02-28 09:00:00,LINE-01,102,2
5102,2025-02-28 09:15:00,LINE-02,117,2
5103,2025-02-28 09:30:00,LINE-03,131,3
5104,2025-02-28 09:45:00,LINE-04,123,2
5105,2025-02-28 10:00:00,LINE-01,99,2
5106,2025-02-28 10:15:00,LINE-02,133,2
5107,2025-02-28 10:30:00,LINE-03,125,4
5108,2025-02-28 10:45:00,LINE-04,126,2
5109,2025-02-28 11:00:00,LINE-01,110,2
5110,2025-02-28 11:15:00,LINE-02,115,3
5111,2025-02-28 11:30:00,LINE-03,85,2
5112,2025-02-28 11:45:00,LINE-04,84,2
5113,2025-02-28 12:00:00,LINE-01,104,1
5114,2025-02-28 12:15:00,LINE-02,108,3
5115,2025-02-28 12:30:00,LINE-03,133,5
5116,2025-02-28 12:45:00,LINE-04,82,1
5117,2025-02-28 13:00:00,LINE-01,108,2
5118,2025-02-28 13:15:00,LINE-02,80,1
5119,2025-02-28 13:30:00,LINE-03,114,2
5120,2025-02-28 13:45:00,LINE-04,122,2
5121,2025-02-28 14:00:00,LINE-01,82,1
5122,2025-02-28 14:15:00,LINE-02,139,4
5123,2025-02-28 14:30:00,LINE-03,83,2
5124,2025-02-28 14:45:00,LINE-04,89,1
5125,2025-02-28 15:00:00,LINE-01,99,2
5126,2025-02-28 15:15:00,LINE-02,100,2
5127,2025-02-28 15:30:00,LINE-03,134,3
5128,2025-02-28 15:45:00,LINE-04,80,2
5129,2025-02-28 16:00:00,LINE-01,132,4
5130,2025-02-28 16:15:00,LINE-02,91,2
5131,2025-02-28 16:30:00,LINE-03,135,3
5132,2025-02-28 16:45:00,LINE-04,116,3
5133,2025-02-28 17:00:00,LINE-01,83,2
5134,2025-02-28 17:15:00,LINE-02,122,2
5135,2025-02-28 17:30:00,LINE-03,102,4
5136,2025-02-28 17:45:00,LINE-04,124,2
5137,2025-02-28 18:00:00,LINE-01,136,3
5138,2025-02-28 18:15:00,LINE-02,122,2
5139,2025-02-28 18:30:00,LINE-03,114,2
5140,2025-02-28 18:45:00,LINE-04,119,3
5141,2025-02-28 19:00:00,LINE-01,94,2
5142,2025-02-28 19:15:00,LINE-02,122,3
5143,2025-02-28 19:30:00,LINE-03,97,4
5144,2025-02-28 19:45:00,LINE-04,97,1
5145,2025-02-28 20:00:00,LINE-01,84,2
5146,2025-02-28 20:15:00,LINE-02,112,2
5147,2025-02-28 20:30:00,LINE-03,132,3
5148,2025-02-28 20:45:00,LINE-04,87,2
5149,2025-02-28 21:00:00,LINE-01,136,3
5150,2025-02-28 21:15:00,LINE-02,80,1
5151,2025-02-28 21:30:00,LINE-03,131,4
5152,2025-02-28 21:45:00,LINE-04,95,1
5153,2025-02-28 22:00:00,LINE-01,128,4
5154,2025-02-28 22:15:00,LINE-02,114,2
5155,2025-02-28 22:30:00,LINE-03,137,3
5156,2025-02-28 22:45:00,LINE-04,95,1
5157,2025-02-28 23:00:00,LINE-01,111,2
5158,2025-02-28 23:15:00,LINE-02,114,3
5159,2025-02-28 23:30:00,LINE-03,91,3
5160,2025-02-28 23:45:00,LINE-04,135,3
5161,2025-03-01 00:00:00,LINE-01,98,2
5162,2025-03-01 00:15:00,LINE-02,115,3
5163,2025-03-01 00:30:00,LINE-03,110,4
5164,2025-03-01 00:45:00,LINE-04,137,2
5165,2025-03-01 01:00:00,LINE-01,123,3
5166,2025-03-01 01:15:00,LINE-02,112,2
5167,2025-03-01 01:30:00,LINE-03,135,5
5168,2025-03-01 01:45:00,LINE-04,114,3
5169,2025-03-01 02:00:00,LINE-01,126,3
5170,2025-03-01 02:15:00,LINE-02,81,2
5171,2025-03-01 02:30:00,LINE-03,123,3
5172,2025-03-01 02:45:00,LINE-04,125,2
5173,2025-03-01 03:00:00,LINE-01,96,3
5174,2025-03-01 03:15:00,LINE-02,116,3
5175,2025-03-01 03:30:00,LINE-03,96,2
5176,2025-03-01 03:45:00,LINE-04,133,4
5177,2025-03-01 04:00:00,LINE-01,99,2
5178,2025-03-01 04:15:00,LINE-02,111,3
5179,2025-03-01 04:30:00,LINE-03,90,3
5180,2025-03-01 04:45:00,LINE-04,91,1
5181,2025-03-01 05:00:00,LINE-01,131,3
5182,2025-03-01 05:15:00,LINE-02,93,2
5183,2025-03-01 05:30:00,LINE-03,111,4
5184,2025-03-01 05:45:00,LINE-04,119,2
5185,2025-03-01 06:00:00,LINE-01,110,3
5186,2025-03-01 06:15:00,LINE-02,86,2
5187,2025-03-01 06:30:00,LINE-03,84,3
5188,2025-03-01 06:45:00,LINE-04,108,2
5189,2025-03-01 07:00:00,LINE-01,83,2
5190,2025-03-01 07:15:00,LINE-02,92,2
5191,2025-03-01 07:30:00,LINE-03,117,4
5192,2025-03-01 07:45:00,LINE-04,101,2
5193,2025-03-01 08:00:00,LINE-01,99,2
5194,2025-03-01 08:15:00,LINE-02,83,2
5195,2025-03-01 08:30:00,LINE-03,92,2
5196,2025-03-01 08:45:00,LINE-04,112,3
5197,2025-03-01 09:00:00,LINE-01,135,3
5198,2025-03-01 09:15:00,LINE-02,129,3
5199,2025-03-01 09:30:00,LINE-03,108,3
5200,2025-03-01 09:45:00,LINE-04,113,3
5201,2025-03-01 10:00:00,LINE-01,107,2
5202,2025-03-01 10:15:00,LINE-02,92,3
5203,2025-03-01 10:30:00,LINE-03,90,3
5204,2025-03-01 10:45:00,LINE-04,97,2
5205,2025-03-01 11:00:00,LINE-01,104,3
5206,2025-03-01 11:15:00,LINE-02,111,3
5207,2025-03-01 11:30:00,LINE-03,118,2
5208,2025-03-01 11:45:00,LINE-04,105,1
5209,2025-03-01 12:00:00,LINE-01,116,1
5210,2025-03-01 12:15:00,LINE-02,85,2
5211,2025-03-01 12:30:00,LINE-03,127,3
5212,2025-03-01 12:45:00,LINE-04,122,2
5213,2025-03-01 13:00:00,LINE-01,131,3
5214,2025-03-01 13:15:00,LINE-02,133,2
5215,2025-03-01 13:30:00,LINE-03,109,3
5216,2025-03-01 13:45:00,LINE-04,114,3
5217,2025-03-01 14:00:00,LINE-01,88,1
5218,2025-03-01 14:15:00,LINE-02,100,2
5219,2025-03-01 14:30:00,LINE-03,109,3
5220,2025-03-01 14:45:00,LINE-04,135,3
5221,2025-03-01 15:00:00,LINE-01,132,3
5222,2025-03-01 15:15:00,LINE-02,81,2
5223,2025-03-01 15:30:00,LINE-03,95,2
5224,2025-03-01 15:45:00,LINE-04,88,1
5225,2025-03-01 16:00:00,LINE-01,114,2
5226,2025-03-01 16:15:00,LINE-02,121,2
5227,2025-03-01 16:30:00,LINE-03,128,4
5228,2025-03-01 16:45:00,LINE-04,80,1
5229,2025-03-01 17:00:00,LINE-01,97,3
5230,2025-03-01 17:15:00,LINE-02,81,2
5231,2025-03-01 17:30:00,LINE-03,89,2
5232,2025-03-01 17:45:00,LINE-04,123,3
5233,2025-03-01 18:00:00,LINE-01,118,3
5234,2025-03-01 18:15:00,LINE-02,92,3
5235,2025-03-01 18:30:00,LINE-03,133,4
5236,2025-03-01 18:45:00,LINE-04,122,3
5237,2025-03-01 19:00:00,LINE-01,131,3
5238,2025-03-01 19:15:00,LINE-02,104,2
5239,2025-03-01 19:30:00,LINE-03,102,3
5240,2025-03-01 19:45:00,LINE-04,137,2
5241,2025-03-01 20:00:00,LINE-01,83,1
5242,2025-03-01 20:15:00,LINE-02,99,2
5243,2025-03-01 20:30:00,LINE-03,126,4
5244,2025-03-01 20:45:00,LINE-04,140,3
5245,2025-03-01 21:00:00,LINE-01,132,4
5246,2025-03-01 21:15:00,LINE-02,127,3
5247,2025-03-01 21:30:00,LINE-03,93,2
5248,2025-03-01 21:45:00,LINE-04,112,2
5249,2025-03-01 22:00:00,LINE-01,85,2
5250,2025-03-01 22:15:00,LINE-02,126,2
5251,2025-03-01 22:30:00,LINE-03,136,4
5252,2025-03-01 22:45:00,LINE-04,139,4
5253,2025-03-01 23:00:00,LINE-01,85,2
5254,2025-03-01 23:15:00,LINE-02,138,4
5255,2025-03-01 23:30:00,LINE-03,104,3
5256,2025-03-01 23:45:00,LINE-04,105,3
5257,2025-03-02 00:00:00,LINE-01,140,2
5258,2025-03-02 00:15:00,LINE-02,108,2
5259,2025-03-02 00:30:00,LINE-03,140,3
5260,2025-03-02 00:45:00,LINE-04,128,2
5261,2025-03-02 01:00:00,LINE-01,93,2
5262,2025-03-02 01:15:00,LINE-02,102,2
5263,2025-03-02 01:30:00,LINE-03,125,5
5264,2025-03-02 01:45:00,LINE-04,97,1
5265,2025-03-02 02:00:00,LINE-01,95,3
5266,2025-03-02 02:15:00,LINE-02,104,2
5267,2025-03-02 02:30:00,LINE-03,83,2
5268,2025-03-02 02:45:00,LINE-04,103,3
5269,2025-03-02 03:00:00,LINE-01,90,2
5270,2025-03-02 03:15:00,LINE-02,105,1
5271,2025-03-02 03:30:00,LINE-03,138,3
5272,2025-03-02 03:45:00,LINE-04,106,3
5273,2025-03-02 04:00:00,LINE-01,92,1
5274,2025-03-02 04:15:00,LINE-02,137,3
5275,2025-03-02 04:30:00,LINE-03,97,2
5276,2025-03-02 04:45:00,LINE-04,131,3
5277,2025-03-02 05:00:00,LINE-01,83,2
5278,2025-03-02 05:15:00,LINE-02,96,2
5279,2025-03-02 05:30:00,LINE-03,108,4
5280,2025-03-02 05:45:00,LINE-04,140,4
5281,2025-03-02 06:00:00,LINE-01,83,2
5282,2025-03-02 06:15:00,LINE-02,80,2
5283,2025-03-02 06:30:00,LINE-03,87,3
5284,2025-03-02 06:45:00,LINE-04,130,3
5285,2025-03-02 07:00:00,LINE-01,125,3
5286,2025-03-02 07:15:00,LINE-02,90,2
5287,2025-03-02 07:30:00,LINE-03,139,4
5288,2025-03-02 07:45:00,LINE-04,126,3
5289,2025-03-02 08:00:00,LINE-01,86,2
5290,2025-03-02 08:15:00,LINE-02,119,2
5291,2025-03-02 08:30:00,LINE-03,80,3
5292,2025-03-02 08:45:00,LINE-04,117,2
5293,2025-03-02 09:00:00,LINE-01,80,2
5294,2025-03-02 09:15:00,LINE-02,96,3
5295,2025-03-02 09:30:00,LINE-03,116,3
5296,2025-03-02 09:45:00,LINE-04,92,2
5297,2025-03-02 10:00:00,LINE-01,119,2
5298,2025-03-02 10:15:00,LINE-02,92,2
5299,2025-03-02 10:30:00,LINE-03,110,3
5300,2025-03-02 10:45:00,LINE-04,125,3
5301,2025-03-02 11:00:00,LINE-01,102,2
5302,2025-03-02 11:15:00,LINE-02,98,3
5303,2025-03-02 11:30:00,LINE-03,115,4
5304,2025-03-02 11:45:00,LINE-04,113,3
5305,2025-03-02 12:00:00,LINE-01,105,2
5306,2025-03-02 12:15:00,LINE-02,105,1
5307,2025-03-02 12:30:00,LINE-03,124,4
5308,2025-03-02 12:45:00,LINE-04,89,3
5309,2025-03-02 13:00:00,LINE-01,124,3
5310,2025-03-02 13:15:00,LINE-02,119,3
5311,2025-03-02 13:30:00,LINE-03,136,4
5312,2025-03-02 13:45:00,LINE-04,121,3
5313,2025-03-02 14:00:00,LINE-01,104,2
5314,2025-03-02 14:15:00,LINE-02,81,1
5315,2025-03-02 14:30:00,LINE-03,83,3
5316,2025-03-02 14:45:00,LINE-04,126,2
5317,2025-03-02 15:00:00,LINE-01,86,1
5318,2025-03-02 15:15:00,LINE-02,133,4
5319,2025-03-02 15:30:00,LINE-03,108,2
5320,2025-03-02 15:45:00,LINE-04,90,3
5321,2025-03-02 16:00:00,LINE-01,91,2
5322,2025-03-02 16:15:00,LINE-02,130,2
5323,2025-03-02 16:30:00,LINE-03,95,4
5324,2025-03-02 16:45:00,LINE-04,130,3
5325,2025-03-02 17:00:00,LINE-01,88,2
5326,2025-03-02 17:15:00,LINE-02,138,2
5327,2025-03-02 17:30:00,LINE-03,94,3
5328,2025-03-02 17:45:00,LINE-04,98,2
5329,2025-03-02 18:00:00,LINE-01,140,3
5330,2025-03-02 18:15:00,LINE-02,86,1
5331,2025-03-02 18:30:00,LINE-03,103,4
5332,2025-03-02 18:45:00,LINE-04,109,2
5333,2025-03-02 19:00:00,LINE-01,112,3
5334,2025-03-02 19:15:00,LINE-02,81,1
5335,2025-03-02 19:30:00,LINE-03,107,2
5336,2025-03-02 19:45:00,LINE-04,85,2
5337,2025-03-02 20:00:00,LINE-01,124,3
5338,2025-03-02 20:15:00,LINE-02,128,3
5339,2025-03-02 20:30:00,LINE-03,102,3
5340,2025-03-02 20:45:00,LINE-04,111,3
5341,2025-03-02 21:00:00,LINE-01,86,2
5342,2025-03-02 21:15:00,LINE-02,96,1
5343,2025-03-02 21:30:00,LINE-03,84,3
5344,2025-03-02 21:45:00,LINE-04,103,3
5345,2025-03-02 22:00:00,LINE-01,86,1
5346,2025-03-02 22:15:00,LINE-02,110,2
5347,2025-03-02 22:30:00,LINE-03,118,4
5348,2025-03-02 22:45:00,LINE-04,111,2
5349,2025-03-02 23:00:00,LINE-01,136,2
5350,2025-03-02 23:15:00,LINE-02,107,2
5351,2025-03-02 23:30:00,LINE-03,111,4
5352,2025-03-02 23:45:00,LINE-04,121,4
5353,2025-03-03 00:00:00,LINE-01,85,1
5354,2025-03-03 00:15:00,LINE-02,82,2
5355,2025-03-03 00:30:00,LINE-03,126,5
5356,2025-03-03 00:45:00,LINE-04,130,4
5357,2025-03-03 01:00:00,LINE-01,95,3
5358,2025-03-03 01:15:00,LINE-02,117,3
5359,2025-03-03 01:30:00,LINE-03,102,2
5360,2025-03-03 01:45:00,LINE-04,129,2
5361,2025-03-03 02:00:00,LINE-01,97,2
5362,2025-03-03 02:15:00,LINE-02,114,3
5363,2025-03-03 02:30:00,LINE-03,115,3
5364,2025-03-03 02:45:00,LINE-04,120,3
5365,2025-03-03 03:00:00,LINE-01,115,2
5366,2025-03-03 03:15:00,LINE-02,112,3
5367,2025-03-03 03:30:00,LINE-03,81,3
5368,2025-03-03 03:45:00,LINE-04,84,2
5369,2025-03-03 04:00:00,LINE-01,89,1
5370,2025-03-03 04:15:00,LINE-02,119,1
5371,2025-03-03 04:30:00,LINE-03,122,3
5372,2025-03-03 04:45:00,LINE-04,105,2
5373,2025-03-03 05:00:00,LINE-01,99,2
5374,2025-03-03 05:15:00,LINE-02,127,2
5375,2025-03-03 05:30:00,LINE-03,135,3
5376,2025-03-03 05:45:00,LINE-04,136,4
5377,2025-03-03 06:00:00,LINE-01,81,1
5378,2025-03-03 06:15:00,LINE-02,125,2
5379,2025-03-03 06:30:00,LINE-03,103,3
5380,2025-03-03 06:45:00,LINE-04,89,1
5381,2025-03-03 07:00:00,LINE-01,92,2
5382,2025-03-03 07:15:00,LINE-02,87,1
5383,2025-03-03 07:30:00,LINE-03,93,3
5384,2025-03-03 07:45:00,LINE-04,84,1
5385,2025-03-03 08:00:00,LINE-01,131,2
5386,2025-03-03 08:15:00,LINE-02,136,4
5387,2025-03-03 08:30:00,LINE-03,91,2
5388,2025-03-03 08:45:00,LINE-04,83,2
5389,2025-03-03 09:00:00,LINE-01,131,2
5390,2025-03-03 09:15:00,LINE-02,124,2
5391,2025-03-03 09:30:00,LINE-03,139,3
5392,2025-03-03 09:45:00,LINE-04,138,4
5393,2025-03-03 10:00:00,LINE-01,132,2
5394,2025-03-03 10:15:00,LINE-02,138,3
5395,2025-03-03 10:30:00,LINE-03,132,4
5396,2025-03-03 10:45:00,LINE-04,107,2
5397,2025-03-03 11:00:00,LINE-01,90,2
5398,2025-03-03 11:15:00,LINE-02,129,2
5399,2025-03-03 11:30:00,LINE-03,134,3
5400,2025-03-03 11:45:00,LINE-04,121,3
5401,2025-03-03 12:00:00,LINE-01,113,2
5402,2025-03-03 12:15:00,LINE-02,94,2
5403,2025-03-03 12:30:00,LINE-03,136,5
5404,2025-03-03 12:45:00,LINE-04,106,3
5405,2025-03-03 13:00:00,LINE-01,104,3
5406,2025-03-03 13:15:00,LINE-02,130,2
5407,2025-03-03 13:30:00,LINE-03,87,3
5408,2025-03-03 13:45:00,LINE-04,107,3
5409,2025-03-03 14:00:00,LINE-01,110,2
5410,2025-03-03 14:15:00,LINE-02,97,1
5411,2025-03-03 14:30:00,LINE-03,81,2
5412,2025-03-03 14:45:00,LINE-04,116,2
5413,2025-03-03 15:00:00,LINE-01,108,3
5414,2025-03-03 15:15:00,LINE-02,113,2
5415,2025-03-03 15:30:00,LINE-03,114,3
5416,2025-03-03 15:45:00,LINE-04,97,2
5417,2025-03-03 16:00:00,LINE-01,119,3
5418,2025-03-03 16:15:00,LINE-02,134,2
5419,2025-03-03 16:30:00,LINE-03,124,4
5420,2025-03-03 16:45:00,LINE-04,81,2
5421,2025-03-03 17:00:00,LINE-01,132,2
5422,2025-03-03 17:15:00,LINE-02,103,1
5423,2025-03-03 17:30:00,LINE-03,91,3
5424,2025-03-03 17:45:00,LINE-04,101,2
5425,2025-03-03 18:00:00,LINE-01,117,3
5426,2025-03-03 18:15:00,LINE-02,91,2
5427,2025-03-03 18:30:00,LINE-03,121,4
5428,2025-03-03 18:45:00,LINE-04,106,3
5429,2025-03-03 19:00:00,LINE-01,121,2
5430,2025-03-03 19:15:00,LINE-02,88,1
5431,2025-03-03 19:30:00,LINE-03,101,3
5432,2025-03-03 19:45:00,LINE-04,104,2
5433,2025-03-03 20:00:00,LINE-01,116,1
5434,2025-03-03 20:15:00,LINE-02,129,3
5435,2025-03-03 20:30:00,LINE-03,83,3
5436,2025-03-03 20:45:00,LINE-04,88,2
5437,2025-03-03 21:00:00,LINE-01,97,1
5438,2025-03-03 21:15:00,LINE-02,132,2
5439,2025-03-03 21:30:00,LINE-03,98,2
5440,2025-03-03 21:45:00,LINE-04,114,3
5441,2025-03-03 22:00:00,LINE-01,109,2
5442,2025-03-03 22:15:00,LINE-02,125,3
5443,2025-03-03 22:30:00,LINE-03,138,4
5444,2025-03-03 22:45:00,LINE-04,140,2
5445,2025-03-03 23:00:00,LINE-01,111,2
5446,2025-03-03 23:15:00,LINE-02,101,2
5447,2025-03-03 23:30:00,LINE-03,92,2
5448,2025-03-03 23:45:00,LINE-04,86,2
5449,2025-03-04 00:00:00,LINE-01,82,2
5450,2025-03-04 00:15:00,LINE-02,118,3
5451,2025-03-04 00:30:00,LINE-03,84,3
5452,2025-03-04 00:45:00,LINE-04,137,4
5453,2025-03-04 01:00:00,LINE-01,111,1
5454,2025-03-04 01:15:00,LINE-02,119,2
5455,2025-03-04 01:30:00,LINE-03,138,3
5456,2025-03-04 01:45:00,LINE-04,130,4
5457,2025-03-04 02:00:00,LINE-01,98,3
5458,2025-03-04 02:15:00,LINE-02,134,2
5459,2025-03-04 02:30:00,LINE-03,92,3
5460,2025-03-04 02:45:00,LINE-04,95,2
5461,2025-03-04 03:00:00,LINE-01,113,2
5462,2025-03-04 03:15:00,LINE-02,93,2
5463,2025-03-04 03:30:00,LINE-03,81,3
5464,2025-03-04 03:45:00,LINE-04,98,2
5465,2025-03-04 04:00:00,LINE-01,95,3
5466,2025-03-04 04:15:00,LINE-02,91,2
5467,2025-03-04 04:30:00,LINE-03,82,3
5468,2025-03-04 04:45:00,LINE-04,137,3
5469,2025-03-04 05:00:00,LINE-01,133,2
5470,2025-03-04 05:15:00,LINE-02,123,3
5471,2025-03-04 05:30:00,LINE-03,87,3
5472,2025-03-04 05:45:00,LINE-04,135,2
5473,2025-03-04 06:00:00,LINE-01,81,2
5474,2025-03-04 06:15:00,LINE-02,119,3
5475,2025-03-04 06:30:00,LINE-03,115,3
5476,2025-03-04 06:45:00,LINE-04,130,2
5477,2025-03-04 07:00:00,LINE-01,134,4
5478,2025-03-04 07:15:00,LINE-02,140,4
5479,2025-03-04 07:30:00,LINE-03,91,2
5480,2025-03-04 07:45:00,LINE-04,103,2
5481,2025-03-04 08:00:00,LINE-01,107,2
5482,2025-03-04 08:15:00,LINE-02,80,2
5483,2025-03-04 08:30:00,LINE-03,130,4
5484,2025-03-04 08:45:00,LINE-04,112,3
5485,2025-03-04 09:00:00,LINE-01,96,1
5486,2025-03-04 09:15:00,LINE-02,105,1
5487,2025-03-04 09:30:00,LINE-03,110,4
5488,2025-03-04 09:45:00,LINE-04,98,2
5489,2025-03-04 10:00:00,LINE-01,127,2
5490,2025-03-04 10:15:00,LINE-02,93,3
5491,2025-03-04 10:30:00,LINE-03,134,4
5492,2025-03-04 10:45:00,LINE-04,125,2
5493,2025-03-04 11:00:00,LINE-01,129,3
5494,2025-03-04 11:15:00,LINE-02,103,3
5495,2025-03-04 11:30:00,LINE-03,138,5
5496,2025-03-04 11:45:00,LINE-04,137,2
5497,2025-03-04 12:00:00,LINE-01,127,2
5498,2025-03-04 12:15:00,LINE-02,136,2
5499,2025-03-04 12:30:00,LINE-03,102,2
5500,2025-03-04 12:45:00,LINE-04,98,2
5501,2025-03-04 13:00:00,LINE-01,84,2
5502,2025-03-04 13:15:00,LINE-02,82,1
5503,2025-03-04 13:30:00,LINE-03,137,4
5504,2025-03-04 13:45:00,LINE-04,125,2
5505,2025-03-04 14:00:00,LINE-01,113,3
5506,2025-03-04 14:15:00,LINE-02,94,2
5507,2025-03-04 14:30:00,LINE-03,104,4
5508,2025-03-04 14:45:00,LINE-04,114,3
5509,2025-03-04 15:00:00,LINE-01,127,2
5510,2025-03-04 15:15:00,LINE-02,117,3
5511,2025-03-04 15:30:00,LINE-03,132,5
5512,2025-03-04 15:45:00,LINE-04,97,2
5513,2025-03-04 16:00:00,LINE-01,120,2
5514,2025-03-04 16:15:00,LINE-02,100,2
5515,2025-03-04 16:30:00,LINE-03,107,4
5516,2025-03-04 16:45:00,LINE-04,97,2
5517,2025-03-04 17:00:00,LINE-01,81,2
5518,2025-03-04 17:15:00,LINE-02,127,3
5519,2025-03-04 17:30:00,LINE-03,103,2
5520,2025-03-04 17:45:00,LINE-04,94,2
5521,2025-03-04 18:00:00,LINE-01,99,2
5522,2025-03-04 18:15:00,LINE-02,83,1
5523,2025-03-04 18:30:00,LINE-03,116,3
5524,2025-03-04 18:45:00,LINE-04,140,3
5525,2025-03-04 19:00:00,LINE-01,133,2
5526,2025-03-04 19:15:00,LINE-02,97,2
5527,2025-03-04 19:30:00,LINE-03,95,4
5528,2025-03-04 19:45:00,LINE-04,93,3
5529,2025-03-04 20:00:00,LINE-01,100,3
5530,2025-03-04 20:15:00,LINE-02,99,2
5531,2025-03-04 20:30:00,LINE-03,140,3
5532,2025-03-04 20:45:00,LINE-04,82,2
5533,2025-03-04 21:00:00,LINE-01,137,3
5534,2025-03-04 21:15:00,LINE-02,88,2
5535,2025-03-04 21:30:00,LINE-03,93,3
5536,2025-03-04 21:45:00,LINE-04,129,4
5537,2025-03-04 22:00:00,LINE-01,98,3
5538,2025-03-04 22:15:00,LINE-02,117,2
5539,2025-03-04 22:30:00,LINE-03,91,2
5540,2025-03-04 22:45:00,LINE-04,81,2
5541,2025-03-04 23:00:00,LINE-01,109,2
5542,2025-03-04 23:15:00,LINE-02,130,3
5543,2025-03-04 23:30:00,LINE-03,133,3
5544,2025-03-04 23:45:00,LINE-04,93,2
5545,2025-03-05 00:00:00,LINE-01,91,2
5546,2025-03-05 00:15:00,LINE-02,85,2
5547,2025-03-05 00:30:00,LINE-03,121,2
5548,2025-03-05 00:45:00,LINE-04,133,2
5549,2025-03-05 01:00:00,LINE-01,114,3
5550,2025-03-05 01:15:00,LINE-02,113,2
5551,2025-03-05 01:30:00,LINE-03,94,2
5552,2025-03-05 01:45:00,LINE-04,90,1
5553,2025-03-05 02:00:00,LINE-01,105,2
5554,2025-03-05 02:15:00,LINE-02,108,2
5555,2025-03-05 02:30:00,LINE-03,83,2
5556,2025-03-05 02:45:00,LINE-04,103,2
5557,2025-03-05 03:00:00,LINE-01,139,3
5558,2025-03-05 03:15:00,LINE-02,139,2
5559,2025-03-05 03:30:00,LINE-03,119,2
5560,2025-03-05 03:45:00,LINE-04,88,3
5561,2025-03-05 04:00:00,LINE-01,137,3
5562,2025-03-05 04:15:00,LINE-02,125,2
5563,2025-03-05 04:30:00,LINE-03,114,3
5564,2025-03-05 04:45:00,LINE-04,92,2
5565,2025-03-05 05:00:00,LINE-01,87,2
5566,2025-03-05 05:15:00,LINE-02,92,2
5567,2025-03-05 05:30:00,LINE-03,128,4
5568,2025-03-05 05:45:00,LINE-04,116,2
5569,2025-03-05 06:00:00,LINE-01,84,2
5570,2025-03-05 06:15:00,LINE-02,131,2
5571,2025-03-05 06:30:00,LINE-03,81,3
5572,2025-03-05 06:45:00,LINE-04,97,2
5573,2025-03-05 07:00:00,LINE-01,100,2
5574,2025-03-05 07:15:00,LINE-02,81,2
5575,2025-03-05 07:30:00,LINE-03,82,3
5576,2025-03-05 07:45:00,LINE-04,130,3
5577,2025-03-05 08:00:00,LINE-01,119,2
5578,2025-03-05 08:15:00,LINE-02,117,2
5579,2025-03-05 08:30:00,LINE-03,111,3
5580,2025-03-05 08:45:00,LINE-04,91,2
5581,2025-03-05 09:00:00,LINE-01,126,3
5582,2025-03-05 09:15:00,LINE-02,117,2
5583,2025-03-05 09:30:00,LINE-03,109,2
5584,2025-03-05 09:45:00,LINE-04,122,2
5585,2025-03-05 10:00:00,LINE-01,94,2
5586,2025-03-05 10:15:00,LINE-02,116,3
5587,2025-03-05 10:30:00,LINE-03,112,2
5588,2025-03-05 10:45:00,LINE-04,95,2
5589,2025-03-05 11:00:00,LINE-01,137,2
5590,2025-03-05 11:15:00,LINE-02,99,1
5591,2025-03-05 11:30:00,LINE-03,103,3
5592,2025-03-05 11:45:00,LINE-04,124,2
5593,2025-03-05 12:00:00,LINE-01,109,3
5594,2025-03-05 12:15:00,LINE-02,102,3
5595,2025-03-05 12:30:00,LINE-03,137,3
5596,2025-03-05 12:45:00,LINE-04,136,3
5597,2025-03-05 13:00:00,LINE-01,93,2
5598,2025-03-05 13:15:00,LINE-02,121,3
5599,2025-03-05 13:30:00,LINE-03,112,4
5600,2025-03-05 13:45:00,LINE-04,102,2
5601,2025-03-05 14:00:00,LINE-01,103,2
5602,2025-03-05 14:15:00,LINE-02,87,1
5603,2025-03-05 14:30:00,LINE-03,140,4
5604,2025-03-05 14:45:00,LINE-04,89,2
5605,2025-03-05 15:00:00,LINE-01,95,2
5606,2025-03-05 15:15:00,LINE-02,127,2
5607,2025-03-05 15:30:00,LINE-03,94,3
5608,2025-03-05 15:45:00,LINE-04,107,2
5609,2025-03-05 16:00:00,LINE-01,118,3
5610,2025-03-05 16:15:00,LINE-02,82,2
5611,2025-03-05 16:30:00,LINE-03,89,3
5612,2025-03-05 16:45:00,LINE-04,84,2
5613,2025-03-05 17:00:00,LINE-01,124,3
5614,2025-03-05 17:15:00,LINE-02,99,3
5615,2025-03-05 17:30:00,LINE-03,118,3
5616,2025-03-05 17:45:00,LINE-04,87,2
5617,2025-03-05 18:00:00,LINE-01,96,3
5618,2025-03-05 18:15:00,LINE-02,83,2
5619,2025-03-05 18:30:00,LINE-03,111,3
5620,2025-03-05 18:45:00,LINE-04,111,2
5621,2025-03-05 19:00:00,LINE-01,86,2
5622,2025-03-05 19:15:00,LINE-02,115,3
5623,2025-03-05 19:30:00,LINE-03,134,5
5624,2025-03-05 19:45:00,LINE-04,127,3
5625,2025-03-05 20:00:00,LINE-01,93,2
5626,2025-03-05 20:15:00,LINE-02,102,2
5627,2025-03-05 20:30:00,LINE-03,84,2
5628,2025-03-05 20:45:00,LINE-04,104,2
5629,2025-03-05 21:00:00,LINE-01,106,3
5630,2025-03-05 21:15:00,LINE-02,120,3
5631,2025-03-05 21:30:00,LINE-03,105,2
5632,2025-03-05 21:45:00,LINE-04,95,2
5633,2025-03-05 22:00:00,LINE-01,133,4
5634,2025-03-05 22:15:00,LINE-02,113,3
5635,2025-03-05 22:30:00,LINE-03,95,2
5636,2025-03-05 22:45:00,LINE-04,130,3
5637,2025-03-05 23:00:00,LINE-01,92,2
5638,2025-03-05 23:15:00,LINE-02,125,3
5639,2025-03-05 23:30:00,LINE-03,108,3
5640,2025-03-05 23:45:00,LINE-04,110,1
5641,2025-03-06 00:00:00,LINE-01,94,2
5642,2025-03-06 00:15:00,LINE-02,107,3
5643,2025-03-06 00:30:00,LINE-03,129,4
5644,2025-03-06 00:45:00,LINE-04,87,2
5645,2025-03-06 01:00:00,LINE-01,128,3
5646,2025-03-06 01:15:00,LINE-02,133,3
5647,2025-03-06 01:30:00,LINE-03,111,2
5648,2025-03-06 01:45:00,LINE-04,115,3
5649,2025-03-06 02:00:00,LINE-01,105,3
5650,2025-03-06 02:15:00,LINE-02,88,1
5651,2025-03-06 02:30:00,LINE-03,123,4
5652,2025-03-06 02:45:00,LINE-04,140,3
5653,2025-03-06 03:00:00,LINE-01,111,3
5654,2025-03-06 03:15:00,LINE-02,133,2
5655,2025-03-06 03:30:00,LINE-03,92,2
5656,2025-03-06 03:45:00,LINE-04,123,4
5657,2025-03-06 04:00:00,LINE-01,115,3
5658,2025-03-06 04:15:00,LINE-02,115,2
5659,2025-03-06 04:30:00,LINE-03,97,3
5660,2025-03-06 04:45:00,LINE-04,99,3
5661,2025-03-06 05:00:00,LINE-01,90,1
5662,2025-03-06 05:15:00,LINE-02,128,3
5663,2025-03-06 05:30:00,LINE-03,111,3
5664,2025-03-06 05:45:00,LINE-04,106,3
5665,2025-03-06 06:00:00,LINE-01,127,3
5666,2025-03-06 06:15:00,LINE-02,117,2
5667,2025-03-06 06:30:00,LINE-03,90,2
5668,2025-03-06 06:45:00,LINE-04,80,2
5669,2025-03-06 07:00:00,LINE-01,124,3
5670,2025-03-06 07:15:00,LINE-02,88,2
5671,2025-03-06 07:30:00,LINE-03,109,3
5672,2025-03-06 07:45:00,LINE-04,115,3
5673,2025-03-06 08:00:00,LINE-01,101,2
5674,2025-03-06 08:15:00,LINE-02,98,1
5675,2025-03-06 08:30:00,LINE-03,128,4
5676,2025-03-06 08:45:00,LINE-04,99,2
5677,2025-03-06 09:00:00,LINE-01,85,2
5678,2025-03-06 09:15:00,LINE-02,105,2
5679,2025-03-06 09:30:00,LINE-03,136,5
5680,2025-03-06 09:45:00,LINE-04,82,2
5681,2025-03-06 10:00:00,LINE-01,131,3
5682,2025-03-06 10:15:00,LINE-02,120,2
5683,2025-03-06 10:30:00,LINE-03,132,3
5684,2025-03-06 10:45:00,LINE-04,126,2
5685,2025-03-06 11:00:00,LINE-01,111,1
5686,2025-03-06 11:15:00,LINE-02,113,2
5687,2025-03-06 11:30:00,LINE-03,112,2
5688,2025-03-06 11:45:00,LINE-04,139,3
5689,2025-03-06 12:00:00,LINE-01,109,2
5690,2025-03-06 12:15:00,LINE-02,135,2
5691,2025-03-06 12:30:00,LINE-03,82,2
5692,2025-03-06 12:45:00,LINE-04,131,2
5693,2025-03-06 13:00:00,LINE-01,122,4
5694,2025-03-06 13:15:00,LINE-02,132,4
5695,2025-03-06 13:30:00,LINE-03,95,3
5696,2025-03-06 13:45:00,LINE-04,126,3
5697,2025-03-06 14:00:00,LINE-01,107,3
5698,2025-03-06 14:15:00,LINE-02,133,3
5699,2025-03-06 14:30:00,LINE-03,81,2
5700,2025-03-06 14:45:00,LINE-04,123,2
5701,2025-03-06 15:00:00,LINE-01,89,3
5702,2025-03-06 15:15:00,LINE-02,119,2
5703,2025-03-06 15:30:00,LINE-03,124,5
5704,2025-03-06 15:45:00,LINE-04,89,2
5705,2025-03-06 16:00:00,LINE-01,93,2
5706,2025-03-06 16:15:00,LINE-02,119,4
5707,2025-03-06 16:30:00,LINE-03,94,2
5708,2025-03-06 16:45:00,LINE-04,121,2
5709,2025-03-06 17:00:00,LINE-01,118,3
5710,2025-03-06 17:15:00,LINE-02,114,2
5711,2025-03-06 17:30:00,LINE-03,109,4
5712,2025-03-06 17:45:00,LINE-04,126,2
5713,2025-03-06 18:00:00,LINE-01,87,1
5714,2025-03-06 18:15:00,LINE-02,84,1
5715,2025-03-06 18:30:00,LINE-03,94,2
5716,2025-03-06 18:45:00,LINE-04,124,3
5717,2025-03-06 19:00:00,LINE-01,100,2
5718,2025-03-06 19:15:00,LINE-02,119,3
5719,2025-03-06 19:30:00,LINE-03,114,4
5720,2025-03-06 19:45:00,LINE-04,108,1
5721,2025-03-06 20:00:00,LINE-01,135,3
5722,2025-03-06 20:15:00,LINE-02,96,2
5723,2025-03-06 20:30:00,LINE-03,115,4
5724,2025-03-06 20:45:00,LINE-04,90,1
5725,2025-03-06 21:00:00,LINE-01,116,3
5726,2025-03-06 21:15:00,LINE-02,85,2
5727,2025-03-06 21:30:00,LINE-03,112,2
5728,2025-03-06 21:45:00,LINE-04,93,3
5729,2025-03-06 22:00:00,LINE-01,87,1
5730,2025-03-06 22:15:00,LINE-02,100,2
5731,2025-03-06 22:30:00,LINE-03,122,4
5732,2025-03-06 22:45:00,LINE-04,126,2
5733,2025-03-06 23:00:00,LINE-01,131,3
5734,2025-03-06 23:15:00,LINE-02,127,2
5735,2025-03-06 23:30:00,LINE-03,82,3
5736,2025-03-06 23:45:00,LINE-04,88,2
5737,2025-03-07 00:00:00,LINE-01,133,4
5738,2025-03-07 00:15:00,LINE-02,130,2
5739,2025-03-07 00:30:00,LINE-03,127,4
5740,2025-03-07 00:45:00,LINE-04,88,2
5741,2025-03-07 01:00:00,LINE-01,109,2
5742,2025-03-07 01:15:00,LINE-02,88,1
5743,2025-03-07 01:30:00,LINE-03,108,3
5744,2025-03-07 01:45:00,LINE-04,126,2
5745,2025-03-07 02:00:00,LINE-01,111,2
5746,2025-03-07 02:15:00,LINE-02,91,2
5747,2025-03-07 02:30:00,LINE-03,105,3
5748,2025-03-07 02:45:00,LINE-04,108,2
5749,2025-03-07 03:00:00,LINE-01,113,2
5750,2025-03-07 03:15:00,LINE-02,87,1
5751,2025-03-07 03:30:00,LINE-03,95,2
5752,2025-03-07 03:45:00,LINE-04,89,1
5753,2025-03-07 04:00:00,LINE-01,99,3
5754,2025-03-07 04:15:00,LINE-02,136,2
5755,2025-03-07 04:30:00,LINE-03,113,3
5756,2025-03-07 04:45:00,LINE-04,111,3
5757,2025-03-07 05:00:00,LINE-01,86,2
5758,2025-03-07 05:15:00,LINE-02,114,2
5759,2025-03-07 05:30:00,LINE-03,102,3
5760,2025-03-07 05:45:00,LINE-04,104,2
5761,2025-03-07 06:00:00,LINE-01,83,1
5762,2025-03-07 06:15:00,LINE-02,90,3
5763,2025-03-07 06:30:00,LINE-03,104,2
5764,2025-03-07 06:45:00,LINE-04,109,1
5765,2025-03-07 07:00:00,LINE-01,130,4
5766,2025-03-07 07:15:00,LINE-02,85,2
5767,2025-03-07 07:30:00,LINE-03,137,3
5768,2025-03-07 07:45:00,LINE-04,82,2
5769,2025-03-07 08:00:00,LINE-01,102,3
5770,2025-03-07 08:15:00,LINE-02,140,2
5771,2025-03-07 08:30:00,LINE-03,114,4
5772,2025-03-07 08:45:00,LINE-04,91,2
5773,2025-03-07 09:00:00,LINE-01,124,2
5774,2025-03-07 09:15:00,LINE-02,81,2
5775,2025-03-07 09:30:00,LINE-03,83,2
5776,2025-03-07 09:45:00,LINE-04,102,3
5777,2025-03-07 10:00:00,LINE-01,115,2
5778,2025-03-07 10:15:00,LINE-02,110,2
5779,2025-03-07 10:30:00,LINE-03,84,3
5780,2025-03-07 10:45:00,LINE-04,129,3
5781,2025-03-07 11:00:00,LINE-01,139,3
5782,2025-03-07 11:15:00,LINE-02,121,2
5783,2025-03-07 11:30:00,LINE-03,122,3
5784,2025-03-07 11:45:00,LINE-04,106,2
5785,2025-03-07 12:00:00,LINE-01,91,2
5786,2025-03-07 12:15:00,LINE-02,130,3
5787,2025-03-07 12:30:00,LINE-03,131,4
5788,2025-03-07 12:45:00,LINE-04,97,3
5789,2025-03-07 13:00:00,LINE-01,116,2
5790,2025-03-07 13:15:00,LINE-02,86,3
5791,2025-03-07 13:30:00,LINE-03,122,4
5792,2025-03-07 13:45:00,LINE-04,87,1
5793,2025-03-07 14:00:00,LINE-01,130,3
5794,2025-03-07 14:15:00,LINE-02,110,1
5795,2025-03-07 14:30:00,LINE-03,133,5
5796,2025-03-07 14:45:00,LINE-04,105,3
5797,2025-03-07 15:00:00,LINE-01,140,2
5798,2025-03-07 15:15:00,LINE-02,110,2
5799,2025-03-07 15:30:00,LINE-03,132,5
5800,2025-03-07 15:45:00,LINE-04,116,1
5801,2025-03-07 16:00:00,LINE-01,96,3
5802,2025-03-07 16:15:00,LINE-02,105,2
5803,2025-03-07 16:30:00,LINE-03,113,3
5804,2025-03-07 16:45:00,LINE-04,84,1
5805,2025-03-07 17:00:00,LINE-01,123,2
5806,2025-03-07 17:15:00,LINE-02,137,4
5807,2025-03-07 17:30:00,LINE-03,127,4
5808,2025-03-07 17:45:00,LINE-04,129,3
5809,2025-03-07 18:00:00,LINE-01,91,2
5810,2025-03-07 18:15:00,LINE-02,116,3
5811,2025-03-07 18:30:00,LINE-03,134,4
5812,2025-03-07 18:45:00,LINE-04,80,2
5813,2025-03-07 19:00:00,LINE-01,84,2
5814,2025-03-07 19:15:00,LINE-02,116,3
5815,2025-03-07 19:30:00,LINE-03,123,4
5816,2025-03-07 19:45:00,LINE-04,134,4
5817,2025-03-07 20:00:00,LINE-01,91,2
5818,2025-03-07 20:15:00,LINE-02,111,3
5819,2025-03-07 20:30:00,LINE-03,105,3
5820,2025-03-07 20:45:00,LINE-04,89,2
5821,2025-03-07 21:00:00,LINE-01,110,3
5822,2025-03-07 21:15:00,LINE-02,115,2
5823,2025-03-07 21:30:00,LINE-03,126,3
5824,2025-03-07 21:45:00,LINE-04,90,1
5825,2025-03-07 22:00:00,LINE-01,135,3
5826,2025-03-07 22:15:00,LINE-02,89,2
5827,2025-03-07 22:30:00,LINE-03,138,4
5828,2025-03-07 22:45:00,LINE-04,139,2
5829,2025-03-07 23:00:00,LINE-01,124,3
5830,2025-03-07 23:15:00,LINE-02,133,4
5831,2025-03-07 23:30:00,LINE-03,81,2
5832,2025-03-07 23:45:00,LINE-04,129,3
5833,2025-03-08 00:00:00,LINE-01,102,3
5834,2025-03-08 00:15:00,LINE-02,96,2
5835,2025-03-08 00:30:00,LINE-03,138,4
5836,2025-03-08 00:45:00,LINE-04,127,3
5837,2025-03-08 01:00:00,LINE-01,82,2
5838,2025-03-08 01:15:00,LINE-02,129,2
5839,2025-03-08 01:30:00,LINE-03,133,4
5840,2025-03-08 01:45:00,LINE-04,124,3
5841,2025-03-08 02:00:00,LINE-01,134,2
5842,2025-03-08 02:15:00,LINE-02,109,3
5843,2025-03-08 02:30:00,LINE-03,100,3
5844,2025-03-08 02:45:00,LINE-04,109,2
5845,2025-03-08 03:00:00,LINE-01,132,3
5846,2025-03-08 03:15:00,LINE-02,139,2
5847,2025-03-08 03:30:00,LINE-03,105,3
5848,2025-03-08 03:45:00,LINE-04,107,3
5849,2025-03-08 04:00:00,LINE-01,111,3
5850,2025-03-08 04:15:00,LINE-02,105,2
5851,2025-03-08 04:30:00,LINE-03,136,5
5852,2025-03-08 04:45:00,LINE-04,94,1
5853,2025-03-08 05:00:00,LINE-01,93,1
5854,2025-03-08 05:15:00,LINE-02,125,2
5855,2025-03-08 05:30:00,LINE-03,107,3
5856,2025-03-08 05:45:00,LINE-04,84,2
5857,2025-03-08 06:00:00,LINE-01,118,2
5858,2025-03-08 06:15:00,LINE-02,120,3
5859,2025-03-08 06:30:00,LINE-03,100,3
5860,2025-03-08 06:45:00,LINE-04,92,2
5861,2025-03-08 07:00:00,LINE-01,130,2
5862,2025-03-08 07:15:00,LINE-02,105,3
5863,2025-03-08 07:30:00,LINE-03,97,2
5864,2025-03-08 07:45:00,LINE-04,138,3
5865,2025-03-08 08:00:00,LINE-01,137,4
5866,2025-03-08 08:15:00,LINE-02,129,4
5867,2025-03-08 08:30:00,LINE-03,139,4
5868,2025-03-08 08:45:00,LINE-04,140,3
5869,2025-03-08 09:00:00,LINE-01,88,2
5870,2025-03-08 09:15:00,LINE-02,101,3
5871,2025-03-08 09:30:00,LINE-03,83,2
5872,2025-03-08 09:45:00,LINE-04,121,3
5873,2025-03-08 10:00:00,LINE-01,93,3
5874,2025-03-08 10:15:00,LINE-02,126,2
5875,2025-03-08 10:30:00,LINE-03,100,4
5876,2025-03-08 10:45:00,LINE-04,81,2
5877,2025-03-08 11:00:00,LINE-01,91,2
5878,2025-03-08 11:15:00,LINE-02,81,1
5879,2025-03-08 11:30:00,LINE-03,105,4
5880,2025-03-08 11:45:00,LINE-04,96,3
5881,2025-03-08 12:00:00,LINE-01,103,3
5882,2025-03-08 12:15:00,LINE-02,90,2
5883,2025-03-08 12:30:00,LINE-03,87,3
5884,2025-03-08 12:45:00,LINE-04,119,3
5885,2025-03-08 13:00:00,LINE-01,126,2
5886,2025-03-08 13:15:00,LINE-02,99,3
5887,2025-03-08 13:30:00,LINE-03,125,4
5888,2025-03-08 13:45:00,LINE-04,130,2
5889,2025-03-08 14:00:00,LINE-01,131,3
5890,2025-03-08 14:15:00,LINE-02,108,3
5891,2025-03-08 14:30:00,LINE-03,135,4
5892,2025-03-08 14:45:00,LINE-04,129,3
5893,2025-03-08 15:00:00,LINE-01,138,4
5894,2025-03-08 15:15:00,LINE-02,101,2
5895,2025-03-08 15:30:00,LINE-03,99,4
5896,2025-03-08 15:45:00,LINE-04,82,1
5897,2025-03-08 16:00:00,LINE-01,92,3
5898,2025-03-08 16:15:00,LINE-02,113,3
5899,2025-03-08 16:30:00,LINE-03,122,5
5900,2025-03-08 16:45:00,LINE-04,117,3
5901,2025-03-08 17:00:00,LINE-01,127,3
5902,2025-03-08 17:15:00,LINE-02,127,2
5903,2025-03-08 17:30:00,LINE-03,102,2
5904,2025-03-08 17:45:00,LINE-04,135,3
5905,2025-03-08 18:00:00,LINE-01,114,2
5906,2025-03-08 18:15:00,LINE-02,138,4
5907,2025-03-08 18:30:00,LINE-03,82,2
5908,2025-03-08 18:45:00,LINE-04,123,3
5909,2025-03-08 19:00:00,LINE-01,129,2
5910,2025-03-08 19:15:00,LINE-02,140,2
5911,2025-03-08 19:30:00,LINE-03,126,3
5912,2025-03-08 19:45:00,LINE-04,88,2
5913,2025-03-08 20:00:00,LINE-01,98,2
5914,2025-03-08 20:15:00,LINE-02,85,2
5915,2025-03-08 20:30:00,LINE-03,133,5
5916,2025-03-08 20:45:00,LINE-04,81,2
5917,2025-03-08 21:00:00,LINE-01,115,3
5918,2025-03-08 21:15:00,LINE-02,94,2
5919,2025-03-08 21:30:00,LINE-03,86,2
5920,2025-03-08 21:45:00,LINE-04,82,1
5921,2025-03-08 22:00:00,LINE-01,93,1
5922,2025-03-08 22:15:00,LINE-02,131,4
5923,2025-03-08 22:30:00,LINE-03,102,4
5924,2025-03-08 22:45:00,LINE-04,127,2
5925,2025-03-08 23:00:00,LINE-01,90,2
5926,2025-03-08 23:15:00,LINE-02,110,3
5927,2025-03-08 23:30:00,LINE-03,138,4
5928,2025-03-08 23:45:00,LINE-04,101,3
5929,2025-03-09 00:00:00,LINE-01,138,3
5930,2025-03-09 00:15:00,LINE-02,104,2
5931,2025-03-09 00:30:00,LINE-03,120,4
5932,2025-03-09 00:45:00,LINE-04,121,3
5933,2025-03-09 01:00:00,LINE-01,107,3
5934,2025-03-09 01:15:00,LINE-02,110,3
5935,2025-03-09 01:30:00,LINE-03,122,5
5936,2025-03-09 01:45:00,LINE-04,118,3
5937,2025-03-09 02:00:00,LINE-01,105,1
5938,2025-03-09 02:15:00,LINE-02,123,2
5939,2025-03-09 02:30:00,LINE-03,89,2
5940,2025-03-09 02:45:00,LINE-04,125,3
5941,2025-03-09 03:00:00,LINE-01,81,1
5942,2025-03-09 03:15:00,LINE-02,128,3
5943,2025-03-09 03:30:00,LINE-03,97,2
5944,2025-03-09 03:45:00,LINE-04,118,2
5945,2025-03-09 04:00:00,LINE-01,85,2
5946,2025-03-09 04:15:00,LINE-02,86,2
5947,2025-03-09 04:30:00,LINE-03,136,5
5948,2025-03-09 04:45:00,LINE-04,127,2
5949,2025-03-09 05:00:00,LINE-01,114,2
5950,2025-03-09 05:15:00,LINE-02,94,1
5951,2025-03-09 05:30:00,LINE-03,137,4
5952,2025-03-09 05:45:00,LINE-04,135,2
5953,2025-03-09 06:00:00,LINE-01,81,1
5954,2025-03-09 06:15:00,LINE-02,103,2
5955,2025-03-09 06:30:00,LINE-03,132,5
5956,2025-03-09 06:45:00,LINE-04,94,2
5957,2025-03-09 07:00:00,LINE-01,110,3
5958,2025-03-09 07:15:00,LINE-02,103,2
5959,2025-03-09 07:30:00,LINE-03,126,5
5960,2025-03-09 07:45:00,LINE-04,120,2
5961,2025-03-09 08:00:00,LINE-01,125,2
5962,2025-03-09 08:15:00,LINE-02,84,1
5963,2025-03-09 08:30:00,LINE-03,121,4
5964,2025-03-09 08:45:00,LINE-04,97,2
5965,2025-03-09 09:00:00,LINE-01,109,3
5966,2025-03-09 09:15:00,LINE-02,127,3
5967,2025-03-09 09:30:00,LINE-03,95,2
5968,2025-03-09 09:45:00,LINE-04,135,4
5969,2025-03-09 10:00:00,LINE-01,82,1
5970,2025-03-09 10:15:00,LINE-02,114,3
5971,2025-03-09 10:30:00,LINE-03,123,3
5972,2025-03-09 10:45:00,LINE-04,84,2
5973,2025-03-09 11:00:00,LINE-01,130,3
5974,2025-03-09 11:15:00,LINE-02,140,4
5975,2025-03-09 11:30:00,LINE-03,110,3
5976,2025-03-09 11:45:00,LINE-04,116,3
5977,2025-03-09 12:00:00,LINE-01,82,1
5978,2025-03-09 12:15:00,LINE-02,89,1
5979,2025-03-09 12:30:00,LINE-03,91,3
5980,2025-03-09 12:45:00,LINE-04,135,4
5981,2025-03-09 13:00:00,LINE-01,124,2
5982,2025-03-09 13:15:00,LINE-02,140,2
5983,2025-03-09 13:30:00,LINE-03,125,3
5984,2025-03-09 13:45:00,LINE-04,123,2
5985,2025-03-09 14:00:00,LINE-01,92,2
5986,2025-03-09 14:15:00,LINE-02,129,3
5987,2025-03-09 14:30:00,LINE-03,85,3
5988,2025-03-09 14:45:00,LINE-04,88,1
5989,2025-03-09 15:00:00,LINE-01,137,2
5990,2025-03-09 15:15:00,LINE-02,81,1
5991,2025-03-09 15:30:00,LINE-03,136,5
5992,2025-03-09 15:45:00,LINE-04,92,2
5993,2025-03-09 16:00:00,LINE-01,99,3
5994,2025-03-09 16:15:00,LINE-02,130,2
5995,2025-03-09 16:30:00,LINE-03,125,4
5996,2025-03-09 16:45:00,LINE-04,124,2
5997,2025-03-09 17:00:00,LINE-01,112,2
5998,2025-03-09 17:15:00,LINE-02,100,1
5999,2025-03-09 17:30:00,LINE-03,107,2
6000,2025-03-09 17:45:00,LINE-04,126,3
6001,2025-03-09 18:00:00,LINE-01,113,3
6002,2025-03-09 18:15:00,LINE-02,87,1
6003,2025-03-09 18:30:00,LINE-03,134,5
6004,2025-03-09 18:45:00,LINE-04,99,1
6005,2025-03-09 19:00:00,LINE-01,99,2
6006,2025-03-09 19:15:00,LINE-02,118,2
6007,2025-03-09 19:30:00,LINE-03,132,5
6008,2025-03-09 19:45:00,LINE-04,131,4
6009,2025-03-09 20:00:00,LINE-01,108,1
6010,2025-03-09 20:15:00,LINE-02,137,2
6011,2025-03-09 20:30:00,LINE-03,127,4
6012,2025-03-09 20:45:00,LINE-04,85,1
6013,2025-03-09 21:00:00,LINE-01,107,1
6014,2025-03-09 21:15:00,LINE-02,121,3
6015,2025-03-09 21:30:00,LINE-03,94,3
6016,2025-03-09 21:45:00,LINE-04,95,2
6017,2025-03-09 22:00:00,LINE-01,112,3
6018,2025-03-09 22:15:00,LINE-02,136,3
6019,2025-03-09 22:30:00,LINE-03,92,3
6020,2025-03-09 22:45:00,LINE-04,122,4
6021,2025-03-09 23:00:00,LINE-01,127,4
6022,2025-03-09 23:15:00,LINE-02,89,1
6023,2025-03-09 23:30:00,LINE-03,107,2
6024,2025-03-09 23:45:00,LINE-04,82,2
6025,2025-03-10 00:00:00,LINE-01,84,2
6026,2025-03-10 00:15:00,LINE-02,83,2
6027,2025-03-10 00:30:00,LINE-03,120,4
6028,2025-03-10 00:45:00,LINE-04,113,3
6029,2025-03-10 01:00:00,LINE-01,138,3
6030,2025-03-10 01:15:00,LINE-02,100,2
6031,2025-03-10 01:30:00,LINE-03,112,4
6032,2025-03-10 01:45:00,LINE-04,98,2
6033,2025-03-10 02:00:00,LINE-01,95,3
6034,2025-03-10 02:15:00,LINE-02,98,2
6035,2025-03-10 02:30:00,LINE-03,118,3
6036,2025-03-10 02:45:00,LINE-04,113,1
6037,2025-03-10 03:00:00,LINE-01,99,3
6038,2025-03-10 03:15:00,LINE-02,106,3
6039,2025-03-10 03:30:00,LINE-03,103,3
6040,2025-03-10 03:45:00,LINE-04,130,2
6041,2025-03-10 04:00:00,LINE-01,93,2
6042,2025-03-10 04:15:00,LINE-02,94,2
6043,2025-03-10 04:30:00,LINE-03,128,3
6044,2025-03-10 04:45:00,LINE-04,118,3
6045,2025-03-10 05:00:00,LINE-01,128,3
6046,2025-03-10 05:15:00,LINE-02,88,1
6047,2025-03-10 05:30:00,LINE-03,121,3
6048,2025-03-10 05:45:00,LINE-04,86,2
6049,2025-03-10 06:00:00,LINE-01,137,3
6050,2025-03-10 06:15:00,LINE-02,124,2
6051,2025-03-10 06:30:00,LINE-03,137,4
6052,2025-03-10 06:45:00,LINE-04,94,1
6053,2025-03-10 07:00:00,LINE-01,87,2
6054,2025-03-10 07:15:00,LINE-02,124,3
6055,2025-03-10 07:30:00,LINE-03,99,3
6056,2025-03-10 07:45:00,LINE-04,117,2
6057,2025-03-10 08:00:00,LINE-01,122,2
6058,2025-03-10 08:15:00,LINE-02,135,2
6059,2025-03-10 08:30:00,LINE-03,133,4
6060,2025-03-10 08:45:00,LINE-04,125,3
6061,2025-03-10 09:00:00,LINE-01,98,3
6062,2025-03-10 09:15:00,LINE-02,126,3
6063,2025-03-10 09:30:00,LINE-03,118,3
6064,2025-03-10 09:45:00,LINE-04,86,3
6065,2025-03-10 10:00:00,LINE-01,111,2
6066,2025-03-10 10:15:00,LINE-02,86,2
6067,2025-03-10 10:30:00,LINE-03,132,3
6068,2025-03-10 10:45:00,LINE-04,86,1
6069,2025-03-10 11:00:00,LINE-01,91,2
6070,2025-03-10 11:15:00,LINE-02,104,3
6071,2025-03-10 11:30:00,LINE-03,124,4
6072,2025-03-10 11:45:00,LINE-04,89,3
6073,2025-03-10 12:00:00,LINE-01,87,2
6074,2025-03-10 12:15:00,LINE-02,107,1
6075,2025-03-10 12:30:00,LINE-03,100,2
6076,2025-03-10 12:45:00,LINE-04,94,2
6077,2025-03-10 13:00:00,LINE-01,90,2
6078,2025-03-10 13:15:00,LINE-02,97,2
6079,2025-03-10 13:30:00,LINE-03,93,2
6080,2025-03-10 13:45:00,LINE-04,131,3
6081,2025-03-10 14:00:00,LINE-01,126,2
6082,2025-03-10 14:15:00,LINE-02,81,1
6083,2025-03-10 14:30:00,LINE-03,131,5
6084,2025-03-10 14:45:00,LINE-04,88,2
6085,2025-03-10 15:00:00,LINE-01,89,2
6086,2025-03-10 15:15:00,LINE-02,88,2
6087,2025-03-10 15:30:00,LINE-03,119,3
6088,2025-03-10 15:45:00,LINE-04,106,1
6089,2025-03-10 16:00:00,LINE-01,138,3
6090,2025-03-10 16:15:00,LINE-02,87,1
6091,2025-03-10 16:30:00,LINE-03,104,2
6092,2025-03-10 16:45:00,LINE-04,130,2
6093,2025-03-10 17:00:00,LINE-01,111,3
6094,2025-03-10 17:15:00,LINE-02,107,2
6095,2025-03-10 17:30:00,LINE-03,129,3
6096,2025-03-10 17:45:00,LINE-04,122,2
6097,2025-03-10 18:00:00,LINE-01,95,3
6098,2025-03-10 18:15:00,LINE-02,131,2
6099,2025-03-10 18:30:00,LINE-03,119,4
6100,2025-03-10 18:45:00,LINE-04,132,2
6101,2025-03-10 19:00:00,LINE-01,127,2
6102,2025-03-10 19:15:00,LINE-02,112,2
6103,2025-03-10 19:30:00,LINE-03,125,4
6104,2025-03-10 19:45:00,LINE-04,90,2
6105,2025-03-10 20:00:00,LINE-01,112,2
6106,2025-03-10 20:15:00,LINE-02,84,2
6107,2025-03-10 20:30:00,LINE-03,100,3
6108,2025-03-10 20:45:00,LINE-04,96,1
6109,2025-03-10 21:00:00,LINE-01,97,3
6110,2025-03-10 21:15:00,LINE-02,112,2
6111,2025-03-10 21:30:00,LINE-03,125,4
6112,2025-03-10 21:45:00,LINE-04,123,2
6113,2025-03-10 22:00:00,LINE-01,126,4
6114,2025-03-10 22:15:00,LINE-02,118,2
6115,2025-03-10 22:30:00,LINE-03,124,3
6116,2025-03-10 22:45:00,LINE-04,136,2
6117,2025-03-10 23:00:00,LINE-01,128,3
6118,2025-03-10 23:15:00,LINE-02,91,1
6119,2025-03-10 23:30:00,LINE-03,109,3
6120,2025-03-10 23:45:00,LINE-04,120,3
6121,2025-03-11 00:00:00,LINE-01,139,3
6122,2025-03-11 00:15:00,LINE-02,101,2
6123,2025-03-11 00:30:00,LINE-03,82,2
6124,2025-03-11 00:45:00,LINE-04,119,3
6125,2025-03-11 01:00:00,LINE-01,88,2
6126,2025-03-11 01:15:00,LINE-02,105,2
6127,2025-03-11 01:30:00,LINE-03,110,3
6128,2025-03-11 01:45:00,LINE-04,124,4
6129,2025-03-11 02:00:00,LINE-01,129,3
6130,2025-03-11 02:15:00,LINE-02,93,1
6131,2025-03-11 02:30:00,LINE-03,82,3
6132,2025-03-11 02:45:00,LINE-04,132,3
6133,2025-03-11 03:00:00,LINE-01,134,2
6134,2025-03-11 03:15:00,LINE-02,137,2
6135,2025-03-11 03:30:00,LINE-03,92,3
6136,2025-03-11 03:45:00,LINE-04,114,2
6137,2025-03-11 04:00:00,LINE-01,80,2
6138,2025-03-11 04:15:00,LINE-02,104,3
6139,2025-03-11 04:30:00,LINE-03,140,5
6140,2025-03-11 04:45:00,LINE-04,135,3
6141,2025-03-11 05:00:00,LINE-01,139,2
6142,2025-03-11 05:15:00,LINE-02,120,2
6143,2025-03-11 05:30:00,LINE-03,137,4
6144,2025-03-11 05:45:00,LINE-04,94,1
6145,2025-03-11 06:00:00,LINE-01,124,4
6146,2025-03-11 06:15:00,LINE-02,139,3
6147,2025-03-11 06:30:00,LINE-03,116,3
6148,2025-03-11 06:45:00,LINE-04,132,2
6149,2025-03-11 07:00:00,LINE-01,109,3
6150,2025-03-11 07:15:00,LINE-02,134,2
6151,2025-03-11 07:30:00,LINE-03,121,4
6152,2025-03-11 07:45:00,LINE-04,82,2
6153,2025-03-11 08:00:00,LINE-01,105,3
6154,2025-03-11 08:15:00,LINE-02,114,2
6155,2025-03-11 08:30:00,LINE-03,90,3
6156,2025-03-11 08:45:00,LINE-04,88,2
6157,2025-03-11 09:00:00,LINE-01,125,3
6158,2025-03-11 09:15:00,LINE-02,137,2
6159,2025-03-11 09:30:00,LINE-03,121,4
6160,2025-03-11 09:45:00,LINE-04,131,2
6161,2025-03-11 10:00:00,LINE-01,93,1
6162,2025-03-11 10:15:00,LINE-02,112,2
6163,2025-03-11 10:30:00,LINE-03,133,4
6164,2025-03-11 10:45:00,LINE-04,85,2
6165,2025-03-11 11:00:00,LINE-01,89,2
6166,2025-03-11 11:15:00,LINE-02,97,1
6167,2025-03-11 11:30:00,LINE-03,89,3
6168,2025-03-11 11:45:00,LINE-04,81,1
6169,2025-03-11 12:00:00,LINE-01,121,2
6170,2025-03-11 12:15:00,LINE-02,112,3
6171,2025-03-11 12:30:00,LINE-03,126,4
6172,2025-03-11 12:45:00,LINE-04,128,2
6173,2025-03-11 13:00:00,LINE-01,133,3
6174,2025-03-11 13:15:00,LINE-02,97,2
6175,2025-03-11 13:30:00,LINE-03,109,3
6176,2025-03-11 13:45:00,LINE-04,122,2
6177,2025-03-11 14:00:00,LINE-01,83,2
6178,2025-03-11 14:15:00,LINE-02,123,4
6179,2025-03-11 14:30:00,LINE-03,121,3
6180,2025-03-11 14:45:00,LINE-04,113,3
6181,2025-03-11 15:00:00,LINE-01,92,2
6182,2025-03-11 15:15:00,LINE-02,134,3
6183,2025-03-11 15:30:00,LINE-03,120,3
6184,2025-03-11 15:45:00,LINE-04,140,3
6185,2025-03-11 16:00:00,LINE-01,81,1
6186,2025-03-11 16:15:00,LINE-02,117,3
6187,2025-03-11 16:30:00,LINE-03,135,4
6188,2025-03-11 16:45:00,LINE-04,93,2
6189,2025-03-11 17:00:00,LINE-01,105,2
6190,2025-03-11 17:15:00,LINE-02,137,3
6191,2025-03-11 17:30:00,LINE-03,98,3
6192,2025-03-11 17:45:00,LINE-04,104,2
6193,2025-03-11 18:00:00,LINE-01,133,4
6194,2025-03-11 18:15:00,LINE-02,116,3
6195,2025-03-11 18:30:00,LINE-03,95,2
6196,2025-03-11 18:45:00,LINE-04,122,2
6197,2025-03-11 19:00:00,LINE-01,95,2
6198,2025-03-11 19:15:00,LINE-02,118,3
6199,2025-03-11 19:30:00,LINE-03,140,4
6200,2025-03-11 19:45:00,LINE-04,122,2
6201,2025-03-11 20:00:00,LINE-01,102,3
6202,2025-03-11 20:15:00,LINE-02,128,2
6203,2025-03-11 20:30:00,LINE-03,82,2
6204,2025-03-11 20:45:00,LINE-04,95,2
6205,2025-03-11 21:00:00,LINE-01,112,1
6206,2025-03-11 21:15:00,LINE-02,81,2
6207,2025-03-11 21:30:00,LINE-03,82,3
6208,2025-03-11 21:45:00,LINE-04,126,2
6209,2025-03-11 22:00:00,LINE-01,104,1
6210,2025-03-11 22:15:00,LINE-02,88,1
6211,2025-03-11 22:30:00,LINE-03,123,5
6212,2025-03-11 22:45:00,LINE-04,130,2
6213,2025-03-11 23:00:00,LINE-01,98,1
6214,2025-03-11 23:15:00,LINE-02,116,2
6215,2025-03-11 23:30:00,LINE-03,100,3
6216,2025-03-11 23:45:00,LINE-04,126,2
6217,2025-03-12 00:00:00,LINE-01,129,3
6218,2025-03-12 00:15:00,LINE-02,102,3
6219,2025-03-12 00:30:00,LINE-03,80,2
6220,2025-03-12 00:45:00,LINE-04,134,3
6221,2025-03-12 01:00:00,LINE-01,105,2
6222,2025-03-12 01:15:00,LINE-02,92,1
6223,2025-03-12 01:30:00,LINE-03,108,3
6224,2025-03-12 01:45:00,LINE-04,120,4
6225,2025-03-12 02:00:00,LINE-01,111,3
6226,2025-03-12 02:15:00,LINE-02,140,2
6227,2025-03-12 02:30:00,LINE-03,131,3
6228,2025-03-12 02:45:00,LINE-04,102,3
6229,2025-03-12 03:00:00,LINE-01,94,3
6230,2025-03-12 03:15:00,LINE-02,114,3
6231,2025-03-12 03:30:00,LINE-03,120,4
6232,2025-03-12 03:45:00,LINE-04,122,2
6233,2025-03-12 04:00:00,LINE-01,89,2
6234,2025-03-12 04:15:00,LINE-02,82,2
6235,2025-03-12 04:30:00,LINE-03,115,4
6236,2025-03-12 04:45:00,LINE-04,101,2
6237,2025-03-12 05:00:00,LINE-01,140,4
6238,2025-03-12 05:15:00,LINE-02,84,1
6239,2025-03-12 05:30:00,LINE-03,87,3
6240,2025-03-12 05:45:00,LINE-04,120,2
6241,2025-03-12 06:00:00,LINE-01,125,2
6242,2025-03-12 06:15:00,LINE-02,109,2
6243,2025-03-12 06:30:00,LINE-03,117,4
6244,2025-03-12 06:45:00,LINE-04,120,3
6245,2025-03-12 07:00:00,LINE-01,120,3
6246,2025-03-12 07:15:00,LINE-02,110,1
6247,2025-03-12 07:30:00,LINE-03,115,3
6248,2025-03-12 07:45:00,LINE-04,85,2
6249,2025-03-12 08:00:00,LINE-01,117,2
6250,2025-03-12 08:15:00,LINE-02,126,2
6251,2025-03-12 08:30:00,LINE-03,108,4
6252,2025-03-12 08:45:00,LINE-04,80,1
6253,2025-03-12 09:00:00,LINE-01,118,2
6254,2025-03-12 09:15:00,LINE-02,110,2
6255,2025-03-12 09:30:00,LINE-03,137,5
6256,2025-03-12 09:45:00,LINE-04,133,3
6257,2025-03-12 10:00:00,LINE-01,125,3
6258,2025-03-12 10:15:00,LINE-02,106,2
6259,2025-03-12 10:30:00,LINE-03,117,3
6260,2025-03-12 10:45:00,LINE-04,127,2
6261,2025-03-12 11:00:00,LINE-01,112,1
6262,2025-03-12 11:15:00,LINE-02,105,1
6263,2025-03-12 11:30:00,LINE-03,111,3
6264,2025-03-12 11:45:00,LINE-04,126,4
6265,2025-03-12 12:00:00,LINE-01,89,2
6266,2025-03-12 12:15:00,LINE-02,106,1
6267,2025-03-12 12:30:00,LINE-03,105,3
6268,2025-03-12 12:45:00,LINE-04,124,4
6269,2025-03-12 13:00:00,LINE-01,118,3
6270,2025-03-12 13:15:00,LINE-02,89,2
6271,2025-03-12 13:30:00,LINE-03,95,2
6272,2025-03-12 13:45:00,LINE-04,130,2
6273,2025-03-12 14:00:00,LINE-01,97,2
6274,2025-03-12 14:15:00,LINE-02,133,2
6275,2025-03-12 14:30:00,LINE-03,126,3
6276,2025-03-12 14:45:00,LINE-04,109,2
6277,2025-03-12 15:00:00,LINE-01,106,3
6278,2025-03-12 15:15:00,LINE-02,133,2
6279,2025-03-12 15:30:00,LINE-03,94,3
6280,2025-03-12 15:45:00,LINE-04,84,1
6281,2025-03-12 16:00:00,LINE-01,94,2
6282,2025-03-12 16:15:00,LINE-02,107,3
6283,2025-03-12 16:30:00,LINE-03,82,2
6284,2025-03-12 16:45:00,LINE-04,104,1
6285,2025-03-12 17:00:00,LINE-01,116,2
6286,2025-03-12 17:15:00,LINE-02,112,1
6287,2025-03-12 17:30:00,LINE-03,106,3
6288,2025-03-12 17:45:00,LINE-04,104,1
6289,2025-03-12 18:00:00,LINE-01,136,2
6290,2025-03-12 18:15:00,LINE-02,134,2
6291,2025-03-12 18:30:00,LINE-03,88,2
6292,2025-03-12 18:45:00,LINE-04,137,2
6293,2025-03-12 19:00:00,LINE-01,107,3
6294,2025-03-12 19:15:00,LINE-02,80,2
6295,2025-03-12 19:30:00,LINE-03,109,4
6296,2025-03-12 19:45:00,LINE-04,92,1
6297,2025-03-12 20:00:00,LINE-01,89,2
6298,2025-03-12 20:15:00,LINE-02,104,2
6299,2025-03-12 20:30:00,LINE-03,100,3
6300,2025-03-12 20:45:00,LINE-04,97,3
6301,2025-03-12 21:00:00,LINE-01,133,4
6302,2025-03-12 21:15:00,LINE-02,126,4
6303,2025-03-12 21:30:00,LINE-03,96,2
6304,2025-03-12 21:45:00,LINE-04,129,2
6305,2025-03-12 22:00:00,LINE-01,140,3
6306,2025-03-12 22:15:00,LINE-02,131,2
6307,2025-03-12 22:30:00,LINE-03,98,3
6308,2025-03-12 22:45:00,LINE-04,139,3
6309,2025-03-12 23:00:00,LINE-01,83,2
6310,2025-03-12 23:15:00,LINE-02,130,2
6311,2025-03-12 23:30:00,LINE-03,99,2
6312,2025-03-12 23:45:00,LINE-04,126,2
6313,2025-03-13 00:00:00,LINE-01,102,2
6314,2025-03-13 00:15:00,LINE-02,108,2
6315,2025-03-13 00:30:00,LINE-03,91,3
6316,2025-03-13 00:45:00,LINE-04,112,2
6317,2025-03-13 01:00:00,LINE-01,106,2
6318,2025-03-13 01:15:00,LINE-02,115,2
6319,2025-03-13 01:30:00,LINE-03,87,2
6320,2025-03-13 01:45:00,LINE-04,136,2
6321,2025-03-13 02:00:00,LINE-01,123,2
6322,2025-03-13 02:15:00,LINE-02,109,2
6323,2025-03-13 02:30:00,LINE-03,95,2
6324,2025-03-13 02:45:00,LINE-04,102,3
6325,2025-03-13 03:00:00,LINE-01,80,2
6326,2025-03-13 03:15:00,LINE-02,84,2
6327,2025-03-13 03:30:00,LINE-03,132,5
6328,2025-03-13 03:45:00,LINE-04,121,2
6329,2025-03-13 04:00:00,LINE-01,82,2
6330,2025-03-13 04:15:00,LINE-02,140,2
6331,2025-03-13 04:30:00,LINE-03,139,4
6332,2025-03-13 04:45:00,LINE-04,130,3
6333,2025-03-13 05:00:00,LINE-01,115,2
6334,2025-03-13 05:15:00,LINE-02,95,3
6335,2025-03-13 05:30:00,LINE-03,114,4
6336,2025-03-13 05:45:00,LINE-04,113,2
6337,2025-03-13 06:00:00,LINE-01,96,2
6338,2025-03-13 06:15:00,LINE-02,105,2
6339,2025-03-13 06:30:00,LINE-03,133,3
6340,2025-03-13 06:45:00,LINE-04,122,3
6341,2025-03-13 07:00:00,LINE-01,132,3
6342,2025-03-13 07:15:00,LINE-02,102,2
6343,2025-03-13 07:30:00,LINE-03,138,5
6344,2025-03-13 07:45:00,LINE-04,134,3
6345,2025-03-13 08:00:00,LINE-01,94,2
6346,2025-03-13 08:15:00,LINE-02,138,2
6347,2025-03-13 08:30:00,LINE-03,125,4
6348,2025-03-13 08:45:00,LINE-04,121,3
6349,2025-03-13 09:00:00,LINE-01,105,3
6350,2025-03-13 09:15:00,LINE-02,96,1
6351,2025-03-13 09:30:00,LINE-03,103,4
6352,2025-03-13 09:45:00,LINE-04,108,2
6353,2025-03-13 10:00:00,LINE-01,133,3
6354,2025-03-13 10:15:00,LINE-02,91,1
6355,2025-03-13 10:30:00,LINE-03,110,4
6356,2025-03-13 10:45:00,LINE-04,138,3
6357,2025-03-13 11:00:00,LINE-01,124,2
6358,2025-03-13 11:15:00,LINE-02,126,3
6359,2025-03-13 11:30:00,LINE-03,138,4
6360,2025-03-13 11:45:00,LINE-04,113,2
6361,2025-03-13 12:00:00,LINE-01,116,3
6362,2025-03-13 12:15:00,LINE-02,113,2
6363,2025-03-13 12:30:00,LINE-03,123,4
6364,2025-03-13 12:45:00,LINE-04,129,3
6365,2025-03-13 13:00:00,LINE-01,82,2
6366,2025-03-13 13:15:00,LINE-02,135,2
6367,2025-03-13 13:30:00,LINE-03,90,3
6368,2025-03-13 13:45:00,LINE-04,104,3
6369,2025-03-13 14:00:00,LINE-01,82,1
6370,2025-03-13 14:15:00,LINE-02,99,3
6371,2025-03-13 14:30:00,LINE-03,82,2
6372,2025-03-13 14:45:00,LINE-04,85,1
6373,2025-03-13 15:00:00,LINE-01,94,2
6374,2025-03-13 15:15:00,LINE-02,132,3
6375,2025-03-13 15:30:00,LINE-03,139,4
6376,2025-03-13 15:45:00,LINE-04,99,2
6377,2025-03-13 16:00:00,LINE-01,123,2
6378,2025-03-13 16:15:00,LINE-02,89,2
6379,2025-03-13 16:30:00,LINE-03,115,4
6380,2025-03-13 16:45:00,LINE-04,128,3
6381,2025-03-13 17:00:00,LINE-01,130,2
6382,2025-03-13 17:15:00,LINE-02,99,2
6383,2025-03-13 17:30:00,LINE-03,134,4
6384,2025-03-13 17:45:00,LINE-04,88,3
6385,2025-03-13 18:00:00,LINE-01,81,1
6386,2025-03-13 18:15:00,LINE-02,87,3
6387,2025-03-13 18:30:00,LINE-03,139,3
6388,2025-03-13 18:45:00,LINE-04,80,2
6389,2025-03-13 19:00:00,LINE-01,125,2
6390,2025-03-13 19:15:00,LINE-02,115,2
6391,2025-03-13 19:30:00,LINE-03,120,3
6392,2025-03-13 19:45:00,LINE-04,85,1
6393,2025-03-13 20:00:00,LINE-01,86,2
6394,2025-03-13 20:15:00,LINE-02,110,3
6395,2025-03-13 20:30:00,LINE-03,85,3
6396,2025-03-13 20:45:00,LINE-04,124,3
6397,2025-03-13 21:00:00,LINE-01,85,1
6398,2025-03-13 21:15:00,LINE-02,138,2
6399,2025-03-13 21:30:00,LINE-03,92,3
6400,2025-03-13 21:45:00,LINE-04,120,2
6401,2025-03-13 22:00:00,LINE-01,139,2
6402,2025-03-13 22:15:00,LINE-02,112,1
6403,2025-03-13 22:30:00,LINE-03,88,2
6404,2025-03-13 22:45:00,LINE-04,128,4
6405,2025-03-13 23:00:00,LINE-01,103,2
6406,2025-03-13 23:15:00,LINE-02,95,3
6407,2025-03-13 23:30:00,LINE-03,128,3
6408,2025-03-13 23:45:00,LINE-04,124,2
6409,2025-03-14 00:00:00,LINE-01,100,2
6410,2025-03-14 00:15:00,LINE-02,80,2
6411,2025-03-14 00:30:00,LINE-03,98,3
6412,2025-03-14 00:45:00,LINE-04,134,2
6413,2025-03-14 01:00:00,LINE-01,88,1
6414,2025-03-14 01:15:00,LINE-02,92,2
6415,2025-03-14 01:30:00,LINE-03,107,3
6416,2025-03-14 01:45:00,LINE-04,116,2
6417,2025-03-14 02:00:00,LINE-01,101,2
6418,2025-03-14 02:15:00,LINE-02,80,2
6419,2025-03-14 02:30:00,LINE-03,130,5
6420,2025-03-14 02:45:00,LINE-04,81,1
6421,2025-03-14 03:00:00,LINE-01,85,1
6422,2025-03-14 03:15:00,LINE-02,83,2
6423,2025-03-14 03:30:00,LINE-03,121,4
6424,2025-03-14 03:45:00,LINE-04,95,2
6425,2025-03-14 04:00:00,LINE-01,135,3
6426,2025-03-14 04:15:00,LINE-02,139,4
6427,2025-03-14 04:30:00,LINE-03,113,4
6428,2025-03-14 04:45:00,LINE-04,132,3
6429,2025-03-14 05:00:00,LINE-01,113,3
6430,2025-03-14 05:15:00,LINE-02,115,3
6431,2025-03-14 05:30:00,LINE-03,131,3
6432,2025-03-14 05:45:00,LINE-04,129,2
6433,2025-03-14 06:00:00,LINE-01,139,3
6434,2025-03-14 06:15:00,LINE-02,117,1
6435,2025-03-14 06:30:00,LINE-03,105,3
6436,2025-03-14 06:45:00,LINE-04,80,2
6437,2025-03-14 07:00:00,LINE-01,133,3
6438,2025-03-14 07:15:00,LINE-02,103,2
6439,2025-03-14 07:30:00,LINE-03,110,3
6440,2025-03-14 07:45:00,LINE-04,99,2
6441,2025-03-14 08:00:00,LINE-01,132,2
6442,2025-03-14 08:15:00,LINE-02,107,3
6443,2025-03-14 08:30:00,LINE-03,107,3
6444,2025-03-14 08:45:00,LINE-04,129,3
6445,2025-03-14 09:00:00,LINE-01,138,3
6446,2025-03-14 09:15:00,LINE-02,91,2
6447,2025-03-14 09:30:00,LINE-03,123,4
6448,2025-03-14 09:45:00,LINE-04,92,2
6449,2025-03-14 10:00:00,LINE-01,92,2
6450,2025-03-14 10:15:00,LINE-02,125,2
6451,2025-03-14 10:30:00,LINE-03,128,3
6452,2025-03-14 10:45:00,LINE-04,100,2
6453,2025-03-14 11:00:00,LINE-01,98,1
6454,2025-03-14 11:15:00,LINE-02,87,1
6455,2025-03-14 11:30:00,LINE-03,134,5
6456,2025-03-14 11:45:00,LINE-04,101,3
6457,2025-03-14 12:00:00,LINE-01,111,2
6458,2025-03-14 12:15:00,LINE-02,96,2
6459,2025-03-14 12:30:00,LINE-03,123,3
6460,2025-03-14 12:45:00,LINE-04,80,2
6461,2025-03-14 13:00:00,LINE-01,136,3
6462,2025-03-14 13:15:00,LINE-02,108,2
6463,2025-03-14 13:30:00,LINE-03,84,2
6464,2025-03-14 13:45:00,LINE-04,112,2
6465,2025-03-14 14:00:00,LINE-01,83,2
6466,2025-03-14 14:15:00,LINE-02,84,2
6467,2025-03-14 14:30:00,LINE-03,96,3
6468,2025-03-14 14:45:00,LINE-04,113,2
6469,2025-03-14 15:00:00,LINE-01,116,3
6470,2025-03-14 15:15:00,LINE-02,100,1
6471,2025-03-14 15:30:00,LINE-03,91,2
6472,2025-03-14 15:45:00,LINE-04,93,1
6473,2025-03-14 16:00:00,LINE-01,116,3
6474,2025-03-14 16:15:00,LINE-02,138,4
6475,2025-03-14 16:30:00,LINE-03,122,3
6476,2025-03-14 16:45:00,LINE-04,135,3
6477,2025-03-14 17:00:00,LINE-01,116,2
6478,2025-03-14 17:15:00,LINE-02,107,2
6479,2025-03-14 17:30:00,LINE-03,137,5
6480,2025-03-14 17:45:00,LINE-04,100,3
6481,2025-03-14 18:00:00,LINE-01,110,1
6482,2025-03-14 18:15:00,LINE-02,111,3
6483,2025-03-14 18:30:00,LINE-03,134,4
6484,2025-03-14 18:45:00,LINE-04,129,3
6485,2025-03-14 19:00:00,LINE-01,92,2
6486,2025-03-14 19:15:00,LINE-02,85,2
6487,2025-03-14 19:30:00,LINE-03,97,3
6488,2025-03-14 19:45:00,LINE-04,118,2
6489,2025-03-14 20:00:00,LINE-01,135,2
6490,2025-03-14 20:15:00,LINE-02,122,2
6491,2025-03-14 20:30:00,LINE-03,103,4
6492,2025-03-14 20:45:00,LINE-04,85,2
6493,2025-03-14 21:00:00,LINE-01,133,4
6494,2025-03-14 21:15:00,LINE-02,113,3
6495,2025-03-14 21:30:00,LINE-03,131,3
6496,2025-03-14 21:45:00,LINE-04,116,2
6497,2025-03-14 22:00:00,LINE-01,83,2
6498,2025-03-14 22:15:00,LINE-02,103,3
6499,2025-03-14 22:30:00,LINE-03,88,3
6500,2025-03-14 22:45:00,LINE-04,125,2
6501,2025-03-14 23:00:00,LINE-01,132,4
6502,2025-03-14 23:15:00,LINE-02,99,2
6503,2025-03-14 23:30:00,LINE-03,132,3
6504,2025-03-14 23:45:00,LINE-04,137,3
6505,2025-03-15 00:00:00,LINE-01,90,2
6506,2025-03-15 00:15:00,LINE-02,114,3
6507,2025-03-15 00:30:00,LINE-03,116,3
6508,2025-03-15 00:45:00,LINE-04,87,2
6509,2025-03-15 01:00:00,LINE-01,81,2
6510,2025-03-15 01:15:00,LINE-02,98,2
6511,2025-03-15 01:30:00,LINE-03,120,3
6512,2025-03-15 01:45:00,LINE-04,127,2
6513,2025-03-15 02:00:00,LINE-01,116,3
6514,2025-03-15 02:15:00,LINE-02,85,1
6515,2025-03-15 02:30:00,LINE-03,115,4
6516,2025-03-15 02:45:00,LINE-04,137,3
6517,2025-03-15 03:00:00,LINE-01,111,2
6518,2025-03-15 03:15:00,LINE-02,133,3
6519,2025-03-15 03:30:00,LINE-03,101,3
6520,2025-03-15 03:45:00,LINE-04,132,2
6521,2025-03-15 04:00:00,LINE-01,94,2
6522,2025-03-15 04:15:00,LINE-02,129,3
6523,2025-03-15 04:30:00,LINE-03,88,3
6524,2025-03-15 04:45:00,LINE-04,108,2
6525,2025-03-15 05:00:00,LINE-01,129,2
6526,2025-03-15 05:15:00,LINE-02,100,2
6527,2025-03-15 05:30:00,LINE-03,128,4
6528,2025-03-15 05:45:00,LINE-04,138,4
6529,2025-03-15 06:00:00,LINE-01,94,2
6530,2025-03-15 06:15:00,LINE-02,134,3
6531,2025-03-15 06:30:00,LINE-03,99,2
6532,2025-03-15 06:45:00,LINE-04,103,2
6533,2025-03-15 07:00:00,LINE-01,121,4
6534,2025-03-15 07:15:00,LINE-02,85,1
6535,2025-03-15 07:30:00,LINE-03,114,4
6536,2025-03-15 07:45:00,LINE-04,94,1
6537,2025-03-15 08:00:00,LINE-01,126,3
6538,2025-03-15 08:15:00,LINE-02,83,1
6539,2025-03-15 08:30:00,LINE-03,125,3
6540,2025-03-15 08:45:00,LINE-04,123,2
6541,2025-03-15 09:00:00,LINE-01,85,2
6542,2025-03-15 09:15:00,LINE-02,103,2
6543,2025-03-15 09:30:00,LINE-03,114,3
6544,2025-03-15 09:45:00,LINE-04,80,2
6545,2025-03-15 10:00:00,LINE-01,139,2
6546,2025-03-15 10:15:00,LINE-02,137,2
6547,2025-03-15 10:30:00,LINE-03,126,3
6548,2025-03-15 10:45:00,LINE-04,124,2
6549,2025-03-15 11:00:00,LINE-01,134,2
6550,2025-03-15 11:15:00,LINE-02,115,3
6551,2025-03-15 11:30:00,LINE-03,93,2
6552,2025-03-15 11:45:00,LINE-04,99,2
6553,2025-03-15 12:00:00,LINE-01,108,2
6554,2025-03-15 12:15:00,LINE-02,86,2
6555,2025-03-15 12:30:00,LINE-03,89,3
6556,2025-03-15 12:45:00,LINE-04,117,2
6557,2025-03-15 13:00:00,LINE-01,120,4
6558,2025-03-15 13:15:00,LINE-02,116,3
6559,2025-03-15 13:30:00,LINE-03,119,3
6560,2025-03-15 13:45:00,LINE-04,102,3
6561,2025-03-15 14:00:00,LINE-01,97,2
6562,2025-03-15 14:15:00,LINE-02,99,1
6563,2025-03-15 14:30:00,LINE-03,136,4
6564,2025-03-15 14:45:00,LINE-04,125,2
6565,2025-03-15 15:00:00,LINE-01,86,2
6566,2025-03-15 15:15:00,LINE-02,84,2
6567,2025-03-15 15:30:00,LINE-03,120,3
6568,2025-03-15 15:45:00,LINE-04,106,3
6569,2025-03-15 16:00:00,LINE-01,129,2
6570,2025-03-15 16:15:00,LINE-02,82,2
6571,2025-03-15 16:30:00,LINE-03,114,3
6572,2025-03-15 16:45:00,LINE-04,105,1
6573,2025-03-15 17:00:00,LINE-01,136,3
6574,2025-03-15 17:15:00,LINE-02,131,4
6575,2025-03-15 17:30:00,LINE-03,88,3
6576,2025-03-15 17:45:00,LINE-04,137,3
6577,2025-03-15 18:00:00,LINE-01,107,2
6578,2025-03-15 18:15:00,LINE-02,103,2
6579,2025-03-15 18:30:00,LINE-03,110,3
6580,2025-03-15 18:45:00,LINE-04,138,3
6581,2025-03-15 19:00:00,LINE-01,126,3
6582,2025-03-15 19:15:00,LINE-02,116,2
6583,2025-03-15 19:30:00,LINE-03,130,3
6584,2025-03-15 19:45:00,LINE-04,82,2
6585,2025-03-15 20:00:00,LINE-01,108,2
6586,2025-03-15 20:15:00,LINE-02,86,2
6587,2025-03-15 20:30:00,LINE-03,128,4
6588,2025-03-15 20:45:00,LINE-04,113,3
6589,2025-03-15 21:00:00,LINE-01,122,3
6590,2025-03-15 21:15:00,LINE-02,126,2
6591,2025-03-15 21:30:00,LINE-03,82,3
6592,2025-03-15 21:45:00,LINE-04,130,4
6593,2025-03-15 22:00:00,LINE-01,92,2
6594,2025-03-15 22:15:00,LINE-02,96,2
6595,2025-03-15 22:30:00,LINE-03,120,3
6596,2025-03-15 22:45:00,LINE-04,88,2
6597,2025-03-15 23:00:00,LINE-01,136,2
6598,2025-03-15 23:15:00,LINE-02,132,3
6599,2025-03-15 23:30:00,LINE-03,102,3
6600,2025-03-15 23:45:00,LINE-04,126,4
6601,2025-03-16 00:00:00,LINE-01,115,2
6602,2025-03-16 00:15:00,LINE-02,113,3
6603,2025-03-16 00:30:00,LINE-03,121,3
6604,2025-03-16 00:45:00,LINE-04,91,1
6605,2025-03-16 01:00:00,LINE-01,111,3
6606,2025-03-16 01:15:00,LINE-02,117,3
6607,2025-03-16 01:30:00,LINE-03,114,4
6608,2025-03-16 01:45:00,LINE-04,135,2
6609,2025-03-16 02:00:00,LINE-01,90,2
6610,2025-03-16 02:15:00,LINE-02,114,3
6611,2025-03-16 02:30:00,LINE-03,126,5
6612,2025-03-16 02:45:00,LINE-04,110,1
6613,2025-03-16 03:00:00,LINE-01,91,2
6614,2025-03-16 03:15:00,LINE-02,128,2
6615,2025-03-16 03:30:00,LINE-03,135,5
6616,2025-03-16 03:45:00,LINE-04,128,4
6617,2025-03-16 04:00:00,LINE-01,81,2
6618,2025-03-16 04:15:00,LINE-02,123,3
6619,2025-03-16 04:30:00,LINE-03,83,2
6620,2025-03-16 04:45:00,LINE-04,121,2
6621,2025-03-16 05:00:00,LINE-01,105,2
6622,2025-03-16 05:15:00,LINE-02,104,3
6623,2025-03-16 05:30:00,LINE-03,124,4
6624,2025-03-16 05:45:00,LINE-04,124,4
6625,2025-03-16 06:00:00,LINE-01,123,3
6626,2025-03-16 06:15:00,LINE-02,99,2
6627,2025-03-16 06:30:00,LINE-03,107,3
6628,2025-03-16 06:45:00,LINE-04,109,3
6629,2025-03-16 07:00:00,LINE-01,139,2
6630,2025-03-16 07:15:00,LINE-02,85,1
6631,2025-03-16 07:30:00,LINE-03,131,4
6632,2025-03-16 07:45:00,LINE-04,88,2
6633,2025-03-16 08:00:00,LINE-01,90,2
6634,2025-03-16 08:15:00,LINE-02,92,2
6635,2025-03-16 08:30:00,LINE-03,135,4
6636,2025-03-16 08:45:00,LINE-04,129,3
6637,2025-03-16 09:00:00,LINE-01,140,2
6638,2025-03-16 09:15:00,LINE-02,118,3
6639,2025-03-16 09:30:00,LINE-03,128,3
6640,2025-03-16 09:45:00,LINE-04,105,2
6641,2025-03-16 10:00:00,LINE-01,119,2
6642,2025-03-16 10:15:00,LINE-02,82,2
6643,2025-03-16 10:30:00,LINE-03,137,4
6644,2025-03-16 10:45:00,LINE-04,112,3
6645,2025-03-16 11:00:00,LINE-01,88,2
6646,2025-03-16 11:15:00,LINE-02,99,1
6647,2025-03-16 11:30:00,LINE-03,91,2
6648,2025-03-16 11:45:00,LINE-04,136,3
6649,2025-03-16 12:00:00,LINE-01,129,2
6650,2025-03-16 12:15:00,LINE-02,123,2
6651,2025-03-16 12:30:00,LINE-03,87,3
6652,2025-03-16 12:45:00,LINE-04,105,3
6653,2025-03-16 13:00:00,LINE-01,102,3
6654,2025-03-16 13:15:00,LINE-02,138,3
6655,2025-03-16 13:30:00,LINE-03,126,5
6656,2025-03-16 13:45:00,LINE-04,80,2
6657,2025-03-16 14:00:00,LINE-01,98,2
6658,2025-03-16 14:15:00,LINE-02,98,3
6659,2025-03-16 14:30:00,LINE-03,81,2
6660,2025-03-16 14:45:00,LINE-04,128,3
6661,2025-03-16 15:00:00,LINE-01,133,4
6662,2025-03-16 15:15:00,LINE-02,100,2
6663,2025-03-16 15:30:00,LINE-03,95,3
6664,2025-03-16 15:45:00,LINE-04,130,3
6665,2025-03-16 16:00:00,LINE-01,128,3
6666,2025-03-16 16:15:00,LINE-02,82,1
6667,2025-03-16 16:30:00,LINE-03,107,4
6668,2025-03-16 16:45:00,LINE-04,87,1
6669,2025-03-16 17:00:00,LINE-01,123,3
6670,2025-03-16 17:15:00,LINE-02,93,2
6671,2025-03-16 17:30:00,LINE-03,118,4
6672,2025-03-16 17:45:00,LINE-04,132,2
6673,2025-03-16 18:00:00,LINE-01,83,1
6674,2025-03-16 18:15:00,LINE-02,86,2
6675,2025-03-16 18:30:00,LINE-03,126,4
6676,2025-03-16 18:45:00,LINE-04,88,2
6677,2025-03-16 19:00:00,LINE-01,123,3
6678,2025-03-16 19:15:00,LINE-02,105,3
6679,2025-03-16 19:30:00,LINE-03,120,3
6680,2025-03-16 19:45:00,LINE-04,86,1
6681,2025-03-16 20:00:00,LINE-01,88,1
6682,2025-03-16 20:15:00,LINE-02,117,2
6683,2025-03-16 20:30:00,LINE-03,128,5
6684,2025-03-16 20:45:00,LINE-04,96,2
6685,2025-03-16 21:00:00,LINE-01,106,2
6686,2025-03-16 21:15:00,LINE-02,133,2
6687,2025-03-16 21:30:00,LINE-03,94,3
6688,2025-03-16 21:45:00,LINE-04,96,1
6689,2025-03-16 22:00:00,LINE-01,107,3
6690,2025-03-16 22:15:00,LINE-02,126,2
6691,2025-03-16 22:30:00,LINE-03,100,2
6692,2025-03-16 22:45:00,LINE-04,103,2
6693,2025-03-16 23:00:00,LINE-01,121,3
6694,2025-03-16 23:15:00,LINE-02,119,3
6695,2025-03-16 23:30:00,LINE-03,132,4
6696,2025-03-16 23:45:00,LINE-04,85,2
6697,2025-03-17 00:00:00,LINE-01,89,2
6698,2025-03-17 00:15:00,LINE-02,92,2
6699,2025-03-17 00:30:00,LINE-03,137,4
6700,2025-03-17 00:45:00,LINE-04,104,1
6701,2025-03-17 01:00:00,LINE-01,104,2
6702,2025-03-17 01:15:00,LINE-02,86,2
6703,2025-03-17 01:30:00,LINE-03,126,3
6704,2025-03-17 01:45:00,LINE-04,121,2
6705,2025-03-17 02:00:00,LINE-01,107,3
6706,2025-03-17 02:15:00,LINE-02,80,1
6707,2025-03-17 02:30:00,LINE-03,97,2
6708,2025-03-17 02:45:00,LINE-04,109,2
6709,2025-03-17 03:00:00,LINE-01,133,2
6710,2025-03-17 03:15:00,LINE-02,94,1
6711,2025-03-17 03:30:00,LINE-03,104,4
6712,2025-03-17 03:45:00,LINE-04,91,2
6713,2025-03-17 04:00:00,LINE-01,106,2
6714,2025-03-17 04:15:00,LINE-02,82,2
6715,2025-03-17 04:30:00,LINE-03,99,3
6716,2025-03-17 04:45:00,LINE-04,110,2
6717,2025-03-17 05:00:00,LINE-01,115,3
6718,2025-03-17 05:15:00,LINE-02,129,3
6719,2025-03-17 05:30:00,LINE-03,134,4
6720,2025-03-17 05:45:00,LINE-04,113,3
6721,2025-03-17 06:00:00,LINE-01,129,2
6722,2025-03-17 06:15:00,LINE-02,101,1
6723,2025-03-17 06:30:00,LINE-03,111,3
6724,2025-03-17 06:45:00,LINE-04,92,1
6725,2025-03-17 07:00:00,LINE-01,98,3
6726,2025-03-17 07:15:00,LINE-02,139,2
6727,2025-03-17 07:30:00,LINE-03,104,4
6728,2025-03-17 07:45:00,LINE-04,95,1
6729,2025-03-17 08:00:00,LINE-01,135,2
6730,2025-03-17 08:15:00,LINE-02,121,4
6731,2025-03-17 08:30:00,LINE-03,115,4
6732,2025-03-17 08:45:00,LINE-04,128,4
6733,2025-03-17 09:00:00,LINE-01,95,2
6734,2025-03-17 09:15:00,LINE-02,113,2
6735,2025-03-17 09:30:00,LINE-03,88,2
6736,2025-03-17 09:45:00,LINE-04,136,3
6737,2025-03-17 10:00:00,LINE-01,138,3
6738,2025-03-17 10:15:00,LINE-02,98,3
6739,2025-03-17 10:30:00,LINE-03,109,2
6740,2025-03-17 10:45:00,LINE-04,130,3
6741,2025-03-17 11:00:00,LINE-01,107,2
6742,2025-03-17 11:15:00,LINE-02,127,4
6743,2025-03-17 11:30:00,LINE-03,117,4
6744,2025-03-17 11:45:00,LINE-04,89,3
6745,2025-03-17 12:00:00,LINE-01,113,3
6746,2025-03-17 12:15:00,LINE-02,87,2
6747,2025-03-17 12:30:00,LINE-03,134,3
6748,2025-03-17 12:45:00,LINE-04,132,2
6749,2025-03-17 13:00:00,LINE-01,93,2
6750,2025-03-17 13:15:00,LINE-02,102,2
6751,2025-03-17 13:30:00,LINE-03,80,3
6752,2025-03-17 13:45:00,LINE-04,134,4
6753,2025-03-17 14:00:00,LINE-01,80,2
6754,2025-03-17 14:15:00,LINE-02,132,2
6755,2025-03-17 14:30:00,LINE-03,115,3
6756,2025-03-17 14:45:00,LINE-04,114,2
6757,2025-03-17 15:00:00,LINE-01,81,2
6758,2025-03-17 15:15:00,LINE-02,125,3
6759,2025-03-17 15:30:00,LINE-03,130,3
6760,2025-03-17 15:45:00,LINE-04,111,2
6761,2025-03-17 16:00:00,LINE-01,102,3
6762,2025-03-17 16:15:00,LINE-02,138,2
6763,2025-03-17 16:30:00,LINE-03,113,4
6764,2025-03-17 16:45:00,LINE-04,136,4
6765,2025-03-17 17:00:00,LINE-01,101,3
6766,2025-03-17 17:15:00,LINE-02,114,2
6767,2025-03-17 17:30:00,LINE-03,137,3
6768,2025-03-17 17:45:00,LINE-04,126,3
6769,2025-03-17 18:00:00,LINE-01,109,3
6770,2025-03-17 18:15:00,LINE-02,115,3
6771,2025-03-17 18:30:00,LINE-03,123,3
6772,2025-03-17 18:45:00,LINE-04,120,4
6773,2025-03-17 19:00:00,LINE-01,134,2
6774,2025-03-17 19:15:00,LINE-02,110,3
6775,2025-03-17 19:30:00,LINE-03,126,3
6776,2025-03-17 19:45:00,LINE-04,118,3
6777,2025-03-17 20:00:00,LINE-01,92,1
6778,2025-03-17 20:15:00,LINE-02,132,3
6779,2025-03-17 20:30:00,LINE-03,121,3
6780,2025-03-17 20:45:00,LINE-04,129,3
6781,2025-03-17 21:00:00,LINE-01,90,2
6782,2025-03-17 21:15:00,LINE-02,122,4
6783,2025-03-17 21:30:00,LINE-03,111,3
6784,2025-03-17 21:45:00,LINE-04,83,2
6785,2025-03-17 22:00:00,LINE-01,107,2
6786,2025-03-17 22:15:00,LINE-02,107,2
6787,2025-03-17 22:30:00,LINE-03,137,4
6788,2025-03-17 22:45:00,LINE-04,93,2
6789,2025-03-17 23:00:00,LINE-01,83,1
6790,2025-03-17 23:15:00,LINE-02,100,3
6791,2025-03-17 23:30:00,LINE-03,106,3
6792,2025-03-17 23:45:00,LINE-04,107,1
6793,2025-03-18 00:00:00,LINE-01,82,1
6794,2025-03-18 00:15:00,LINE-02,113,3
6795,2025-03-18 00:30:00,LINE-03,117,4
6796,2025-03-18 00:45:00,LINE-04,106,3
6797,2025-03-18 01:00:00,LINE-01,109,1
6798,2025-03-18 01:15:00,LINE-02,89,1
6799,2025-03-18 01:30:00,LINE-03,105,3
6800,2025-03-18 01:45:00,LINE-04,140,3
6801,2025-03-18 02:00:00,LINE-01,125,2
6802,2025-03-18 02:15:00,LINE-02,90,3
6803,2025-03-18 02:30:00,LINE-03,103,3
6804,2025-03-18 02:45:00,LINE-04,89,2
6805,2025-03-18 03:00:00,LINE-01,90,1
6806,2025-03-18 03:15:00,LINE-02,107,2
6807,2025-03-18 03:30:00,LINE-03,130,3
6808,2025-03-18 03:45:00,LINE-04,127,3
6809,2025-03-18 04:00:00,LINE-01,137,2
6810,2025-03-18 04:15:00,LINE-02,110,1
6811,2025-03-18 04:30:00,LINE-03,91,2
6812,2025-03-18 04:45:00,LINE-04,109,2
6813,2025-03-18 05:00:00,LINE-01,81,2
6814,2025-03-18 05:15:00,LINE-02,104,2
6815,2025-03-18 05:30:00,LINE-03,125,3
6816,2025-03-18 05:45:00,LINE-04,92,2
6817,2025-03-18 06:00:00,LINE-01,106,1
6818,2025-03-18 06:15:00,LINE-02,109,2
6819,2025-03-18 06:30:00,LINE-03,136,3
6820,2025-03-18 06:45:00,LINE-04,107,2
6821,2025-03-18 07:00:00,LINE-01,135,3
6822,2025-03-18 07:15:00,LINE-02,106,2
6823,2025-03-18 07:30:00,LINE-03,96,3
6824,2025-03-18 07:45:00,LINE-04,100,3
6825,2025-03-18 08:00:00,LINE-01,91,1
6826,2025-03-18 08:15:00,LINE-02,83,2
6827,2025-03-18 08:30:00,LINE-03,99,3
6828,2025-03-18 08:45:00,LINE-04,118,3
6829,2025-03-18 09:00:00,LINE-01,129,2
6830,2025-03-18 09:15:00,LINE-02,137,4
6831,2025-03-18 09:30:00,LINE-03,114,4
6832,2025-03-18 09:45:00,LINE-04,130,2
6833,2025-03-18 10:00:00,LINE-01,109,3
6834,2025-03-18 10:15:00,LINE-02,124,2
6835,2025-03-18 10:30:00,LINE-03,116,4
6836,2025-03-18 10:45:00,LINE-04,87,1
6837,2025-03-18 11:00:00,LINE-01,83,2
6838,2025-03-18 11:15:00,LINE-02,126,2
6839,2025-03-18 11:30:00,LINE-03,136,4
6840,2025-03-18 11:45:00,LINE-04,116,3
6841,2025-03-18 12:00:00,LINE-01,82,1
6842,2025-03-18 12:15:00,LINE-02,113,1
6843,2025-03-18 12:30:00,LINE-03,110,3
6844,2025-03-18 12:45:00,LINE-04,92,3
6845,2025-03-18 13:00:00,LINE-01,98,3
6846,2025-03-18 13:15:00,LINE-02,108,2
6847,2025-03-18 13:30:00,LINE-03,136,3
6848,2025-03-18 13:45:00,LINE-04,110,3
6849,2025-03-18 14:00:00,LINE-01,108,3
6850,2025-03-18 14:15:00,LINE-02,116,3
6851,2025-03-18 14:30:00,LINE-03,90,3
6852,2025-03-18 14:45:00,LINE-04,128,2
6853,2025-03-18 15:00:00,LINE-01,110,2
6854,2025-03-18 15:15:00,LINE-02,131,3
6855,2025-03-18 15:30:00,LINE-03,103,3
6856,2025-03-18 15:45:00,LINE-04,98,2
6857,2025-03-18 16:00:00,LINE-01,128,3
6858,2025-03-18 16:15:00,LINE-02,127,3
6859,2025-03-18 16:30:00,LINE-03,113,2
6860,2025-03-18 16:45:00,LINE-04,113,2
6861,2025-03-18 17:00:00,LINE-01,94,2
6862,2025-03-18 17:15:00,LINE-02,122,3
6863,2025-03-18 17:30:00,LINE-03,125,3
6864,2025-03-18 17:45:00,LINE-04,91,3
6865,2025-03-18 18:00:00,LINE-01,96,2
6866,2025-03-18 18:15:00,LINE-02,82,1
6867,2025-03-18 18:30:00,LINE-03,134,3
6868,2025-03-18 18:45:00,LINE-04,85,2
6869,2025-03-18 19:00:00,LINE-01,130,2
6870,2025-03-18 19:15:00,LINE-02,123,3
6871,2025-03-18 19:30:00,LINE-03,105,3
6872,2025-03-18 19:45:00,LINE-04,135,2
6873,2025-03-18 20:00:00,LINE-01,139,2
6874,2025-03-18 20:15:00,LINE-02,139,4
6875,2025-03-18 20:30:00,LINE-03,135,4
6876,2025-03-18 20:45:00,LINE-04,139,4
6877,2025-03-18 21:00:00,LINE-01,83,1
6878,2025-03-18 21:15:00,LINE-02,124,3
6879,2025-03-18 21:30:00,LINE-03,89,2
6880,2025-03-18 21:45:00,LINE-04,99,2
6881,2025-03-18 22:00:00,LINE-01,116,2
6882,2025-03-18 22:15:00,LINE-02,128,2
6883,2025-03-18 22:30:00,LINE-03,84,2
6884,2025-03-18 22:45:00,LINE-04,105,3
6885,2025-03-18 23:00:00,LINE-01,87,2
6886,2025-03-18 23:15:00,LINE-02,126,2
6887,2025-03-18 23:30:00,LINE-03,105,2
6888,2025-03-18 23:45:00,LINE-04,136,2
6889,2025-03-19 00:00:00,LINE-01,96,1
6890,2025-03-19 00:15:00,LINE-02,113,2
6891,2025-03-19 00:30:00,LINE-03,138,3
6892,2025-03-19 00:45:00,LINE-04,138,3
6893,2025-03-19 01:00:00,LINE-01,81,1
6894,2025-03-19 01:15:00,LINE-02,137,3
6895,2025-03-19 01:30:00,LINE-03,89,3
6896,2025-03-19 01:45:00,LINE-04,137,2
6897,2025-03-19 02:00:00,LINE-01,128,3
6898,2025-03-19 02:15:00,LINE-02,94,2
6899,2025-03-19 02:30:00,LINE-03,95,3
6900,2025-03-19 02:45:00,LINE-04,107,2
6901,2025-03-19 03:00:00,LINE-01,81,2
6902,2025-03-19 03:15:00,LINE-02,138,3
6903,2025-03-19 03:30:00,LINE-03,99,2
6904,2025-03-19 03:45:00,LINE-04,133,3
6905,2025-03-19 04:00:00,LINE-01,136,2
6906,2025-03-19 04:15:00,LINE-02,97,2
6907,2025-03-19 04:30:00,LINE-03,104,2
6908,2025-03-19 04:45:00,LINE-04,86,1
6909,2025-03-19 05:00:00,LINE-01,125,3
6910,2025-03-19 05:15:00,LINE-02,124,3
6911,2025-03-19 05:30:00,LINE-03,131,3
6912,2025-03-19 05:45:00,LINE-04,118,3
6913,2025-03-19 06:00:00,LINE-01,119,3
6914,2025-03-19 06:15:00,LINE-02,122,2
6915,2025-03-19 06:30:00,LINE-03,103,4
6916,2025-03-19 06:45:00,LINE-04,86,2
6917,2025-03-19 07:00:00,LINE-01,140,3
6918,2025-03-19 07:15:00,LINE-02,84,2
6919,2025-03-19 07:30:00,LINE-03,134,4
6920,2025-03-19 07:45:00,LINE-04,85,3
6921,2025-03-19 08:00:00,LINE-01,131,2
6922,2025-03-19 08:15:00,LINE-02,84,2
6923,2025-03-19 08:30:00,LINE-03,104,3
6924,2025-03-19 08:45:00,LINE-04,123,2
6925,2025-03-19 09:00:00,LINE-01,137,3
6926,2025-03-19 09:15:00,LINE-02,94,3
6927,2025-03-19 09:30:00,LINE-03,85,3
6928,2025-03-19 09:45:00,LINE-04,108,3
6929,2025-03-19 10:00:00,LINE-01,122,2
6930,2025-03-19 10:15:00,LINE-02,121,2
6931,2025-03-19 10:30:00,LINE-03,126,3
6932,2025-03-19 10:45:00,LINE-04,100,2
6933,2025-03-19 11:00:00,LINE-01,99,2
6934,2025-03-19 11:15:00,LINE-02,87,2
6935,2025-03-19 11:30:00,LINE-03,123,4
6936,2025-03-19 11:45:00,LINE-04,130,3
6937,2025-03-19 12:00:00,LINE-01,117,3
6938,2025-03-19 12:15:00,LINE-02,80,2
6939,2025-03-19 12:30:00,LINE-03,118,3
6940,2025-03-19 12:45:00,LINE-04,94,2
6941,2025-03-19 13:00:00,LINE-01,128,3
6942,2025-03-19 13:15:00,LINE-02,105,3
6943,2025-03-19 13:30:00,LINE-03,124,3
6944,2025-03-19 13:45:00,LINE-04,131,2
6945,2025-03-19 14:00:00,LINE-01,106,2
6946,2025-03-19 14:15:00,LINE-02,98,2
6947,2025-03-19 14:30:00,LINE-03,102,3
6948,2025-03-19 14:45:00,LINE-04,87,1
6949,2025-03-19 15:00:00,LINE-01,96,2
6950,2025-03-19 15:15:00,LINE-02,89,1
6951,2025-03-19 15:30:00,LINE-03,119,4
6952,2025-03-19 15:45:00,LINE-04,102,2
6953,2025-03-19 16:00:00,LINE-01,82,2
6954,2025-03-19 16:15:00,LINE-02,87,2
6955,2025-03-19 16:30:00,LINE-03,85,2
6956,2025-03-19 16:45:00,LINE-04,101,3
6957,2025-03-19 17:00:00,LINE-01,96,3
6958,2025-03-19 17:15:00,LINE-02,83,1
6959,2025-03-19 17:30:00,LINE-03,83,2
6960,2025-03-19 17:45:00,LINE-04,110,2
6961,2025-03-19 18:00:00,LINE-01,94,3
6962,2025-03-19 18:15:00,LINE-02,119,2
6963,2025-03-19 18:30:00,LINE-03,119,3
6964,2025-03-19 18:45:00,LINE-04,108,2
6965,2025-03-19 19:00:00,LINE-01,120,3
6966,2025-03-19 19:15:00,LINE-02,107,2
6967,2025-03-19 19:30:00,LINE-03,139,4
6968,2025-03-19 19:45:00,LINE-04,89,2
6969,2025-03-19 20:00:00,LINE-01,113,2
6970,2025-03-19 20:15:00,LINE-02,113,2
6971,2025-03-19 20:30:00,LINE-03,90,3
6972,2025-03-19 20:45:00,LINE-04,85,1
6973,2025-03-19 21:00:00,LINE-01,89,2
6974,2025-03-19 21:15:00,LINE-02,84,2
6975,2025-03-19 21:30:00,LINE-03,136,3
6976,2025-03-19 21:45:00,LINE-04,122,2
6977,2025-03-19 22:00:00,LINE-01,88,1
6978,2025-03-19 22:15:00,LINE-02,84,1
6979,2025-03-19 22:30:00,LINE-03,96,3
6980,2025-03-19 22:45:00,LINE-04,87,1
6981,2025-03-19 23:00:00,LINE-01,99,2
6982,2025-03-19 23:15:00,LINE-02,101,1
6983,2025-03-19 23:30:00,LINE-03,94,3
6984,2025-03-19 23:45:00,LINE-04,131,2
6985,2025-03-20 00:00:00,LINE-01,120,3
6986,2025-03-20 00:15:00,LINE-02,95,2
6987,2025-03-20 00:30:00,LINE-03,133,3
6988,2025-03-20 00:45:00,LINE-04,132,2
6989,2025-03-20 01:00:00,LINE-01,82,1
6990,2025-03-20 01:15:00,LINE-02,125,3
6991,2025-03-20 01:30:00,LINE-03,87,3
6992,2025-03-20 01:45:00,LINE-04,126,2
6993,2025-03-20 02:00:00,LINE-01,120,3
6994,2025-03-20 02:15:00,LINE-02,122,2
6995,2025-03-20 02:30:00,LINE-03,122,4
6996,2025-03-20 02:45:00,LINE-04,130,2
6997,2025-03-20 03:00:00,LINE-01,93,2
6998,2025-03-20 03:15:00,LINE-02,101,3
6999,2025-03-20 03:30:00,LINE-03,126,3
7000,2025-03-20 03:45:00,LINE-04,132,4
7001,2025-03-20 04:00:00,LINE-01,126,3
7002,2025-03-20 04:15:00,LINE-02,92,2
7003,2025-03-20 04:30:00,LINE-03,115,2
7004,2025-03-20 04:45:00,LINE-04,120,2
7005,2025-03-20 05:00:00,LINE-01,140,2
7006,2025-03-20 05:15:00,LINE-02,87,2
7007,2025-03-20 05:30:00,LINE-03,122,4
7008,2025-03-20 05:45:00,LINE-04,106,2
7009,2025-03-20 06:00:00,LINE-01,120,2
7010,2025-03-20 06:15:00,LINE-02,134,3
7011,2025-03-20 06:30:00,LINE-03,85,3
7012,2025-03-20 06:45:00,LINE-04,139,3
7013,2025-03-20 07:00:00,LINE-01,109,2
7014,2025-03-20 07:15:00,LINE-02,81,1
7015,2025-03-20 07:30:00,LINE-03,129,4
7016,2025-03-20 07:45:00,LINE-04,98,1
7017,2025-03-20 08:00:00,LINE-01,83,2
7018,2025-03-20 08:15:00,LINE-02,119,4
7019,2025-03-20 08:30:00,LINE-03,136,5
7020,2025-03-20 08:45:00,LINE-04,101,2
7021,2025-03-20 09:00:00,LINE-01,107,2
7022,2025-03-20 09:15:00,LINE-02,83,2
7023,2025-03-20 09:30:00,LINE-03,113,3
7024,2025-03-20 09:45:00,LINE-04,112,3
7025,2025-03-20 10:00:00,LINE-01,99,1
7026,2025-03-20 10:15:00,LINE-02,116,2
7027,2025-03-20 10:30:00,LINE-03,124,3
7028,2025-03-20 10:45:00,LINE-04,101,2
7029,2025-03-20 11:00:00,LINE-01,137,3
7030,2025-03-20 11:15:00,LINE-02,117,2
7031,2025-03-20 11:30:00,LINE-03,94,2
7032,2025-03-20 11:45:00,LINE-04,82,2
7033,2025-03-20 12:00:00,LINE-01,109,3
7034,2025-03-20 12:15:00,LINE-02,110,2
7035,2025-03-20 12:30:00,LINE-03,109,3
7036,2025-03-20 12:45:00,LINE-04,99,1
7037,2025-03-20 13:00:00,LINE-01,88,2
7038,2025-03-20 13:15:00,LINE-02,92,2
7039,2025-03-20 13:30:00,LINE-03,119,4
7040,2025-03-20 13:45:00,LINE-04,89,2
7041,2025-03-20 14:00:00,LINE-01,88,2
7042,2025-03-20 14:15:00,LINE-02,123,3
7043,2025-03-20 14:30:00,LINE-03,104,2
7044,2025-03-20 14:45:00,LINE-04,116,3
7045,2025-03-20 15:00:00,LINE-01,101,2
7046,2025-03-20 15:15:00,LINE-02,136,3
7047,2025-03-20 15:30:00,LINE-03,137,3
7048,2025-03-20 15:45:00,LINE-04,133,2
7049,2025-03-20 16:00:00,LINE-01,84,2
7050,2025-03-20 16:15:00,LINE-02,107,3
7051,2025-03-20 16:30:00,LINE-03,130,5
7052,2025-03-20 16:45:00,LINE-04,89,2
7053,2025-03-20 17:00:00,LINE-01,117,3
7054,2025-03-20 17:15:00,LINE-02,106,1
7055,2025-03-20 17:30:00,LINE-03,96,3
7056,2025-03-20 17:45:00,LINE-04,94,2
7057,2025-03-20 18:00:00,LINE-01,123,2
7058,2025-03-20 18:15:00,LINE-02,101,2
7059,2025-03-20 18:30:00,LINE-03,87,2
7060,2025-03-20 18:45:00,LINE-04,106,3
7061,2025-03-20 19:00:00,LINE-01,107,2
7062,2025-03-20 19:15:00,LINE-02,124,2
7063,2025-03-20 19:30:00,LINE-03,129,3
7064,2025-03-20 19:45:00,LINE-04,107,1
7065,2025-03-20 20:00:00,LINE-01,91,2
7066,2025-03-20 20:15:00,LINE-02,137,3
7067,2025-03-20 20:30:00,LINE-03,105,2
7068,2025-03-20 20:45:00,LINE-04,86,1
7069,2025-03-20 21:00:00,LINE-01,138,3
7070,2025-03-20 21:15:00,LINE-02,107,2
7071,2025-03-20 21:30:00,LINE-03,116,3
7072,2025-03-20 21:45:00,LINE-04,139,4
7073,2025-03-20 22:00:00,LINE-01,86,2
7074,2025-03-20 22:15:00,LINE-02,112,3
7075,2025-03-20 22:30:00,LINE-03,93,2
7076,2025-03-20 22:45:00,LINE-04,84,2
7077,2025-03-20 23:00:00,LINE-01,98,2
7078,2025-03-20 23:15:00,LINE-02,90,2
7079,2025-03-20 23:30:00,LINE-03,85,3
7080,2025-03-20 23:45:00,LINE-04,92,1
7081,2025-03-21 00:00:00,LINE-01,132,3
7082,2025-03-21 00:15:00,LINE-02,133,2
7083,2025-03-21 00:30:00,LINE-03,115,3
7084,2025-03-21 00:45:00,LINE-04,90,2
7085,2025-03-21 01:00:00,LINE-01,131,3
7086,2025-03-21 01:15:00,LINE-02,90,2
7087,2025-03-21 01:30:00,LINE-03,109,4
7088,2025-03-21 01:45:00,LINE-04,90,1
7089,2025-03-21 02:00:00,LINE-01,81,2
7090,2025-03-21 02:15:00,LINE-02,93,2
7091,2025-03-21 02:30:00,LINE-03,102,3
7092,2025-03-21 02:45:00,LINE-04,93,2
7093,2025-03-21 03:00:00,LINE-01,101,3
7094,2025-03-21 03:15:00,LINE-02,132,2
7095,2025-03-21 03:30:00,LINE-03,90,2
7096,2025-03-21 03:45:00,LINE-04,125,2
7097,2025-03-21 04:00:00,LINE-01,136,4
7098,2025-03-21 04:15:00,LINE-02,100,2
7099,2025-03-21 04:30:00,LINE-03,81,3
7100,2025-03-21 04:45:00,LINE-04,91,1
7101,2025-03-21 05:00:00,LINE-01,80,2
7102,2025-03-21 05:15:00,LINE-02,123,3
7103,2025-03-21 05:30:00,LINE-03,118,4
7104,2025-03-21 05:45:00,LINE-04,134,4
7105,2025-03-21 06:00:00,LINE-01,112,3
7106,2025-03-21 06:15:00,LINE-02,122,3
7107,2025-03-21 06:30:00,LINE-03,86,2
7108,2025-03-21 06:45:00,LINE-04,89,2
7109,2025-03-21 07:00:00,LINE-01,108,2
7110,2025-03-21 07:15:00,LINE-02,111,1
7111,2025-03-21 07:30:00,LINE-03,109,3
7112,2025-03-21 07:45:00,LINE-04,92,2
7113,2025-03-21 08:00:00,LINE-01,106,2
7114,2025-03-21 08:15:00,LINE-02,111,2
7115,2025-03-21 08:30:00,LINE-03,112,3
7116,2025-03-21 08:45:00,LINE-04,120,3
7117,2025-03-21 09:00:00,LINE-01,132,3
7118,2025-03-21 09:15:00,LINE-02,92,2
7119,2025-03-21 09:30:00,LINE-03,120,4
7120,2025-03-21 09:45:00,LINE-04,136,4
7121,2025-03-21 10:00:00,LINE-01,121,3
7122,2025-03-21 10:15:00,LINE-02,86,2
7123,2025-03-21 10:30:00,LINE-03,118,4
7124,2025-03-21 10:45:00,LINE-04,134,4
7125,2025-03-21 11:00:00,LINE-01,103,2
7126,2025-03-21 11:15:00,LINE-02,128,4
7127,2025-03-21 11:30:00,LINE-03,81,2
7128,2025-03-21 11:45:00,LINE-04,108,2
7129,2025-03-21 12:00:00,LINE-01,87,2
7130,2025-03-21 12:15:00,LINE-02,94,3
7131,2025-03-21 12:30:00,LINE-03,135,4
7132,2025-03-21 12:45:00,LINE-04,112,2
7133,2025-03-21 13:00:00,LINE-01,102,2
7134,2025-03-21 13:15:00,LINE-02,92,2
7135,2025-03-21 13:30:00,LINE-03,129,3
7136,2025-03-21 13:45:00,LINE-04,107,1
7137,2025-03-21 14:00:00,LINE-01,136,3
7138,2025-03-21 14:15:00,LINE-02,103,3
7139,2025-03-21 14:30:00,LINE-03,96,3
7140,2025-03-21 14:45:00,LINE-04,101,2
7141,2025-03-21 15:00:00,LINE-01,96,2
7142,2025-03-21 15:15:00,LINE-02,81,1
7143,2025-03-21 15:30:00,LINE-03,91,3
7144,2025-03-21 15:45:00,LINE-04,84,2
7145,2025-03-21 16:00:00,LINE-01,93,2
7146,2025-03-21 16:15:00,LINE-02,104,2
7147,2025-03-21 16:30:00,LINE-03,128,4
7148,2025-03-21 16:45:00,LINE-04,132,3
7149,2025-03-21 17:00:00,LINE-01,108,3
7150,2025-03-21 17:15:00,LINE-02,100,2
7151,2025-03-21 17:30:00,LINE-03,105,2
7152,2025-03-21 17:45:00,LINE-04,86,1
7153,2025-03-21 18:00:00,LINE-01,90,1
7154,2025-03-21 18:15:00,LINE-02,130,2
7155,2025-03-21 18:30:00,LINE-03,140,3
7156,2025-03-21 18:45:00,LINE-04,121,2
7157,2025-03-21 19:00:00,LINE-01,131,3
7158,2025-03-21 19:15:00,LINE-02,134,3
7159,2025-03-21 19:30:00,LINE-03,83,3
7160,2025-03-21 19:45:00,LINE-04,103,2
7161,2025-03-21 20:00:00,LINE-01,97,1
7162,2025-03-21 20:15:00,LINE-02,106,2
7163,2025-03-21 20:30:00,LINE-03,83,3
7164,2025-03-21 20:45:00,LINE-04,82,1
7165,2025-03-21 21:00:00,LINE-01,85,1
7166,2025-03-21 21:15:00,LINE-02,137,2
7167,2025-03-21 21:30:00,LINE-03,86,3
7168,2025-03-21 21:45:00,LINE-04,116,3
7169,2025-03-21 22:00:00,LINE-01,99,2
7170,2025-03-21 22:15:00,LINE-02,92,3
7171,2025-03-21 22:30:00,LINE-03,130,4
7172,2025-03-21 22:45:00,LINE-04,106,2
7173,2025-03-21 23:00:00,LINE-01,116,3
7174,2025-03-21 23:15:00,LINE-02,81,2
7175,2025-03-21 23:30:00,LINE-03,105,4
7176,2025-03-21 23:45:00,LINE-04,120,3
7177,2025-03-22 00:00:00,LINE-01,80,2
7178,2025-03-22 00:15:00,LINE-02,133,4
7179,2025-03-22 00:30:00,LINE-03,122,3
7180,2025-03-22 00:45:00,LINE-04,94,2
7181,2025-03-22 01:00:00,LINE-01,127,2
7182,2025-03-22 01:15:00,LINE-02,115,2
7183,2025-03-22 01:30:00,LINE-03,106,3
7184,2025-03-22 01:45:00,LINE-04,115,3
7185,2025-03-22 02:00:00,LINE-01,83,2
7186,2025-03-22 02:15:00,LINE-02,115,2
7187,2025-03-22 02:30:00,LINE-03,96,3
7188,2025-03-22 02:45:00,LINE-04,124,2
7189,2025-03-22 03:00:00,LINE-01,126,3
7190,2025-03-22 03:15:00,LINE-02,121,3
7191,2025-03-22 03:30:00,LINE-03,92,2
7192,2025-03-22 03:45:00,LINE-04,111,3
7193,2025-03-22 04:00:00,LINE-01,101,1
7194,2025-03-22 04:15:00,LINE-02,131,4
7195,2025-03-22 04:30:00,LINE-03,109,2
7196,2025-03-22 04:45:00,LINE-04,107,3
7197,2025-03-22 05:00:00,LINE-01,100,1
7198,2025-03-22 05:15:00,LINE-02,121,3
7199,2025-03-22 05:30:00,LINE-03,84,2
7200,2025-03-22 05:45:00,LINE-04,96,2
7201,2025-03-22 06:00:00,LINE-01,123,2
7202,2025-03-22 06:15:00,LINE-02,139,4
7203,2025-03-22 06:30:00,LINE-03,124,5
7204,2025-03-22 06:45:00,LINE-04,122,2
7205,2025-03-22 07:00:00,LINE-01,140,3
7206,2025-03-22 07:15:00,LINE-02,116,2
7207,2025-03-22 07:30:00,LINE-03,99,2
7208,2025-03-22 07:45:00,LINE-04,108,2
7209,2025-03-22 08:00:00,LINE-01,129,3
7210,2025-03-22 08:15:00,LINE-02,127,2
7211,2025-03-22 08:30:00,LINE-03,138,3
7212,2025-03-22 08:45:00,LINE-04,125,2
7213,2025-03-22 09:00:00,LINE-01,100,3
7214,2025-03-22 09:15:00,LINE-02,127,2
7215,2025-03-22 09:30:00,LINE-03,101,3
7216,2025-03-22 09:45:00,LINE-04,115,2
7217,2025-03-22 10:00:00,LINE-01,109,1
7218,2025-03-22 10:15:00,LINE-02,96,2
7219,2025-03-22 10:30:00,LINE-03,137,5
7220,2025-03-22 10:45:00,LINE-04,84,1
7221,2025-03-22 11:00:00,LINE-01,119,2
7222,2025-03-22 11:15:00,LINE-02,138,3
7223,2025-03-22 11:30:00,LINE-03,124,4
7224,2025-03-22 11:45:00,LINE-04,88,2
7225,2025-03-22 12:00:00,LINE-01,87,2
7226,2025-03-22 12:15:00,LINE-02,84,1
7227,2025-03-22 12:30:00,LINE-03,128,4
7228,2025-03-22 12:45:00,LINE-04,114,3
7229,2025-03-22 13:00:00,LINE-01,130,4
7230,2025-03-22 13:15:00,LINE-02,82,2
7231,2025-03-22 13:30:00,LINE-03,82,3
7232,2025-03-22 13:45:00,LINE-04,105,3
7233,2025-03-22 14:00:00,LINE-01,118,2
7234,2025-03-22 14:15:00,LINE-02,120,2
7235,2025-03-22 14:30:00,LINE-03,112,2
7236,2025-03-22 14:45:00,LINE-04,103,3
7237,2025-03-22 15:00:00,LINE-01,83,2
7238,2025-03-22 15:15:00,LINE-02,124,3
7239,2025-03-22 15:30:00,LINE-03,87,3
7240,2025-03-22 15:45:00,LINE-04,107,2
7241,2025-03-22 16:00:00,LINE-01,86,1
7242,2025-03-22 16:15:00,LINE-02,137,3
7243,2025-03-22 16:30:00,LINE-03,128,3
7244,2025-03-22 16:45:00,LINE-04,102,1
7245,2025-03-22 17:00:00,LINE-01,105,1
7246,2025-03-22 17:15:00,LINE-02,119,2
7247,2025-03-22 17:30:00,LINE-03,91,3
7248,2025-03-22 17:45:00,LINE-04,95,1
7249,2025-03-22 18:00:00,LINE-01,102,1
7250,2025-03-22 18:15:00,LINE-02,89,1
7251,2025-03-22 18:30:00,LINE-03,116,4
7252,2025-03-22 18:45:00,LINE-04,114,3
7253,2025-03-22 19:00:00,LINE-01,137,2
7254,2025-03-22 19:15:00,LINE-02,84,2
7255,2025-03-22 19:30:00,LINE-03,92,3
7256,2025-03-22 19:45:00,LINE-04,131,3
7257,2025-03-22 20:00:00,LINE-01,108,2
7258,2025-03-22 20:15:00,LINE-02,134,3
7259,2025-03-22 20:30:00,LINE-03,80,2
7260,2025-03-22 20:45:00,LINE-04,95,3
7261,2025-03-22 21:00:00,LINE-01,124,3
7262,2025-03-22 21:15:00,LINE-02,140,3
7263,2025-03-22 21:30:00,LINE-03,93,2
7264,2025-03-22 21:45:00,LINE-04,95,1
7265,2025-03-22 22:00:00,LINE-01,113,3
7266,2025-03-22 22:15:00,LINE-02,127,4
7267,2025-03-22 22:30:00,LINE-03,116,4
7268,2025-03-22 22:45:00,LINE-04,124,3
7269,2025-03-22 23:00:00,LINE-01,111,2
7270,2025-03-22 23:15:00,LINE-02,136,4
7271,2025-03-22 23:30:00,LINE-03,103,3
7272,2025-03-22 23:45:00,LINE-04,126,2
7273,2025-03-23 00:00:00,LINE-01,92,2
7274,2025-03-23 00:15:00,LINE-02,85,2
7275,2025-03-23 00:30:00,LINE-03,125,4
7276,2025-03-23 00:45:00,LINE-04,101,3
7277,2025-03-23 01:00:00,LINE-01,95,1
7278,2025-03-23 01:15:00,LINE-02,83,2
7279,2025-03-23 01:30:00,LINE-03,122,4
7280,2025-03-23 01:45:00,LINE-04,104,3
7281,2025-03-23 02:00:00,LINE-01,105,1
7282,2025-03-23 02:15:00,LINE-02,87,1
7283,2025-03-23 02:30:00,LINE-03,101,2
7284,2025-03-23 02:45:00,LINE-04,89,2
7285,2025-03-23 03:00:00,LINE-01,88,2
7286,2025-03-23 03:15:00,LINE-02,91,2
7287,2025-03-23 03:30:00,LINE-03,123,3
7288,2025-03-23 03:45:00,LINE-04,121,4
7289,2025-03-23 04:00:00,LINE-01,133,4
7290,2025-03-23 04:15:00,LINE-02,123,3
7291,2025-03-23 04:30:00,LINE-03,111,3
7292,2025-03-23 04:45:00,LINE-04,121,2
7293,2025-03-23 05:00:00,LINE-01,97,2
7294,2025-03-23 05:15:00,LINE-02,110,3
7295,2025-03-23 05:30:00,LINE-03,99,3
7296,2025-03-23 05:45:00,LINE-04,83,2
7297,2025-03-23 06:00:00,LINE-01,107,2
7298,2025-03-23 06:15:00,LINE-02,119,2
7299,2025-03-23 06:30:00,LINE-03,131,4
7300,2025-03-23 06:45:00,LINE-04,104,2
7301,2025-03-23 07:00:00,LINE-01,101,3
7302,2025-03-23 07:15:00,LINE-02,138,3
7303,2025-03-23 07:30:00,LINE-03,98,4
7304,2025-03-23 07:45:00,LINE-04,112,1
7305,2025-03-23 08:00:00,LINE-01,111,3
7306,2025-03-23 08:15:00,LINE-02,89,2
7307,2025-03-23 08:30:00,LINE-03,92,3
7308,2025-03-23 08:45:00,LINE-04,86,2
7309,2025-03-23 09:00:00,LINE-01,107,3
7310,2025-03-23 09:15:00,LINE-02,87,2
7311,2025-03-23 09:30:00,LINE-03,123,3
7312,2025-03-23 09:45:00,LINE-04,94,3
7313,2025-03-23 10:00:00,LINE-01,94,2
7314,2025-03-23 10:15:00,LINE-02,94,1
7315,2025-03-23 10:30:00,LINE-03,102,2
7316,2025-03-23 10:45:00,LINE-04,118,2
7317,2025-03-23 11:00:00,LINE-01,83,2
7318,2025-03-23 11:15:00,LINE-02,137,2
7319,2025-03-23 11:30:00,LINE-03,120,4
7320,2025-03-23 11:45:00,LINE-04,109,2
7321,2025-03-23 12:00:00,LINE-01,115,2
7322,2025-03-23 12:15:00,LINE-02,108,3
7323,2025-03-23 12:30:00,LINE-03,130,4
7324,2025-03-23 12:45:00,LINE-04,89,2
7325,2025-03-23 13:00:00,LINE-01,101,2
7326,2025-03-23 13:15:00,LINE-02,117,2
7327,2025-03-23 13:30:00,LINE-03,101,3
7328,2025-03-23 13:45:00,LINE-04,108,2
7329,2025-03-23 14:00:00,LINE-01,113,2
7330,2025-03-23 14:15:00,LINE-02,105,2
7331,2025-03-23 14:30:00,LINE-03,123,2
7332,2025-03-23 14:45:00,LINE-04,82,2
7333,2025-03-23 15:00:00,LINE-01,81,2
7334,2025-03-23 15:15:00,LINE-02,96,3
7335,2025-03-23 15:30:00,LINE-03,137,4
7336,2025-03-23 15:45:00,LINE-04,137,3
7337,2025-03-23 16:00:00,LINE-01,116,2
7338,2025-03-23 16:15:00,LINE-02,106,2
7339,2025-03-23 16:30:00,LINE-03,140,5
7340,2025-03-23 16:45:00,LINE-04,118,2
7341,2025-03-23 17:00:00,LINE-01,87,2
7342,2025-03-23 17:15:00,LINE-02,133,2
7343,2025-03-23 17:30:00,LINE-03,108,2
7344,2025-03-23 17:45:00,LINE-04,113,2
7345,2025-03-23 18:00:00,LINE-01,87,1
7346,2025-03-23 18:15:00,LINE-02,100,2
7347,2025-03-23 18:30:00,LINE-03,117,4
7348,2025-03-23 18:45:00,LINE-04,99,3
7349,2025-03-23 19:00:00,LINE-01,82,2
7350,2025-03-23 19:15:00,LINE-02,84,1
7351,2025-03-23 19:30:00,LINE-03,127,3
7352,2025-03-23 19:45:00,LINE-04,138,3
7353,2025-03-23 20:00:00,LINE-01,127,2
7354,2025-03-23 20:15:00,LINE-02,138,3
7355,2025-03-23 20:30:00,LINE-03,112,4
7356,2025-03-23 20:45:00,LINE-04,130,2
7357,2025-03-23 21:00:00,LINE-01,98,2
7358,2025-03-23 21:15:00,LINE-02,115,3
7359,2025-03-23 21:30:00,LINE-03,133,5
7360,2025-03-23 21:45:00,LINE-04,86,2
7361,2025-03-23 22:00:00,LINE-01,106,2
7362,2025-03-23 22:15:00,LINE-02,81,1
7363,2025-03-23 22:30:00,LINE-03,140,4
7364,2025-03-23 22:45:00,LINE-04,139,3
7365,2025-03-23 23:00:00,LINE-01,132,2
7366,2025-03-23 23:15:00,LINE-02,120,2
7367,2025-03-23 23:30:00,LINE-03,135,4
7368,2025-03-23 23:45:00,LINE-04,89,2
7369,2025-03-24 00:00:00,LINE-01,99,2
7370,2025-03-24 00:15:00,LINE-02,80,1
7371,2025-03-24 00:30:00,LINE-03,111,3
7372,2025-03-24 00:45:00,LINE-04,120,2
7373,2025-03-24 01:00:00,LINE-01,93,1
7374,2025-03-24 01:15:00,LINE-02,115,2
7375,2025-03-24 01:30:00,LINE-03,86,2
7376,2025-03-24 01:45:00,LINE-04,136,3
7377,2025-03-24 02:00:00,LINE-01,104,2
7378,2025-03-24 02:15:00,LINE-02,112,1
7379,2025-03-24 02:30:00,LINE-03,91,3
7380,2025-03-24 02:45:00,LINE-04,138,4
7381,2025-03-24 03:00:00,LINE-01,115,1
7382,2025-03-24 03:15:00,LINE-02,137,3
7383,2025-03-24 03:30:00,LINE-03,100,2
7384,2025-03-24 03:45:00,LINE-04,102,2
7385,2025-03-24 04:00:00,LINE-01,101,2
7386,2025-03-24 04:15:00,LINE-02,93,3
7387,2025-03-24 04:30:00,LINE-03,131,3
7388,2025-03-24 04:45:00,LINE-04,132,2
7389,2025-03-24 05:00:00,LINE-01,82,1
7390,2025-03-24 05:15:00,LINE-02,90,2
7391,2025-03-24 05:30:00,LINE-03,90,2
7392,2025-03-24 05:45:00,LINE-04,115,3
7393,2025-03-24 06:00:00,LINE-01,118,2
7394,2025-03-24 06:15:00,LINE-02,113,3
7395,2025-03-24 06:30:00,LINE-03,97,3
7396,2025-03-24 06:45:00,LINE-04,121,3
7397,2025-03-24 07:00:00,LINE-01,138,3
7398,2025-03-24 07:15:00,LINE-02,102,3
7399,2025-03-24 07:30:00,LINE-03,107,3
7400,2025-03-24 07:45:00,LINE-04,137,4
7401,2025-03-24 08:00:00,LINE-01,124,3
7402,2025-03-24 08:15:00,LINE-02,86,2
7403,2025-03-24 08:30:00,LINE-03,99,3
7404,2025-03-24 08:45:00,LINE-04,134,2
7405,2025-03-24 09:00:00,LINE-01,105,2
7406,2025-03-24 09:15:00,LINE-02,98,2
7407,2025-03-24 09:30:00,LINE-03,120,4
7408,2025-03-24 09:45:00,LINE-04,93,2
7409,2025-03-24 10:00:00,LINE-01,92,3
7410,2025-03-24 10:15:00,LINE-02,83,1
7411,2025-03-24 10:30:00,LINE-03,80,2
7412,2025-03-24 10:45:00,LINE-04,137,3
7413,2025-03-24 11:00:00,LINE-01,82,2
7414,2025-03-24 11:15:00,LINE-02,95,2
7415,2025-03-24 11:30:00,LINE-03,119,3
7416,2025-03-24 11:45:00,LINE-04,109,3
7417,2025-03-24 12:00:00,LINE-01,110,2
7418,2025-03-24 12:15:00,LINE-02,112,2
7419,2025-03-24 12:30:00,LINE-03,94,3
7420,2025-03-24 12:45:00,LINE-04,87,2
7421,2025-03-24 13:00:00,LINE-01,107,2
7422,2025-03-24 13:15:00,LINE-02,118,2
7423,2025-03-24 13:30:00,LINE-03,96,3
7424,2025-03-24 13:45:00,LINE-04,88,3
7425,2025-03-24 14:00:00,LINE-01,129,3
7426,2025-03-24 14:15:00,LINE-02,113,2
7427,2025-03-24 14:30:00,LINE-03,81,3
7428,2025-03-24 14:45:00,LINE-04,128,2
7429,2025-03-24 15:00:00,LINE-01,123,2
7430,2025-03-24 15:15:00,LINE-02,86,1
7431,2025-03-24 15:30:00,LINE-03,132,5
7432,2025-03-24 15:45:00,LINE-04,104,2
7433,2025-03-24 16:00:00,LINE-01,83,1
7434,2025-03-24 16:15:00,LINE-02,80,1
7435,2025-03-24 16:30:00,LINE-03,137,3
7436,2025-03-24 16:45:00,LINE-04,121,2
7437,2025-03-24 17:00:00,LINE-01,118,2
7438,2025-03-24 17:15:00,LINE-02,82,1
7439,2025-03-24 17:30:00,LINE-03,129,4
7440,2025-03-24 17:45:00,LINE-04,116,3
7441,2025-03-24 18:00:00,LINE-01,125,3
7442,2025-03-24 18:15:00,LINE-02,103,1
7443,2025-03-24 18:30:00,LINE-03,138,3
7444,2025-03-24 18:45:00,LINE-04,112,2
7445,2025-03-24 19:00:00,LINE-01,114,2
7446,2025-03-24 19:15:00,LINE-02,109,3
7447,2025-03-24 19:30:00,LINE-03,107,3
7448,2025-03-24 19:45:00,LINE-04,102,3
7449,2025-03-24 20:00:00,LINE-01,116,3
7450,2025-03-24 20:15:00,LINE-02,92,2
7451,2025-03-24 20:30:00,LINE-03,132,3
7452,2025-03-24 20:45:00,LINE-04,90,2
7453,2025-03-24 21:00:00,LINE-01,96,2
7454,2025-03-24 21:15:00,LINE-02,133,2
7455,2025-03-24 21:30:00,LINE-03,131,3
7456,2025-03-24 21:45:00,LINE-04,100,3
7457,2025-03-24 22:00:00,LINE-01,106,2
7458,2025-03-24 22:15:00,LINE-02,81,1
7459,2025-03-24 22:30:00,LINE-03,119,4
7460,2025-03-24 22:45:00,LINE-04,86,2
7461,2025-03-24 23:00:00,LINE-01,121,3
7462,2025-03-24 23:15:00,LINE-02,135,2
7463,2025-03-24 23:30:00,LINE-03,93,3
7464,2025-03-24 23:45:00,LINE-04,114,3
7465,2025-03-25 00:00:00,LINE-01,114,3
7466,2025-03-25 00:15:00,LINE-02,81,2
7467,2025-03-25 00:30:00,LINE-03,127,4
7468,2025-03-25 00:45:00,LINE-04,122,2
7469,2025-03-25 01:00:00,LINE-01,102,2
7470,2025-03-25 01:15:00,LINE-02,120,3
7471,2025-03-25 01:30:00,LINE-03,114,3
7472,2025-03-25 01:45:00,LINE-04,80,1
7473,2025-03-25 02:00:00,LINE-01,117,2
7474,2025-03-25 02:15:00,LINE-02,87,2
7475,2025-03-25 02:30:00,LINE-03,83,2
7476,2025-03-25 02:45:00,LINE-04,97,3
7477,2025-03-25 03:00:00,LINE-01,91,2
7478,2025-03-25 03:15:00,LINE-02,92,2
7479,2025-03-25 03:30:00,LINE-03,140,3
7480,2025-03-25 03:45:00,LINE-04,99,2
7481,2025-03-25 04:00:00,LINE-01,92,3
7482,2025-03-25 04:15:00,LINE-02,104,3
7483,2025-03-25 04:30:00,LINE-03,89,2
7484,2025-03-25 04:45:00,LINE-04,136,3
7485,2025-03-25 05:00:00,LINE-01,86,2
7486,2025-03-25 05:15:00,LINE-02,95,1
7487,2025-03-25 05:30:00,LINE-03,80,2
7488,2025-03-25 05:45:00,LINE-04,130,2
7489,2025-03-25 06:00:00,LINE-01,107,2
7490,2025-03-25 06:15:00,LINE-02,115,2
7491,2025-03-25 06:30:00,LINE-03,81,3
7492,2025-03-25 06:45:00,LINE-04,103,2
7493,2025-03-25 07:00:00,LINE-01,112,3
7494,2025-03-25 07:15:00,LINE-02,89,1
7495,2025-03-25 07:30:00,LINE-03,115,4
7496,2025-03-25 07:45:00,LINE-04,105,2
7497,2025-03-25 08:00:00,LINE-01,121,3
7498,2025-03-25 08:15:00,LINE-02,86,1
7499,2025-03-25 08:30:00,LINE-03,103,3
7500,2025-03-25 08:45:00,LINE-04,106,3
7501,2025-03-25 09:00:00,LINE-01,89,2
7502,2025-03-25 09:15:00,LINE-02,102,1
7503,2025-03-25 09:30:00,LINE-03,122,4
7504,2025-03-25 09:45:00,LINE-04,93,2
7505,2025-03-25 10:00:00,LINE-01,83,1
7506,2025-03-25 10:15:00,LINE-02,126,2
7507,2025-03-25 10:30:00,LINE-03,91,2
7508,2025-03-25 10:45:00,LINE-04,83,2
7509,2025-03-25 11:00:00,LINE-01,109,2
7510,2025-03-25 11:15:00,LINE-02,135,4
7511,2025-03-25 11:30:00,LINE-03,82,2
7512,2025-03-25 11:45:00,LINE-04,127,4
7513,2025-03-25 12:00:00,LINE-01,100,2
7514,2025-03-25 12:15:00,LINE-02,137,2
7515,2025-03-25 12:30:00,LINE-03,113,4
7516,2025-03-25 12:45:00,LINE-04,85,1
7517,2025-03-25 13:00:00,LINE-01,94,2
7518,2025-03-25 13:15:00,LINE-02,129,2
7519,2025-03-25 13:30:00,LINE-03,101,3
7520,2025-03-25 13:45:00,LINE-04,83,2
7521,2025-03-25 14:00:00,LINE-01,129,3
7522,2025-03-25 14:15:00,LINE-02,83,2
7523,2025-03-25 14:30:00,LINE-03,83,2
7524,2025-03-25 14:45:00,LINE-04,105,1
7525,2025-03-25 15:00:00,LINE-01,124,3
7526,2025-03-25 15:15:00,LINE-02,122,2
7527,2025-03-25 15:30:00,LINE-03,138,5
7528,2025-03-25 15:45:00,LINE-04,129,2
7529,2025-03-25 16:00:00,LINE-01,136,2
7530,2025-03-25 16:15:00,LINE-02,112,3
7531,2025-03-25 16:30:00,LINE-03,103,3
7532,2025-03-25 16:45:00,LINE-04,119,2
7533,2025-03-25 17:00:00,LINE-01,109,3
7534,2025-03-25 17:15:00,LINE-02,125,2
7535,2025-03-25 17:30:00,LINE-03,106,4
7536,2025-03-25 17:45:00,LINE-04,119,3
7537,2025-03-25 18:00:00,LINE-01,80,2
7538,2025-03-25 18:15:00,LINE-02,113,3
7539,2025-03-25 18:30:00,LINE-03,98,3
7540,2025-03-25 18:45:00,LINE-04,107,3
7541,2025-03-25 19:00:00,LINE-01,122,3
7542,2025-03-25 19:15:00,LINE-02,120,2
7543,2025-03-25 19:30:00,LINE-03,136,5
7544,2025-03-25 19:45:00,LINE-04,119,2
7545,2025-03-25 20:00:00,LINE-01,89,2
7546,2025-03-25 20:15:00,LINE-02,97,2
7547,2025-03-25 20:30:00,LINE-03,84,2
7548,2025-03-25 20:45:00,LINE-04,80,2
7549,2025-03-25 21:00:00,LINE-01,93,1
7550,2025-03-25 21:15:00,LINE-02,83,2
7551,2025-03-25 21:30:00,LINE-03,101,4
7552,2025-03-25 21:45:00,LINE-04,88,1
7553,2025-03-25 22:00:00,LINE-01,96,2
7554,2025-03-25 22:15:00,LINE-02,97,3
7555,2025-03-25 22:30:00,LINE-03,99,2
7556,2025-03-25 22:45:00,LINE-04,84,2
7557,2025-03-25 23:00:00,LINE-01,130,3
7558,2025-03-25 23:15:00,LINE-02,130,3
7559,2025-03-25 23:30:00,LINE-03,127,4
7560,2025-03-25 23:45:00,LINE-04,107,3
7561,2025-03-26 00:00:00,LINE-01,121,4
7562,2025-03-26 00:15:00,LINE-02,136,3
7563,2025-03-26 00:30:00,LINE-03,103,3
7564,2025-03-26 00:45:00,LINE-04,117,2
7565,2025-03-26 01:00:00,LINE-01,81,2
7566,2025-03-26 01:15:00,LINE-02,127,2
7567,2025-03-26 01:30:00,LINE-03,110,3
7568,2025-03-26 01:45:00,LINE-04,117,3
7569,2025-03-26 02:00:00,LINE-01,80,2
7570,2025-03-26 02:15:00,LINE-02,123,3
7571,2025-03-26 02:30:00,LINE-03,124,4
7572,2025-03-26 02:45:00,LINE-04,100,3
7573,2025-03-26 03:00:00,LINE-01,117,2
7574,2025-03-26 03:15:00,LINE-02,117,2
7575,2025-03-26 03:30:00,LINE-03,84,2
7576,2025-03-26 03:45:00,LINE-04,108,1
7577,2025-03-26 04:00:00,LINE-01,124,3
7578,2025-03-26 04:15:00,LINE-02,130,2
7579,2025-03-26 04:30:00,LINE-03,113,2
7580,2025-03-26 04:45:00,LINE-04,101,3
7581,2025-03-26 05:00:00,LINE-01,133,3
7582,2025-03-26 05:15:00,LINE-02,134,4
7583,2025-03-26 05:30:00,LINE-03,138,3
7584,2025-03-26 05:45:00,LINE-04,104,3
7585,2025-03-26 06:00:00,LINE-01,115,2
7586,2025-03-26 06:15:00,LINE-02,124,4
7587,2025-03-26 06:30:00,LINE-03,82,2
7588,2025-03-26 06:45:00,LINE-04,131,3
7589,2025-03-26 07:00:00,LINE-01,89,1
7590,2025-03-26 07:15:00,LINE-02,102,2
7591,2025-03-26 07:30:00,LINE-03,81,3
7592,2025-03-26 07:45:00,LINE-04,123,2
7593,2025-03-26 08:00:00,LINE-01,104,3
7594,2025-03-26 08:15:00,LINE-02,104,2
7595,2025-03-26 08:30:00,LINE-03,138,3
7596,2025-03-26 08:45:00,LINE-04,126,2
7597,2025-03-26 09:00:00,LINE-01,126,3
7598,2025-03-26 09:15:00,LINE-02,99,2
7599,2025-03-26 09:30:00,LINE-03,116,3
7600,2025-03-26 09:45:00,LINE-04,80,2
7601,2025-03-26 10:00:00,LINE-01,135,3
7602,2025-03-26 10:15:00,LINE-02,130,3
7603,2025-03-26 10:30:00,LINE-03,84,3
7604,2025-03-26 10:45:00,LINE-04,135,3
7605,2025-03-26 11:00:00,LINE-01,90,2
7606,2025-03-26 11:15:00,LINE-02,136,3
7607,2025-03-26 11:30:00,LINE-03,98,2
7608,2025-03-26 11:45:00,LINE-04,123,2
7609,2025-03-26 12:00:00,LINE-01,94,2
7610,2025-03-26 12:15:00,LINE-02,85,2
7611,2025-03-26 12:30:00,LINE-03,80,2
7612,2025-03-26 12:45:00,LINE-04,113,3
7613,2025-03-26 13:00:00,LINE-01,87,1
7614,2025-03-26 13:15:00,LINE-02,138,3
7615,2025-03-26 13:30:00,LINE-03,121,4
7616,2025-03-26 13:45:00,LINE-04,109,1
7617,2025-03-26 14:00:00,LINE-01,100,2
7618,2025-03-26 14:15:00,LINE-02,87,2
7619,2025-03-26 14:30:00,LINE-03,85,2
7620,2025-03-26 14:45:00,LINE-04,126,3
7621,2025-03-26 15:00:00,LINE-01,105,2
7622,2025-03-26 15:15:00,LINE-02,122,3
7623,2025-03-26 15:30:00,LINE-03,128,5
7624,2025-03-26 15:45:00,LINE-04,80,1
7625,2025-03-26 16:00:00,LINE-01,116,2
7626,2025-03-26 16:15:00,LINE-02,114,2
7627,2025-03-26 16:30:00,LINE-03,94,3
7628,2025-03-26 16:45:00,LINE-04,129,4
7629,2025-03-26 17:00:00,LINE-01,86,2
7630,2025-03-26 17:15:00,LINE-02,125,2
7631,2025-03-26 17:30:00,LINE-03,119,4
7632,2025-03-26 17:45:00,LINE-04,110,2
7633,2025-03-26 18:00:00,LINE-01,87,2
7634,2025-03-26 18:15:00,LINE-02,114,3
7635,2025-03-26 18:30:00,LINE-03,101,2
7636,2025-03-26 18:45:00,LINE-04,81,2
7637,2025-03-26 19:00:00,LINE-01,86,1
7638,2025-03-26 19:15:00,LINE-02,128,2
7639,2025-03-26 19:30:00,LINE-03,102,4
7640,2025-03-26 19:45:00,LINE-04,104,3
7641,2025-03-26 20:00:00,LINE-01,125,3
7642,2025-03-26 20:15:00,LINE-02,96,3
7643,2025-03-26 20:30:00,LINE-03,80,3
7644,2025-03-26 20:45:00,LINE-04,81,1
7645,2025-03-26 21:00:00,LINE-01,115,2
7646,2025-03-26 21:15:00,LINE-02,103,2
7647,2025-03-26 21:30:00,LINE-03,121,3
7648,2025-03-26 21:45:00,LINE-04,88,2
7649,2025-03-26 22:00:00,LINE-01,116,3
7650,2025-03-26 22:15:00,LINE-02,118,3
7651,2025-03-26 22:30:00,LINE-03,120,4
7652,2025-03-26 22:45:00,LINE-04,85,1
7653,2025-03-26 23:00:00,LINE-01,97,2
7654,2025-03-26 23:15:00,LINE-02,91,3
7655,2025-03-26 23:30:00,LINE-03,84,2
7656,2025-03-26 23:45:00,LINE-04,88,1
7657,2025-03-27 00:00:00,LINE-01,120,2
7658,2025-03-27 00:15:00,LINE-02,136,2
7659,2025-03-27 00:30:00,LINE-03,100,2
7660,2025-03-27 00:45:00,LINE-04,84,2
7661,2025-03-27 01:00:00,LINE-01,89,3
7662,2025-03-27 01:15:00,LINE-02,109,2
7663,2025-03-27 01:30:00,LINE-03,133,5
7664,2025-03-27 01:45:00,LINE-04,105,2
7665,2025-03-27 02:00:00,LINE-01,110,2
7666,2025-03-27 02:15:00,LINE-02,84,2
7667,2025-03-27 02:30:00,LINE-03,83,3
7668,2025-03-27 02:45:00,LINE-04,131,2
7669,2025-03-27 03:00:00,LINE-01,89,2
7670,2025-03-27 03:15:00,LINE-02,85,2
7671,2025-03-27 03:30:00,LINE-03,104,3
7672,2025-03-27 03:45:00,LINE-04,113,2
7673,2025-03-27 04:00:00,LINE-01,111,2
7674,2025-03-27 04:15:00,LINE-02,123,3
7675,2025-03-27 04:30:00,LINE-03,116,3
7676,2025-03-27 04:45:00,LINE-04,139,2
7677,2025-03-27 05:00:00,LINE-01,81,2
7678,2025-03-27 05:15:00,LINE-02,87,2
7679,2025-03-27 05:30:00,LINE-03,96,3
7680,2025-03-27 05:45:00,LINE-04,140,4
7681,2025-03-27 06:00:00,LINE-01,120,3
7682,2025-03-27 06:15:00,LINE-02,133,3
7683,2025-03-27 06:30:00,LINE-03,101,2
7684,2025-03-27 06:45:00,LINE-04,129,3
7685,2025-03-27 07:00:00,LINE-01,131,2
7686,2025-03-27 07:15:00,LINE-02,83,2
7687,2025-03-27 07:30:00,LINE-03,91,2
7688,2025-03-27 07:45:00,LINE-04,80,1
7689,2025-03-27 08:00:00,LINE-01,112,1
7690,2025-03-27 08:15:00,LINE-02,81,2
7691,2025-03-27 08:30:00,LINE-03,107,3
7692,2025-03-27 08:45:00,LINE-04,102,3
7693,2025-03-27 09:00:00,LINE-01,86,1
7694,2025-03-27 09:15:00,LINE-02,110,2
7695,2025-03-27 09:30:00,LINE-03,95,3
7696,2025-03-27 09:45:00,LINE-04,119,3
7697,2025-03-27 10:00:00,LINE-01,127,3
7698,2025-03-27 10:15:00,LINE-02,92,3
7699,2025-03-27 10:30:00,LINE-03,133,5
7700,2025-03-27 10:45:00,LINE-04,92,2
7701,2025-03-27 11:00:00,LINE-01,123,2
7702,2025-03-27 11:15:00,LINE-02,129,2
7703,2025-03-27 11:30:00,LINE-03,132,5
7704,2025-03-27 11:45:00,LINE-04,87,2
7705,2025-03-27 12:00:00,LINE-01,132,3
7706,2025-03-27 12:15:00,LINE-02,105,2
7707,2025-03-27 12:30:00,LINE-03,139,4
7708,2025-03-27 12:45:00,LINE-04,102,2
7709,2025-03-27 13:00:00,LINE-01,118,2
7710,2025-03-27 13:15:00,LINE-02,118,2
7711,2025-03-27 13:30:00,LINE-03,116,3
7712,2025-03-27 13:45:00,LINE-04,140,2
7713,2025-03-27 14:00:00,LINE-01,116,3
7714,2025-03-27 14:15:00,LINE-02,128,4
7715,2025-03-27 14:30:00,LINE-03,138,5
7716,2025-03-27 14:45:00,LINE-04,135,2
7717,2025-03-27 15:00:00,LINE-01,92,3
7718,2025-03-27 15:15:00,LINE-02,102,3
7719,2025-03-27 15:30:00,LINE-03,128,3
7720,2025-03-27 15:45:00,LINE-04,115,3
7721,2025-03-27 16:00:00,LINE-01,96,2
7722,2025-03-27 16:15:00,LINE-02,111,2
7723,2025-03-27 16:30:00,LINE-03,101,3
7724,2025-03-27 16:45:00,LINE-04,95,2
7725,2025-03-27 17:00:00,LINE-01,93,2
7726,2025-03-27 17:15:00,LINE-02,114,3
7727,2025-03-27 17:30:00,LINE-03,82,2
7728,2025-03-27 17:45:00,LINE-04,128,2
7729,2025-03-27 18:00:00,LINE-01,90,1
7730,2025-03-27 18:15:00,LINE-02,116,2
7731,2025-03-27 18:30:00,LINE-03,133,4
7732,2025-03-27 18:45:00,LINE-04,113,2
7733,2025-03-27 19:00:00,LINE-01,122,2
7734,2025-03-27 19:15:00,LINE-02,118,2
7735,2025-03-27 19:30:00,LINE-03,113,2
7736,2025-03-27 19:45:00,LINE-04,98,3
7737,2025-03-27 20:00:00,LINE-01,90,2
7738,2025-03-27 20:15:00,LINE-02,81,1
7739,2025-03-27 20:30:00,LINE-03,124,4
7740,2025-03-27 20:45:00,LINE-04,123,2
7741,2025-03-27 21:00:00,LINE-01,139,4
7742,2025-03-27 21:15:00,LINE-02,137,3
7743,2025-03-27 21:30:00,LINE-03,104,3
7744,2025-03-27 21:45:00,LINE-04,140,2
7745,2025-03-27 22:00:00,LINE-01,109,2
7746,2025-03-27 22:15:00,LINE-02,104,2
7747,2025-03-27 22:30:00,LINE-03,92,2
7748,2025-03-27 22:45:00,LINE-04,139,4
7749,2025-03-27 23:00:00,LINE-01,120,3
7750,2025-03-27 23:15:00,LINE-02,81,1
7751,2025-03-27 23:30:00,LINE-03,139,3
7752,2025-03-27 23:45:00,LINE-04,138,3
7753,2025-03-28 00:00:00,LINE-01,135,2
7754,2025-03-28 00:15:00,LINE-02,101,2
7755,2025-03-28 00:30:00,LINE-03,133,5
7756,2025-03-28 00:45:00,LINE-04,93,1
7757,2025-03-28 01:00:00,LINE-01,126,2
7758,2025-03-28 01:15:00,LINE-02,100,2
7759,2025-03-28 01:30:00,LINE-03,130,3
7760,2025-03-28 01:45:00,LINE-04,114,2
7761,2025-03-28 02:00:00,LINE-01,100,3
7762,2025-03-28 02:15:00,LINE-02,127,4
7763,2025-03-28 02:30:00,LINE-03,121,4
7764,2025-03-28 02:45:00,LINE-04,87,2
7765,2025-03-28 03:00:00,LINE-01,126,3
7766,2025-03-28 03:15:00,LINE-02,80,2
7767,2025-03-28 03:30:00,LINE-03,121,3
7768,2025-03-28 03:45:00,LINE-04,89,2
7769,2025-03-28 04:00:00,LINE-01,98,3
7770,2025-03-28 04:15:00,LINE-02,82,1
7771,2025-03-28 04:30:00,LINE-03,129,3
7772,2025-03-28 04:45:00,LINE-04,97,2
7773,2025-03-28 05:00:00,LINE-01,117,3
7774,2025-03-28 05:15:00,LINE-02,139,3
7775,2025-03-28 05:30:00,LINE-03,99,2
7776,2025-03-28 05:45:00,LINE-04,80,1
7777,2025-03-28 06:00:00,LINE-01,120,2
7778,2025-03-28 06:15:00,LINE-02,85,2
7779,2025-03-28 06:30:00,LINE-03,115,4
7780,2025-03-28 06:45:00,LINE-04,124,3
7781,2025-03-28 07:00:00,LINE-01,126,3
7782,2025-03-28 07:15:00,LINE-02,132,2
7783,2025-03-28 07:30:00,LINE-03,102,4
7784,2025-03-28 07:45:00,LINE-04,83,2
7785,2025-03-28 08:00:00,LINE-01,116,3
7786,2025-03-28 08:15:00,LINE-02,123,2
7787,2025-03-28 08:30:00,LINE-03,83,2
7788,2025-03-28 08:45:00,LINE-04,82,2
7789,2025-03-28 09:00:00,LINE-01,130,3
7790,2025-03-28 09:15:00,LINE-02,127,3
7791,2025-03-28 09:30:00,LINE-03,99,2
7792,2025-03-28 09:45:00,LINE-04,90,1
7793,2025-03-28 10:00:00,LINE-01,119,2
7794,2025-03-28 10:15:00,LINE-02,118,2
7795,2025-03-28 10:30:00,LINE-03,81,3
7796,2025-03-28 10:45:00,LINE-04,103,2
7797,2025-03-28 11:00:00,LINE-01,97,2
7798,2025-03-28 11:15:00,LINE-02,115,3
7799,2025-03-28 11:30:00,LINE-03,135,3
7800,2025-03-28 11:45:00,LINE-04,98,2
7801,2025-03-28 12:00:00,LINE-01,84,1
7802,2025-03-28 12:15:00,LINE-02,138,2
7803,2025-03-28 12:30:00,LINE-03,92,2
7804,2025-03-28 12:45:00,LINE-04,101,2
7805,2025-03-28 13:00:00,LINE-01,83,2
7806,2025-03-28 13:15:00,LINE-02,99,2
7807,2025-03-28 13:30:00,LINE-03,83,3
7808,2025-03-28 13:45:00,LINE-04,107,2
7809,2025-03-28 14:00:00,LINE-01,95,2
7810,2025-03-28 14:15:00,LINE-02,99,3
7811,2025-03-28 14:30:00,LINE-03,125,3
7812,2025-03-28 14:45:00,LINE-04,108,3
7813,2025-03-28 15:00:00,LINE-01,133,3
7814,2025-03-28 15:15:00,LINE-02,100,2
7815,2025-03-28 15:30:00,LINE-03,117,4
7816,2025-03-28 15:45:00,LINE-04,97,2
7817,2025-03-28 16:00:00,LINE-01,131,2
7818,2025-03-28 16:15:00,LINE-02,120,2
7819,2025-03-28 16:30:00,LINE-03,136,3
7820,2025-03-28 16:45:00,LINE-04,129,4
7821,2025-03-28 17:00:00,LINE-01,88,2
7822,2025-03-28 17:15:00,LINE-02,130,2
7823,2025-03-28 17:30:00,LINE-03,110,3
7824,2025-03-28 17:45:00,LINE-04,126,2
7825,2025-03-28 18:00:00,LINE-01,118,3
7826,2025-03-28 18:15:00,LINE-02,86,2
7827,2025-03-28 18:30:00,LINE-03,97,3
7828,2025-03-28 18:45:00,LINE-04,116,2
7829,2025-03-28 19:00:00,LINE-01,97,3
7830,2025-03-28 19:15:00,LINE-02,134,2
7831,2025-03-28 19:30:00,LINE-03,91,2
7832,2025-03-28 19:45:00,LINE-04,140,4
7833,2025-03-28 20:00:00,LINE-01,124,2
7834,2025-03-28 20:15:00,LINE-02,93,2
7835,2025-03-28 20:30:00,LINE-03,136,3
7836,2025-03-28 20:45:00,LINE-04,112,3
7837,2025-03-28 21:00:00,LINE-01,128,4
7838,2025-03-28 21:15:00,LINE-02,108,3
7839,2025-03-28 21:30:00,LINE-03,84,2
7840,2025-03-28 21:45:00,LINE-04,95,3
7841,2025-03-28 22:00:00,LINE-01,132,2
7842,2025-03-28 22:15:00,LINE-02,103,1
7843,2025-03-28 22:30:00,LINE-03,92,2
7844,2025-03-28 22:45:00,LINE-04,105,3
7845,2025-03-28 23:00:00,LINE-01,111,3
7846,2025-03-28 23:15:00,LINE-02,103,2
7847,2025-03-28 23:30:00,LINE-03,94,2
7848,2025-03-28 23:45:00,LINE-04,122,3
7849,2025-03-29 00:00:00,LINE-01,130,3
7850,2025-03-29 00:15:00,LINE-02,134,2
7851,2025-03-29 00:30:00,LINE-03,93,3
7852,2025-03-29 00:45:00,LINE-04,120,2
7853,2025-03-29 01:00:00,LINE-01,126,2
7854,2025-03-29 01:15:00,LINE-02,107,2
7855,2025-03-29 01:30:00,LINE-03,120,4
7856,2025-03-29 01:45:00,LINE-04,139,4
7857,2025-03-29 02:00:00,LINE-01,93,1
7858,2025-03-29 02:15:00,LINE-02,118,4
7859,2025-03-29 02:30:00,LINE-03,113,3
7860,2025-03-29 02:45:00,LINE-04,113,2
7861,2025-03-29 03:00:00,LINE-01,139,3
7862,2025-03-29 03:15:00,LINE-02,125,2
7863,2025-03-29 03:30:00,LINE-03,96,3
7864,2025-03-29 03:45:00,LINE-04,109,3
7865,2025-03-29 04:00:00,LINE-01,97,2
7866,2025-03-29 04:15:00,LINE-02,88,2
7867,2025-03-29 04:30:00,LINE-03,119,3
7868,2025-03-29 04:45:00,LINE-04,84,1
7869,2025-03-29 05:00:00,LINE-01,113,2
7870,2025-03-29 05:15:00,LINE-02,120,3
7871,2025-03-29 05:30:00,LINE-03,90,2
7872,2025-03-29 05:45:00,LINE-04,97,2
7873,2025-03-29 06:00:00,LINE-01,130,4
7874,2025-03-29 06:15:00,LINE-02,120,2
7875,2025-03-29 06:30:00,LINE-03,106,4
7876,2025-03-29 06:45:00,LINE-04,133,4
7877,2025-03-29 07:00:00,LINE-01,84,2
7878,2025-03-29 07:15:00,LINE-02,127,3
7879,2025-03-29 07:30:00,LINE-03,123,3
7880,2025-03-29 07:45:00,LINE-04,116,3
7881,2025-03-29 08:00:00,LINE-01,103,3
7882,2025-03-29 08:15:00,LINE-02,81,2
7883,2025-03-29 08:30:00,LINE-03,113,4
7884,2025-03-29 08:45:00,LINE-04,127,4
7885,2025-03-29 09:00:00,LINE-01,111,2
7886,2025-03-29 09:15:00,LINE-02,86,2
7887,2025-03-29 09:30:00,LINE-03,81,3
7888,2025-03-29 09:45:00,LINE-04,122,1
7889,2025-03-29 10:00:00,LINE-01,131,3
7890,2025-03-29 10:15:00,LINE-02,96,2
7891,2025-03-29 10:30:00,LINE-03,102,2
7892,2025-03-29 10:45:00,LINE-04,130,2
7893,2025-03-29 11:00:00,LINE-01,109,2
7894,2025-03-29 11:15:00,LINE-02,110,3
7895,2025-03-29 11:30:00,LINE-03,89,2
7896,2025-03-29 11:45:00,LINE-04,120,2
7897,2025-03-29 12:00:00,LINE-01,133,4
7898,2025-03-29 12:15:00,LINE-02,94,2
7899,2025-03-29 12:30:00,LINE-03,84,2
7900,2025-03-29 12:45:00,LINE-04,120,3
7901,2025-03-29 13:00:00,LINE-01,111,2
7902,2025-03-29 13:15:00,LINE-02,117,2
7903,2025-03-29 13:30:00,LINE-03,118,3
7904,2025-03-29 13:45:00,LINE-04,80,1
7905,2025-03-29 14:00:00,LINE-01,97,1
7906,2025-03-29 14:15:00,LINE-02,131,4
7907,2025-03-29 14:30:00,LINE-03,136,4
7908,2025-03-29 14:45:00,LINE-04,105,2
7909,2025-03-29 15:00:00,LINE-01,138,4
7910,2025-03-29 15:15:00,LINE-02,126,2
7911,2025-03-29 15:30:00,LINE-03,133,3
7912,2025-03-29 15:45:00,LINE-04,112,3
7913,2025-03-29 16:00:00,LINE-01,92,2
7914,2025-03-29 16:15:00,LINE-02,135,4
7915,2025-03-29 16:30:00,LINE-03,109,2
7916,2025-03-29 16:45:00,LINE-04,117,3
7917,2025-03-29 17:00:00,LINE-01,94,2
7918,2025-03-29 17:15:00,LINE-02,125,3
7919,2025-03-29 17:30:00,LINE-03,97,3
7920,2025-03-29 17:45:00,LINE-04,114,2
7921,2025-03-29 18:00:00,LINE-01,117,2
7922,2025-03-29 18:15:00,LINE-02,131,3
7923,2025-03-29 18:30:00,LINE-03,84,3
7924,2025-03-29 18:45:00,LINE-04,97,3
7925,2025-03-29 19:00:00,LINE-01,132,4
7926,2025-03-29 19:15:00,LINE-02,114,2
7927,2025-03-29 19:30:00,LINE-03,110,3
7928,2025-03-29 19:45:00,LINE-04,105,3
7929,2025-03-29 20:00:00,LINE-01,97,2
7930,2025-03-29 20:15:00,LINE-02,133,2
7931,2025-03-29 20:30:00,LINE-03,92,2
7932,2025-03-29 20:45:00,LINE-04,122,4
7933,2025-03-29 21:00:00,LINE-01,96,3
7934,2025-03-29 21:15:00,LINE-02,96,3
7935,2025-03-29 21:30:00,LINE-03,135,3
7936,2025-03-29 21:45:00,LINE-04,109,1
7937,2025-03-29 22:00:00,LINE-01,88,2
7938,2025-03-29 22:15:00,LINE-02,90,2
7939,2025-03-29 22:30:00,LINE-03,95,3
7940,2025-03-29 22:45:00,LINE-04,102,2
7941,2025-03-29 23:00:00,LINE-01,82,1
7942,2025-03-29 23:15:00,LINE-02,106,2
7943,2025-03-29 23:30:00,LINE-03,131,4
7944,2025-03-29 23:45:00,LINE-04,108,3
7945,2025-03-30 00:00:00,LINE-01,110,2
7946,2025-03-30 00:15:00,LINE-02,129,2
7947,2025-03-30 00:30:00,LINE-03,140,3
7948,2025-03-30 00:45:00,LINE-04,107,2
7949,2025-03-30 01:00:00,LINE-01,105,2
7950,2025-03-30 01:15:00,LINE-02,94,3
7951,2025-03-30 01:30:00,LINE-03,94,2
7952,2025-03-30 01:45:00,LINE-04,120,3
7953,2025-03-30 02:00:00,LINE-01,81,2
7954,2025-03-30 02:15:00,LINE-02,89,2
7955,2025-03-30 02:30:00,LINE-03,111,4
7956,2025-03-30 02:45:00,LINE-04,133,2
7957,2025-03-30 03:00:00,LINE-01,96,3
7958,2025-03-30 03:15:00,LINE-02,84,2
7959,2025-03-30 03:30:00,LINE-03,138,4
7960,2025-03-30 03:45:00,LINE-04,126,2
7961,2025-03-30 04:00:00,LINE-01,92,2
7962,2025-03-30 04:15:00,LINE-02,132,2
7963,2025-03-30 04:30:00,LINE-03,118,2
7964,2025-03-30 04:45:00,LINE-04,99,2
7965,2025-03-30 05:00:00,LINE-01,88,2
7966,2025-03-30 05:15:00,LINE-02,88,1
7967,2025-03-30 05:30:00,LINE-03,101,2
7968,2025-03-30 05:45:00,LINE-04,85,1
7969,2025-03-30 06:00:00,LINE-01,105,3
7970,2025-03-30 06:15:00,LINE-02,135,2
7971,2025-03-30 06:30:00,LINE-03,134,5
7972,2025-03-30 06:45:00,LINE-04,102,2
7973,2025-03-30 07:00:00,LINE-01,102,2
7974,2025-03-30 07:15:00,LINE-02,111,3
7975,2025-03-30 07:30:00,LINE-03,116,4
7976,2025-03-30 07:45:00,LINE-04,132,2
7977,2025-03-30 08:00:00,LINE-01,84,1
7978,2025-03-30 08:15:00,LINE-02,91,1
7979,2025-03-30 08:30:00,LINE-03,132,4
7980,2025-03-30 08:45:00,LINE-04,110,2
7981,2025-03-30 09:00:00,LINE-01,133,4
7982,2025-03-30 09:15:00,LINE-02,124,4
7983,2025-03-30 09:30:00,LINE-03,137,5
7984,2025-03-30 09:45:00,LINE-04,98,2
7985,2025-03-30 10:00:00,LINE-01,96,1
7986,2025-03-30 10:15:00,LINE-02,115,1
7987,2025-03-30 10:30:00,LINE-03,137,5
7988,2025-03-30 10:45:00,LINE-04,127,3
7989,2025-03-30 11:00:00,LINE-01,109,1
7990,2025-03-30 11:15:00,LINE-02,106,1
7991,2025-03-30 11:30:00,LINE-03,105,4
7992,2025-03-30 11:45:00,LINE-04,94,3
7993,2025-03-30 12:00:00,LINE-01,96,3
7994,2025-03-30 12:15:00,LINE-02,116,2
7995,2025-03-30 12:30:00,LINE-03,82,2
7996,2025-03-30 12:45:00,LINE-04,135,2
7997,2025-03-30 13:00:00,LINE-01,130,3
7998,2025-03-30 13:15:00,LINE-02,80,1
7999,2025-03-30 13:30:00,LINE-03,138,4
8000,2025-03-30 13:45:00,LINE-04,85,2
8001,2025-03-30 14:00:00,LINE-01,82,2
8002,2025-03-30 14:15:00,LINE-02,137,3
8003,2025-03-30 14:30:00,LINE-03,135,5
8004,2025-03-30 14:45:00,LINE-04,117,3
8005,2025-03-30 15:00:00,LINE-01,83,2
8006,2025-03-30 15:15:00,LINE-02,119,3
8007,2025-03-30 15:30:00,LINE-03,84,2
8008,2025-03-30 15:45:00,LINE-04,105,2
8009,2025-03-30 16:00:00,LINE-01,87,1
8010,2025-03-30 16:15:00,LINE-02,139,4
8011,2025-03-30 16:30:00,LINE-03,134,3
8012,2025-03-30 16:45:00,LINE-04,137,4
8013,2025-03-30 17:00:00,LINE-01,138,3
8014,2025-03-30 17:15:00,LINE-02,119,3
8015,2025-03-30 17:30:00,LINE-03,127,4
8016,2025-03-30 17:45:00,LINE-04,110,2
8017,2025-03-30 18:00:00,LINE-01,84,2
8018,2025-03-30 18:15:00,LINE-02,109,3
8019,2025-03-30 18:30:00,LINE-03,134,3
8020,2025-03-30 18:45:00,LINE-04,120,2
8021,2025-03-30 19:00:00,LINE-01,108,2
8022,2025-03-30 19:15:00,LINE-02,114,3
8023,2025-03-30 19:30:00,LINE-03,136,5
8024,2025-03-30 19:45:00,LINE-04,102,2
8025,2025-03-30 20:00:00,LINE-01,99,1
8026,2025-03-30 20:15:00,LINE-02,117,2
8027,2025-03-30 20:30:00,LINE-03,93,2
8028,2025-03-30 20:45:00,LINE-04,103,2
8029,2025-03-30 21:00:00,LINE-01,135,2
8030,2025-03-30 21:15:00,LINE-02,110,2
8031,2025-03-30 21:30:00,LINE-03,87,3
8032,2025-03-30 21:45:00,LINE-04,82,2
8033,2025-03-30 22:00:00,LINE-01,130,2
8034,2025-03-30 22:15:00,LINE-02,140,4
8035,2025-03-30 22:30:00,LINE-03,118,3
8036,2025-03-30 22:45:00,LINE-04,95,1
8037,2025-03-30 23:00:00,LINE-01,120,2
8038,2025-03-30 23:15:00,LINE-02,80,1
8039,2025-03-30 23:30:00,LINE-03,114,3
8040,2025-03-30 23:45:00,LINE-04,116,2
8041,2025-03-31 00:00:00,LINE-01,91,2
8042,2025-03-31 00:15:00,LINE-02,124,3
8043,2025-03-31 00:30:00,LINE-03,131,3
8044,2025-03-31 00:45:00,LINE-04,121,3
8045,2025-03-31 01:00:00,LINE-01,128,3
8046,2025-03-31 01:15:00,LINE-02,107,3
8047,2025-03-31 01:30:00,LINE-03,134,5
8048,2025-03-31 01:45:00,LINE-04,140,4
8049,2025-03-31 02:00:00,LINE-01,117,2
8050,2025-03-31 02:15:00,LINE-02,93,2
8051,2025-03-31 02:30:00,LINE-03,131,4
8052,2025-03-31 02:45:00,LINE-04,87,3
8053,2025-03-31 03:00:00,LINE-01,121,3
8054,2025-03-31 03:15:00,LINE-02,121,2
8055,2025-03-31 03:30:00,LINE-03,116,3
8056,2025-03-31 03:45:00,LINE-04,85,1
8057,2025-03-31 04:00:00,LINE-01,130,4
8058,2025-03-31 04:15:00,LINE-02,115,2
8059,2025-03-31 04:30:00,LINE-03,82,2
8060,2025-03-31 04:45:00,LINE-04,125,3
8061,2025-03-31 05:00:00,LINE-01,101,2
8062,2025-03-31 05:15:00,LINE-02,125,3
8063,2025-03-31 05:30:00,LINE-03,101,3
8064,2025-03-31 05:45:00,LINE-04,103,3
8065,2025-03-31 06:00:00,LINE-01,115,3
8066,2025-03-31 06:15:00,LINE-02,122,3
8067,2025-03-31 06:30:00,LINE-03,107,3
8068,2025-03-31 06:45:00,LINE-04,127,2
8069,2025-03-31 07:00:00,LINE-01,117,3
8070,2025-03-31 07:15:00,LINE-02,126,2
8071,2025-03-31 07:30:00,LINE-03,120,3
8072,2025-03-31 07:45:00,LINE-04,124,3
8073,2025-03-31 08:00:00,LINE-01,81,2
8074,2025-03-31 08:15:00,LINE-02,132,3
8075,2025-03-31 08:30:00,LINE-03,109,4
8076,2025-03-31 08:45:00,LINE-04,84,2
8077,2025-03-31 09:00:00,LINE-01,82,2
8078,2025-03-31 09:15:00,LINE-02,137,3
8079,2025-03-31 09:30:00,LINE-03,91,3
8080,2025-03-31 09:45:00,LINE-04,116,2
8081,2025-03-31 10:00:00,LINE-01,112,2
8082,2025-03-31 10:15:00,LINE-02,110,1
8083,2025-03-31 10:30:00,LINE-03,91,3
8084,2025-03-31 10:45:00,LINE-04,89,1
8085,2025-03-31 11:00:00,LINE-01,130,3
8086,2025-03-31 11:15:00,LINE-02,129,2
8087,2025-03-31 11:30:00,LINE-03,89,3
8088,2025-03-31 11:45:00,LINE-04,112,3
8089,2025-03-31 12:00:00,LINE-01,103,2
8090,2025-03-31 12:15:00,LINE-02,113,2
8091,2025-03-31 12:30:00,LINE-03,135,3
8092,2025-03-31 12:45:00,LINE-04,131,2
8093,2025-03-31 13:00:00,LINE-01,110,3
8094,2025-03-31 13:15:00,LINE-02,125,3
8095,2025-03-31 13:30:00,LINE-03,117,4
8096,2025-03-31 13:45:00,LINE-04,102,1
8097,2025-03-31 14:00:00,LINE-01,82,2
8098,2025-03-31 14:15:00,LINE-02,117,2
8099,2025-03-31 14:30:00,LINE-03,82,3
8100,2025-03-31 14:45:00,LINE-04,133,3
8101,2025-03-31 15:00:00,LINE-01,138,4
8102,2025-03-31 15:15:00,LINE-02,96,2
8103,2025-03-31 15:30:00,LINE-03,119,3
8104,2025-03-31 15:45:00,LINE-04,123,2
8105,2025-03-31 16:00:00,LINE-01,94,2
8106,2025-03-31 16:15:00,LINE-02,120,2
8107,2025-03-31 16:30:00,LINE-03,135,4
8108,2025-03-31 16:45:00,LINE-04,117,3
8109,2025-03-31 17:00:00,LINE-01,120,2
8110,2025-03-31 17:15:00,LINE-02,85,2
8111,2025-03-31 17:30:00,LINE-03,134,4
8112,2025-03-31 17:45:00,LINE-04,125,3
8113,2025-03-31 18:00:00,LINE-01,105,2
8114,2025-03-31 18:15:00,LINE-02,101,2
8115,2025-03-31 18:30:00,LINE-03,135,3
8116,2025-03-31 18:45:00,LINE-04,127,2
8117,2025-03-31 19:00:00,LINE-01,114,3
8118,2025-03-31 19:15:00,LINE-02,95,3
8119,2025-03-31 19:30:00,LINE-03,122,4
8120,2025-03-31 19:45:00,LINE-04,130,4
8121,2025-03-31 20:00:00,LINE-01,102,2
8122,2025-03-31 20:15:00,LINE-02,93,2
8123,2025-03-31 20:30:00,LINE-03,129,3
8124,2025-03-31 20:45:00,LINE-04,110,2
8125,2025-03-31 21:00:00,LINE-01,113,2
8126,2025-03-31 21:15:00,LINE-02,110,2
8127,2025-03-31 21:30:00,LINE-03,136,3
8128,2025-03-31 21:45:00,LINE-04,140,2
8129,2025-03-31 22:00:00,LINE-01,125,3
8130,2025-03-31 22:15:00,LINE-02,108,2
8131,2025-03-31 22:30:00,LINE-03,89,3
8132,2025-03-31 22:45:00,LINE-04,107,2
8133,2025-03-31 23:00:00,LINE-01,88,2
8134,2025-03-31 23:15:00,LINE-02,107,1
8135,2025-03-31 23:30:00,LINE-03,134,3
8136,2025-03-31 23:45:00,LINE-04,136,3
8137,2025-04-01 00:00:00,LINE-01,135,3
8138,2025-04-01 00:15:00,LINE-02,95,2
8139,2025-04-01 00:30:00,LINE-03,98,3
8140,2025-04-01 00:45:00,LINE-04,128,4
8141,2025-04-01 01:00:00,LINE-01,97,2
8142,2025-04-01 01:15:00,LINE-02,96,1
8143,2025-04-01 01:30:00,LINE-03,92,2
8144,2025-04-01 01:45:00,LINE-04,102,2
8145,2025-04-01 02:00:00,LINE-01,129,2
8146,2025-04-01 02:15:00,LINE-02,105,2
8147,2025-04-01 02:30:00,LINE-03,114,4
8148,2025-04-01 02:45:00,LINE-04,138,3
8149,2025-04-01 03:00:00,LINE-01,93,2
8150,2025-04-01 03:15:00,LINE-02,91,2
8151,2025-04-01 03:30:00,LINE-03,121,3
8152,2025-04-01 03:45:00,LINE-04,134,2
8153,2025-04-01 04:00:00,LINE-01,101,3
8154,2025-04-01 04:15:00,LINE-02,87,2
8155,2025-04-01 04:30:00,LINE-03,129,3
8156,2025-04-01 04:45:00,LINE-04,137,2
8157,2025-04-01 05:00:00,LINE-01,135,2
8158,2025-04-01 05:15:00,LINE-02,116,2
8159,2025-04-01 05:30:00,LINE-03,94,3
8160,2025-04-01 05:45:00,LINE-04,82,1
8161,2025-04-01 06:00:00,LINE-01,108,3
8162,2025-04-01 06:15:00,LINE-02,94,3
8163,2025-04-01 06:30:00,LINE-03,85,2
8164,2025-04-01 06:45:00,LINE-04,95,1
8165,2025-04-01 07:00:00,LINE-01,125,4
8166,2025-04-01 07:15:00,LINE-02,139,2
8167,2025-04-01 07:30:00,LINE-03,108,3
8168,2025-04-01 07:45:00,LINE-04,104,2
8169,2025-04-01 08:00:00,LINE-01,111,3
8170,2025-04-01 08:15:00,LINE-02,105,2
8171,2025-04-01 08:30:00,LINE-03,83,3
8172,2025-04-01 08:45:00,LINE-04,105,2
8173,2025-04-01 09:00:00,LINE-01,114,2
8174,2025-04-01 09:15:00,LINE-02,81,2
8175,2025-04-01 09:30:00,LINE-03,137,3
8176,2025-04-01 09:45:00,LINE-04,134,3
8177,2025-04-01 10:00:00,LINE-01,101,2
8178,2025-04-01 10:15:00,LINE-02,88,2
8179,2025-04-01 10:30:00,LINE-03,126,3
8180,2025-04-01 10:45:00,LINE-04,95,2
8181,2025-04-01 11:00:00,LINE-01,133,2
8182,2025-04-01 11:15:00,LINE-02,81,2
8183,2025-04-01 11:30:00,LINE-03,103,4
8184,2025-04-01 11:45:00,LINE-04,96,2
8185,2025-04-01 12:00:00,LINE-01,102,2
8186,2025-04-01 12:15:00,LINE-02,104,2
8187,2025-04-01 12:30:00,LINE-03,87,3
8188,2025-04-01 12:45:00,LINE-04,89,3
8189,2025-04-01 13:00:00,LINE-01,114,2
8190,2025-04-01 13:15:00,LINE-02,120,3
8191,2025-04-01 13:30:00,LINE-03,87,3
8192,2025-04-01 13:45:00,LINE-04,138,4
8193,2025-04-01 14:00:00,LINE-01,86,2
8194,2025-04-01 14:15:00,LINE-02,129,2
8195,2025-04-01 14:30:00,LINE-03,110,3
8196,2025-04-01 14:45:00,LINE-04,118,2
8197,2025-04-01 15:00:00,LINE-01,96,2
8198,2025-04-01 15:15:00,LINE-02,120,2
8199,2025-04-01 15:30:00,LINE-03,93,3
8200,2025-04-01 15:45:00,LINE-04,137,3
8201,2025-04-01 16:00:00,LINE-01,101,2
8202,2025-04-01 16:15:00,LINE-02,136,3
8203,2025-04-01 16:30:00,LINE-03,137,3
8204,2025-04-01 16:45:00,LINE-04,126,2
8205,2025-04-01 17:00:00,LINE-01,97,2
8206,2025-04-01 17:15:00,LINE-02,98,1
8207,2025-04-01 17:30:00,LINE-03,87,2
8208,2025-04-01 17:45:00,LINE-04,108,2
8209,2025-04-01 18:00:00,LINE-01,93,2
8210,2025-04-01 18:15:00,LINE-02,111,2
8211,2025-04-01 18:30:00,LINE-03,122,3
8212,2025-04-01 18:45:00,LINE-04,126,2
8213,2025-04-01 19:00:00,LINE-01,101,2
8214,2025-04-01 19:15:00,LINE-02,139,3
8215,2025-04-01 19:30:00,LINE-03,99,2
8216,2025-04-01 19:45:00,LINE-04,104,2
8217,2025-04-01 20:00:00,LINE-01,108,3
8218,2025-04-01 20:15:00,LINE-02,116,3
8219,2025-04-01 20:30:00,LINE-03,139,5
8220,2025-04-01 20:45:00,LINE-04,140,3
8221,2025-04-01 21:00:00,LINE-01,109,2
8222,2025-04-01 21:15:00,LINE-02,83,2
8223,2025-04-01 21:30:00,LINE-03,86,2
8224,2025-04-01 21:45:00,LINE-04,87,2
8225,2025-04-01 22:00:00,LINE-01,140,4
8226,2025-04-01 22:15:00,LINE-02,88,1
8227,2025-04-01 22:30:00,LINE-03,117,3
8228,2025-04-01 22:45:00,LINE-04,126,3
8229,2025-04-01 23:00:00,LINE-01,81,1
8230,2025-04-01 23:15:00,LINE-02,135,2
8231,2025-04-01 23:30:00,LINE-03,85,3
8232,2025-04-01 23:45:00,LINE-04,112,2
8233,2025-04-02 00:00:00,LINE-01,111,3
8234,2025-04-02 00:15:00,LINE-02,136,3
8235,2025-04-02 00:30:00,LINE-03,86,3
8236,2025-04-02 00:45:00,LINE-04,112,2
8237,2025-04-02 01:00:00,LINE-01,112,3
8238,2025-04-02 01:15:00,LINE-02,133,3
8239,2025-04-02 01:30:00,LINE-03,95,3
8240,2025-04-02 01:45:00,LINE-04,110,2
8241,2025-04-02 02:00:00,LINE-01,131,3
8242,2025-04-02 02:15:00,LINE-02,126,2
8243,2025-04-02 02:30:00,LINE-03,122,3
8244,2025-04-02 02:45:00,LINE-04,88,2
8245,2025-04-02 03:00:00,LINE-01,131,3
8246,2025-04-02 03:15:00,LINE-02,132,3
8247,2025-04-02 03:30:00,LINE-03,92,2
8248,2025-04-02 03:45:00,LINE-04,85,1
8249,2025-04-02 04:00:00,LINE-01,112,3
8250,2025-04-02 04:15:00,LINE-02,94,2
8251,2025-04-02 04:30:00,LINE-03,111,4
8252,2025-04-02 04:45:00,LINE-04,129,4
8253,2025-04-02 05:00:00,LINE-01,140,3
8254,2025-04-02 05:15:00,LINE-02,84,2
8255,2025-04-02 05:30:00,LINE-03,93,2
8256,2025-04-02 05:45:00,LINE-04,114,2
8257,2025-04-02 06:00:00,LINE-01,129,3
8258,2025-04-02 06:15:00,LINE-02,110,2
8259,2025-04-02 06:30:00,LINE-03,108,2
8260,2025-04-02 06:45:00,LINE-04,110,3
8261,2025-04-02 07:00:00,LINE-01,110,3
8262,2025-04-02 07:15:00,LINE-02,121,3
8263,2025-04-02 07:30:00,LINE-03,117,4
8264,2025-04-02 07:45:00,LINE-04,123,2
8265,2025-04-02 08:00:00,LINE-01,116,2
8266,2025-04-02 08:15:00,LINE-02,89,2
8267,2025-04-02 08:30:00,LINE-03,96,3
8268,2025-04-02 08:45:00,LINE-04,139,4
8269,2025-04-02 09:00:00,LINE-01,82,2
8270,2025-04-02 09:15:00,LINE-02,92,2
8271,2025-04-02 09:30:00,LINE-03,131,3
8272,2025-04-02 09:45:00,LINE-04,131,3
8273,2025-04-02 10:00:00,LINE-01,127,4
8274,2025-04-02 10:15:00,LINE-02,108,3
8275,2025-04-02 10:30:00,LINE-03,100,3
8276,2025-04-02 10:45:00,LINE-04,129,2
8277,2025-04-02 11:00:00,LINE-01,107,2
8278,2025-04-02 11:15:00,LINE-02,122,2
8279,2025-04-02 11:30:00,LINE-03,87,3
8280,2025-04-02 11:45:00,LINE-04,107,3
8281,2025-04-02 12:00:00,LINE-01,102,3
8282,2025-04-02 12:15:00,LINE-02,140,3
8283,2025-04-02 12:30:00,LINE-03,94,2
8284,2025-04-02 12:45:00,LINE-04,91,1
8285,2025-04-02 13:00:00,LINE-01,81,2
8286,2025-04-02 13:15:00,LINE-02,137,2
8287,2025-04-02 13:30:00,LINE-03,128,4
8288,2025-04-02 13:45:00,LINE-04,93,2
8289,2025-04-02 14:00:00,LINE-01,118,2
8290,2025-04-02 14:15:00,LINE-02,119,3
8291,2025-04-02 14:30:00,LINE-03,101,3
8292,2025-04-02 14:45:00,LINE-04,115,3
8293,2025-04-02 15:00:00,LINE-01,86,2
8294,2025-04-02 15:15:00,LINE-02,120,3
8295,2025-04-02 15:30:00,LINE-03,110,3
8296,2025-04-02 15:45:00,LINE-04,82,2
8297,2025-04-02 16:00:00,LINE-01,103,2
8298,2025-04-02 16:15:00,LINE-02,132,3
8299,2025-04-02 16:30:00,LINE-03,134,4
8300,2025-04-02 16:45:00,LINE-04,110,1
8301,2025-04-02 17:00:00,LINE-01,81,2
8302,2025-04-02 17:15:00,LINE-02,119,2
8303,2025-04-02 17:30:00,LINE-03,87,2
8304,2025-04-02 17:45:00,LINE-04,86,2
8305,2025-04-02 18:00:00,LINE-01,113,3
8306,2025-04-02 18:15:00,LINE-02,87,1
8307,2025-04-02 18:30:00,LINE-03,85,2
8308,2025-04-02 18:45:00,LINE-04,116,3
8309,2025-04-02 19:00:00,LINE-01,88,2
8310,2025-04-02 19:15:00,LINE-02,109,2
8311,2025-04-02 19:30:00,LINE-03,120,4
8312,2025-04-02 19:45:00,LINE-04,120,2
8313,2025-04-02 20:00:00,LINE-01,131,2
8314,2025-04-02 20:15:00,LINE-02,119,2
8315,2025-04-02 20:30:00,LINE-03,106,2
8316,2025-04-02 20:45:00,LINE-04,109,1
8317,2025-04-02 21:00:00,LINE-01,110,3
8318,2025-04-02 21:15:00,LINE-02,87,2
8319,2025-04-02 21:30:00,LINE-03,82,2
8320,2025-04-02 21:45:00,LINE-04,80,2
8321,2025-04-02 22:00:00,LINE-01,136,2
8322,2025-04-02 22:15:00,LINE-02,87,2
8323,2025-04-02 22:30:00,LINE-03,98,3
8324,2025-04-02 22:45:00,LINE-04,111,2
8325,2025-04-02 23:00:00,LINE-01,138,3
8326,2025-04-02 23:15:00,LINE-02,118,3
8327,2025-04-02 23:30:00,LINE-03,124,4
8328,2025-04-02 23:45:00,LINE-04,91,2
8329,2025-04-03 00:00:00,LINE-01,115,2
8330,2025-04-03 00:15:00,LINE-02,103,2
8331,2025-04-03 00:30:00,LINE-03,138,3
8332,2025-04-03 00:45:00,LINE-04,122,2
8333,2025-04-03 01:00:00,LINE-01,108,2
8334,2025-04-03 01:15:00,LINE-02,123,3
8335,2025-04-03 01:30:00,LINE-03,102,3
8336,2025-04-03 01:45:00,LINE-04,138,3
8337,2025-04-03 02:00:00,LINE-01,133,2
8338,2025-04-03 02:15:00,LINE-02,114,3
8339,2025-04-03 02:30:00,LINE-03,140,3
8340,2025-04-03 02:45:00,LINE-04,108,2
8341,2025-04-03 03:00:00,LINE-01,126,2
8342,2025-04-03 03:15:00,LINE-02,118,2
8343,2025-04-03 03:30:00,LINE-03,109,2
8344,2025-04-03 03:45:00,LINE-04,132,2
8345,2025-04-03 04:00:00,LINE-01,104,2
8346,2025-04-03 04:15:00,LINE-02,136,3
8347,2025-04-03 04:30:00,LINE-03,119,3
8348,2025-04-03 04:45:00,LINE-04,80,2
8349,2025-04-03 05:00:00,LINE-01,136,3
8350,2025-04-03 05:15:00,LINE-02,116,2
8351,2025-04-03 05:30:00,LINE-03,120,4
8352,2025-04-03 05:45:00,LINE-04,129,2
8353,2025-04-03 06:00:00,LINE-01,108,1
8354,2025-04-03 06:15:00,LINE-02,111,3
8355,2025-04-03 06:30:00,LINE-03,135,4
8356,2025-04-03 06:45:00,LINE-04,134,2
8357,2025-04-03 07:00:00,LINE-01,125,3
8358,2025-04-03 07:15:00,LINE-02,136,3
8359,2025-04-03 07:30:00,LINE-03,119,4
8360,2025-04-03 07:45:00,LINE-04,133,4
8361,2025-04-03 08:00:00,LINE-01,109,3
8362,2025-04-03 08:15:00,LINE-02,123,4
8363,2025-04-03 08:30:00,LINE-03,118,4
8364,2025-04-03 08:45:00,LINE-04,133,3
8365,2025-04-03 09:00:00,LINE-01,90,2
8366,2025-04-03 09:15:00,LINE-02,134,2
8367,2025-04-03 09:30:00,LINE-03,112,4
8368,2025-04-03 09:45:00,LINE-04,80,2
8369,2025-04-03 10:00:00,LINE-01,89,2
8370,2025-04-03 10:15:00,LINE-02,101,2
8371,2025-04-03 10:30:00,LINE-03,124,4
8372,2025-04-03 10:45:00,LINE-04,128,3
8373,2025-04-03 11:00:00,LINE-01,106,2
8374,2025-04-03 11:15:00,LINE-02,82,1
8375,2025-04-03 11:30:00,LINE-03,83,2
8376,2025-04-03 11:45:00,LINE-04,127,3
8377,2025-04-03 12:00:00,LINE-01,114,2
8378,2025-04-03 12:15:00,LINE-02,113,3
8379,2025-04-03 12:30:00,LINE-03,106,3
8380,2025-04-03 12:45:00,LINE-04,108,3
8381,2025-04-03 13:00:00,LINE-01,131,2
8382,2025-04-03 13:15:00,LINE-02,132,4
8383,2025-04-03 13:30:00,LINE-03,114,3
8384,2025-04-03 13:45:00,LINE-04,80,1
8385,2025-04-03 14:00:00,LINE-01,111,2
8386,2025-04-03 14:15:00,LINE-02,80,2
8387,2025-04-03 14:30:00,LINE-03,108,3
8388,2025-04-03 14:45:00,LINE-04,105,2
8389,2025-04-03 15:00:00,LINE-01,140,4
8390,2025-04-03 15:15:00,LINE-02,129,3
8391,2025-04-03 15:30:00,LINE-03,136,3
8392,2025-04-03 15:45:00,LINE-04,121,2
8393,2025-04-03 16:00:00,LINE-01,96,2
8394,2025-04-03 16:15:00,LINE-02,101,3
8395,2025-04-03 16:30:00,LINE-03,124,3
8396,2025-04-03 16:45:00,LINE-04,120,3
8397,2025-04-03 17:00:00,LINE-01,132,4
8398,2025-04-03 17:15:00,LINE-02,130,2
8399,2025-04-03 17:30:00,LINE-03,139,3
8400,2025-04-03 17:45:00,LINE-04,98,1
8401,2025-04-03 18:00:00,LINE-01,98,2
8402,2025-04-03 18:15:00,LINE-02,125,2
8403,2025-04-03 18:30:00,LINE-03,82,2
8404,2025-04-03 18:45:00,LINE-04,139,3
8405,2025-04-03 19:00:00,LINE-01,110,3
8406,2025-04-03 19:15:00,LINE-02,126,2
8407,2025-04-03 19:30:00,LINE-03,128,3
8408,2025-04-03 19:45:00,LINE-04,109,2
8409,2025-04-03 20:00:00,LINE-01,111,1
8410,2025-04-03 20:15:00,LINE-02,130,2
8411,2025-04-03 20:30:00,LINE-03,96,3
8412,2025-04-03 20:45:00,LINE-04,95,2
8413,2025-04-03 21:00:00,LINE-01,117,3
8414,2025-04-03 21:15:00,LINE-02,115,3
8415,2025-04-03 21:30:00,LINE-03,109,3
8416,2025-04-03 21:45:00,LINE-04,124,3
8417,2025-04-03 22:00:00,LINE-01,113,3
8418,2025-04-03 22:15:00,LINE-02,94,3
8419,2025-04-03 22:30:00,LINE-03,128,3
8420,2025-04-03 22:45:00,LINE-04,81,1
8421,2025-04-03 23:00:00,LINE-01,134,3
8422,2025-04-03 23:15:00,LINE-02,133,3
8423,2025-04-03 23:30:00,LINE-03,122,3
8424,2025-04-03 23:45:00,LINE-04,102,2
8425,2025-04-04 00:00:00,LINE-01,137,2
8426,2025-04-04 00:15:00,LINE-02,84,1
8427,2025-04-04 00:30:00,LINE-03,84,3
8428,2025-04-04 00:45:00,LINE-04,118,2
8429,2025-04-04 01:00:00,LINE-01,136,2
8430,2025-04-04 01:15:00,LINE-02,107,3
8431,2025-04-04 01:30:00,LINE-03,116,3
8432,2025-04-04 01:45:00,LINE-04,80,2
8433,2025-04-04 02:00:00,LINE-01,136,3
8434,2025-04-04 02:15:00,LINE-02,91,2
8435,2025-04-04 02:30:00,LINE-03,114,3
8436,2025-04-04 02:45:00,LINE-04,124,2
8437,2025-04-04 03:00:00,LINE-01,122,2
8438,2025-04-04 03:15:00,LINE-02,137,3
8439,2025-04-04 03:30:00,LINE-03,85,2
8440,2025-04-04 03:45:00,LINE-04,114,2
8441,2025-04-04 04:00:00,LINE-01,115,3
8442,2025-04-04 04:15:00,LINE-02,136,4
8443,2025-04-04 04:30:00,LINE-03,96,2
8444,2025-04-04 04:45:00,LINE-04,95,2
8445,2025-04-04 05:00:00,LINE-01,100,1
8446,2025-04-04 05:15:00,LINE-02,124,2
8447,2025-04-04 05:30:00,LINE-03,140,4
8448,2025-04-04 05:45:00,LINE-04,106,3
8449,2025-04-04 06:00:00,LINE-01,84,2
8450,2025-04-04 06:15:00,LINE-02,95,2
8451,2025-04-04 06:30:00,LINE-03,110,4
8452,2025-04-04 06:45:00,LINE-04,106,1
8453,2025-04-04 07:00:00,LINE-01,130,3
8454,2025-04-04 07:15:00,LINE-02,90,1
8455,2025-04-04 07:30:00,LINE-03,136,4
8456,2025-04-04 07:45:00,LINE-04,91,2
8457,2025-04-04 08:00:00,LINE-01,117,2
8458,2025-04-04 08:15:00,LINE-02,108,2
8459,2025-04-04 08:30:00,LINE-03,92,2
8460,2025-04-04 08:45:00,LINE-04,128,2
8461,2025-04-04 09:00:00,LINE-01,111,2
8462,2025-04-04 09:15:00,LINE-02,114,2
8463,2025-04-04 09:30:00,LINE-03,125,4
8464,2025-04-04 09:45:00,LINE-04,102,2
8465,2025-04-04 10:00:00,LINE-01,96,3
8466,2025-04-04 10:15:00,LINE-02,81,2
8467,2025-04-04 10:30:00,LINE-03,132,3
8468,2025-04-04 10:45:00,LINE-04,119,2
8469,2025-04-04 11:00:00,LINE-01,95,2
8470,2025-04-04 11:15:00,LINE-02,111,3
8471,2025-04-04 11:30:00,LINE-03,81,2
8472,2025-04-04 11:45:00,LINE-04,80,2
8473,2025-04-04 12:00:00,LINE-01,105,2
8474,2025-04-04 12:15:00,LINE-02,117,3
8475,2025-04-04 12:30:00,LINE-03,115,4
8476,2025-04-04 12:45:00,LINE-04,100,1
8477,2025-04-04 13:00:00,LINE-01,83,2
8478,2025-04-04 13:15:00,LINE-02,80,2
8479,2025-04-04 13:30:00,LINE-03,108,3
8480,2025-04-04 13:45:00,LINE-04,97,2
8481,2025-04-04 14:00:00,LINE-01,83,2
8482,2025-04-04 14:15:00,LINE-02,92,2
8483,2025-04-04 14:30:00,LINE-03,88,3
8484,2025-04-04 14:45:00,LINE-04,89,2
8485,2025-04-04 15:00:00,LINE-01,139,2
8486,2025-04-04 15:15:00,LINE-02,132,2
8487,2025-04-04 15:30:00,LINE-03,118,4
8488,2025-04-04 15:45:00,LINE-04,108,3
8489,2025-04-04 16:00:00,LINE-01,110,2
8490,2025-04-04 16:15:00,LINE-02,123,3
8491,2025-04-04 16:30:00,LINE-03,96,4
8492,2025-04-04 16:45:00,LINE-04,109,3
8493,2025-04-04 17:00:00,LINE-01,129,3
8494,2025-04-04 17:15:00,LINE-02,140,4
8495,2025-04-04 17:30:00,LINE-03,91,3
8496,2025-04-04 17:45:00,LINE-04,98,2
8497,2025-04-04 18:00:00,LINE-01,83,1
8498,2025-04-04 18:15:00,LINE-02,129,4
8499,2025-04-04 18:30:00,LINE-03,106,2
8500,2025-04-04 18:45:00,LINE-04,112,2
8501,2025-04-04 19:00:00,LINE-01,125,3
8502,2025-04-04 19:15:00,LINE-02,137,4
8503,2025-04-04 19:30:00,LINE-03,121,3
8504,2025-04-04 19:45:00,LINE-04,115,3
8505,2025-04-04 20:00:00,LINE-01,95,2
8506,2025-04-04 20:15:00,LINE-02,132,2
8507,2025-04-04 20:30:00,LINE-03,135,4
8508,2025-04-04 20:45:00,LINE-04,118,2
8509,2025-04-04 21:00:00,LINE-01,129,2
8510,2025-04-04 21:15:00,LINE-02,128,4
8511,2025-04-04 21:30:00,LINE-03,112,4
8512,2025-04-04 21:45:00,LINE-04,80,2
8513,2025-04-04 22:00:00,LINE-01,109,3
8514,2025-04-04 22:15:00,LINE-02,117,2
8515,2025-04-04 22:30:00,LINE-03,108,3
8516,2025-04-04 22:45:00,LINE-04,124,2
8517,2025-04-04 23:00:00,LINE-01,112,1
8518,2025-04-04 23:15:00,LINE-02,83,2
8519,2025-04-04 23:30:00,LINE-03,135,5
8520,2025-04-04 23:45:00,LINE-04,129,2
8521,2025-04-05 00:00:00,LINE-01,127,2
8522,2025-04-05 00:15:00,LINE-02,96,2
8523,2025-04-05 00:30:00,LINE-03,107,3
8524,2025-04-05 00:45:00,LINE-04,85,1
8525,2025-04-05 01:00:00,LINE-01,139,2
8526,2025-04-05 01:15:00,LINE-02,131,3
8527,2025-04-05 01:30:00,LINE-03,126,3
8528,2025-04-05 01:45:00,LINE-04,127,3
8529,2025-04-05 02:00:00,LINE-01,95,2
8530,2025-04-05 02:15:00,LINE-02,97,2
8531,2025-04-05 02:30:00,LINE-03,133,3
8532,2025-04-05 02:45:00,LINE-04,87,2
8533,2025-04-05 03:00:00,LINE-01,128,3
8534,2025-04-05 03:15:00,LINE-02,101,2
8535,2025-04-05 03:30:00,LINE-03,93,2
8536,2025-04-05 03:45:00,LINE-04,108,2
8537,2025-04-05 04:00:00,LINE-01,95,1
8538,2025-04-05 04:15:00,LINE-02,134,2
8539,2025-04-05 04:30:00,LINE-03,133,4
8540,2025-04-05 04:45:00,LINE-04,97,2
8541,2025-04-05 05:00:00,LINE-01,117,3
8542,2025-04-05 05:15:00,LINE-02,136,3
8543,2025-04-05 05:30:00,LINE-03,97,2
8544,2025-04-05 05:45:00,LINE-04,99,2
8545,2025-04-05 06:00:00,LINE-01,95,1
8546,2025-04-05 06:15:00,LINE-02,81,2
8547,2025-04-05 06:30:00,LINE-03,132,5
8548,2025-04-05 06:45:00,LINE-04,120,4
8549,2025-04-05 07:00:00,LINE-01,83,2
8550,2025-04-05 07:15:00,LINE-02,113,3
8551,2025-04-05 07:30:00,LINE-03,89,2
8552,2025-04-05 07:45:00,LINE-04,97,2
8553,2025-04-05 08:00:00,LINE-01,112,2
8554,2025-04-05 08:15:00,LINE-02,81,2
8555,2025-04-05 08:30:00,LINE-03,98,2
8556,2025-04-05 08:45:00,LINE-04,118,2
8557,2025-04-05 09:00:00,LINE-01,133,3
8558,2025-04-05 09:15:00,LINE-02,107,1
8559,2025-04-05 09:30:00,LINE-03,82,2
8560,2025-04-05 09:45:00,LINE-04,100,3
8561,2025-04-05 10:00:00,LINE-01,100,2
8562,2025-04-05 10:15:00,LINE-02,113,2
8563,2025-04-05 10:30:00,LINE-03,92,2
8564,2025-04-05 10:45:00,LINE-04,82,1
8565,2025-04-05 11:00:00,LINE-01,119,3
8566,2025-04-05 11:15:00,LINE-02,104,3
8567,2025-04-05 11:30:00,LINE-03,134,4
8568,2025-04-05 11:45:00,LINE-04,105,2
8569,2025-04-05 12:00:00,LINE-01,139,2
8570,2025-04-05 12:15:00,LINE-02,112,2
8571,2025-04-05 12:30:00,LINE-03,111,3
8572,2025-04-05 12:45:00,LINE-04,80,1
8573,2025-04-05 13:00:00,LINE-01,98,2
8574,2025-04-05 13:15:00,LINE-02,91,2
8575,2025-04-05 13:30:00,LINE-03,118,4
8576,2025-04-05 13:45:00,LINE-04,97,1
8577,2025-04-05 14:00:00,LINE-01,104,3
8578,2025-04-05 14:15:00,LINE-02,113,1
8579,2025-04-05 14:30:00,LINE-03,94,3
8580,2025-04-05 14:45:00,LINE-04,129,3
8581,2025-04-05 15:00:00,LINE-01,103,2
8582,2025-04-05 15:15:00,LINE-02,102,1
8583,2025-04-05 15:30:00,LINE-03,110,2
8584,2025-04-05 15:45:00,LINE-04,82,1
8585,2025-04-05 16:00:00,LINE-01,115,2
8586,2025-04-05 16:15:00,LINE-02,140,2
8587,2025-04-05 16:30:00,LINE-03,135,4
8588,2025-04-05 16:45:00,LINE-04,136,3
8589,2025-04-05 17:00:00,LINE-01,109,2
8590,2025-04-05 17:15:00,LINE-02,117,3
8591,2025-04-05 17:30:00,LINE-03,91,2
8592,2025-04-05 17:45:00,LINE-04,125,3
8593,2025-04-05 18:00:00,LINE-01,100,3
8594,2025-04-05 18:15:00,LINE-02,118,2
8595,2025-04-05 18:30:00,LINE-03,130,3
8596,2025-04-05 18:45:00,LINE-04,91,3
8597,2025-04-05 19:00:00,LINE-01,86,2
8598,2025-04-05 19:15:00,LINE-02,124,3
8599,2025-04-05 19:30:00,LINE-03,120,3
8600,2025-04-05 19:45:00,LINE-04,123,4
8601,2025-04-05 20:00:00,LINE-01,93,2
8602,2025-04-05 20:15:00,LINE-02,92,2
8603,2025-04-05 20:30:00,LINE-03,131,4
8604,2025-04-05 20:45:00,LINE-04,92,2
8605,2025-04-05 21:00:00,LINE-01,99,2
8606,2025-04-05 21:15:00,LINE-02,131,3
8607,2025-04-05 21:30:00,LINE-03,132,4
8608,2025-04-05 21:45:00,LINE-04,133,3
8609,2025-04-05 22:00:00,LINE-01,84,2
8610,2025-04-05 22:15:00,LINE-02,137,4
8611,2025-04-05 22:30:00,LINE-03,119,3
8612,2025-04-05 22:45:00,LINE-04,136,2
8613,2025-04-05 23:00:00,LINE-01,105,2
8614,2025-04-05 23:15:00,LINE-02,105,2
8615,2025-04-05 23:30:00,LINE-03,129,4
8616,2025-04-05 23:45:00,LINE-04,101,2
8617,2025-04-06 00:00:00,LINE-01,105,2
8618,2025-04-06 00:15:00,LINE-02,91,2
8619,2025-04-06 00:30:00,LINE-03,140,5
8620,2025-04-06 00:45:00,LINE-04,110,2
8621,2025-04-06 01:00:00,LINE-01,96,2
8622,2025-04-06 01:15:00,LINE-02,88,2
8623,2025-04-06 01:30:00,LINE-03,85,3
8624,2025-04-06 01:45:00,LINE-04,119,3
8625,2025-04-06 02:00:00,LINE-01,107,2
8626,2025-04-06 02:15:00,LINE-02,124,2
8627,2025-04-06 02:30:00,LINE-03,133,5
8628,2025-04-06 02:45:00,LINE-04,92,2
8629,2025-04-06 03:00:00,LINE-01,139,3
8630,2025-04-06 03:15:00,LINE-02,122,4
8631,2025-04-06 03:30:00,LINE-03,123,3
8632,2025-04-06 03:45:00,LINE-04,131,4
8633,2025-04-06 04:00:00,LINE-01,105,2
8634,2025-04-06 04:15:00,LINE-02,94,2
8635,2025-04-06 04:30:00,LINE-03,140,3
8636,2025-04-06 04:45:00,LINE-04,93,2
8637,2025-04-06 05:00:00,LINE-01,96,2
8638,2025-04-06 05:15:00,LINE-02,125,3
8639,2025-04-06 05:30:00,LINE-03,122,3
8640,2025-04-06 05:45:00,LINE-04,86,1
8641,2025-04-06 06:00:00,LINE-01,83,1
8642,2025-04-06 06:15:00,LINE-02,118,3
8643,2025-04-06 06:30:00,LINE-03,131,4
8644,2025-04-06 06:45:00,LINE-04,89,1
8645,2025-04-06 07:00:00,LINE-01,130,2
8646,2025-04-06 07:15:00,LINE-02,132,4
8647,2025-04-06 07:30:00,LINE-03,124,3
8648,2025-04-06 07:45:00,LINE-04,119,2
8649,2025-04-06 08:00:00,LINE-01,140,4
8650,2025-04-06 08:15:00,LINE-02,80,1
8651,2025-04-06 08:30:00,LINE-03,131,4
8652,2025-04-06 08:45:00,LINE-04,136,2
8653,2025-04-06 09:00:00,LINE-01,102,2
8654,2025-04-06 09:15:00,LINE-02,116,3
8655,2025-04-06 09:30:00,LINE-03,111,4
8656,2025-04-06 09:45:00,LINE-04,134,4
8657,2025-04-06 10:00:00,LINE-01,140,4
8658,2025-04-06 10:15:00,LINE-02,118,2
8659,2025-04-06 10:30:00,LINE-03,113,4
8660,2025-04-06 10:45:00,LINE-04,90,2
8661,2025-04-06 11:00:00,LINE-01,138,3
8662,2025-04-06 11:15:00,LINE-02,91,2
8663,2025-04-06 11:30:00,LINE-03,83,3
8664,2025-04-06 11:45:00,LINE-04,112,2
8665,2025-04-06 12:00:00,LINE-01,113,3
8666,2025-04-06 12:15:00,LINE-02,99,2
8667,2025-04-06 12:30:00,LINE-03,82,2
8668,2025-04-06 12:45:00,LINE-04,101,2
8669,2025-04-06 13:00:00,LINE-01,137,2
8670,2025-04-06 13:15:00,LINE-02,104,2
8671,2025-04-06 13:30:00,LINE-03,106,3
8672,2025-04-06 13:45:00,LINE-04,110,2
8673,2025-04-06 14:00:00,LINE-01,88,2
8674,2025-04-06 14:15:00,LINE-02,135,2
8675,2025-04-06 14:30:00,LINE-03,136,4
8676,2025-04-06 14:45:00,LINE-04,112,2
8677,2025-04-06 15:00:00,LINE-01,139,4
8678,2025-04-06 15:15:00,LINE-02,87,1
8679,2025-04-06 15:30:00,LINE-03,110,3
8680,2025-04-06 15:45:00,LINE-04,139,2
8681,2025-04-06 16:00:00,LINE-01,105,3
8682,2025-04-06 16:15:00,LINE-02,113,3
8683,2025-04-06 16:30:00,LINE-03,131,4
8684,2025-04-06 16:45:00,LINE-04,106,3
8685,2025-04-06 17:00:00,LINE-01,90,2
8686,2025-04-06 17:15:00,LINE-02,106,2
8687,2025-04-06 17:30:00,LINE-03,90,3
8688,2025-04-06 17:45:00,LINE-04,80,2
8689,2025-04-06 18:00:00,LINE-01,87,2
8690,2025-04-06 18:15:00,LINE-02,126,3
8691,2025-04-06 18:30:00,LINE-03,123,4
8692,2025-04-06 18:45:00,LINE-04,106,2
8693,2025-04-06 19:00:00,LINE-01,123,3
8694,2025-04-06 19:15:00,LINE-02,89,1
8695,2025-04-06 19:30:00,LINE-03,132,4
8696,2025-04-06 19:45:00,LINE-04,122,2
8697,2025-04-06 20:00:00,LINE-01,126,3
8698,2025-04-06 20:15:00,LINE-02,133,3
8699,2025-04-06 20:30:00,LINE-03,128,5
8700,2025-04-06 20:45:00,LINE-04,138,3
8701,2025-04-06 21:00:00,LINE-01,132,2
8702,2025-04-06 21:15:00,LINE-02,97,3
8703,2025-04-06 21:30:00,LINE-03,91,2
8704,2025-04-06 21:45:00,LINE-04,132,2
8705,2025-04-06 22:00:00,LINE-01,111,2
8706,2025-04-06 22:15:00,LINE-02,100,3
8707,2025-04-06 22:30:00,LINE-03,119,4
8708,2025-04-06 22:45:00,LINE-04,124,2
8709,2025-04-06 23:00:00,LINE-01,88,1
8710,2025-04-06 23:15:00,LINE-02,105,3
8711,2025-04-06 23:30:00,LINE-03,118,3
8712,2025-04-06 23:45:00,LINE-04,88,2
8713,2025-04-07 00:00:00,LINE-01,90,1
8714,2025-04-07 00:15:00,LINE-02,98,3
8715,2025-04-07 00:30:00,LINE-03,117,2
8716,2025-04-07 00:45:00,LINE-04,100,1
8717,2025-04-07 01:00:00,LINE-01,121,3
8718,2025-04-07 01:15:00,LINE-02,125,3
8719,2025-04-07 01:30:00,LINE-03,119,3
8720,2025-04-07 01:45:00,LINE-04,129,3
8721,2025-04-07 02:00:00,LINE-01,116,2
8722,2025-04-07 02:15:00,LINE-02,122,3
8723,2025-04-07 02:30:00,LINE-03,133,3
8724,2025-04-07 02:45:00,LINE-04,94,2
8725,2025-04-07 03:00:00,LINE-01,138,3
8726,2025-04-07 03:15:00,LINE-02,93,2
8727,2025-04-07 03:30:00,LINE-03,131,4
8728,2025-04-07 03:45:00,LINE-04,81,2
8729,2025-04-07 04:00:00,LINE-01,133,2
8730,2025-04-07 04:15:00,LINE-02,110,1
8731,2025-04-07 04:30:00,LINE-03,120,2
8732,2025-04-07 04:45:00,LINE-04,119,2
8733,2025-04-07 05:00:00,LINE-01,94,2
8734,2025-04-07 05:15:00,LINE-02,84,2
8735,2025-04-07 05:30:00,LINE-03,97,3
8736,2025-04-07 05:45:00,LINE-04,135,4
8737,2025-04-07 06:00:00,LINE-01,107,1
8738,2025-04-07 06:15:00,LINE-02,114,2
8739,2025-04-07 06:30:00,LINE-03,115,3
8740,2025-04-07 06:45:00,LINE-04,116,2
8741,2025-04-07 07:00:00,LINE-01,82,1
8742,2025-04-07 07:15:00,LINE-02,121,1
8743,2025-04-07 07:30:00,LINE-03,114,3
8744,2025-04-07 07:45:00,LINE-04,131,2
8745,2025-04-07 08:00:00,LINE-01,88,2
8746,2025-04-07 08:15:00,LINE-02,97,2
8747,2025-04-07 08:30:00,LINE-03,81,3
8748,2025-04-07 08:45:00,LINE-04,82,2
8749,2025-04-07 09:00:00,LINE-01,81,2
8750,2025-04-07 09:15:00,LINE-02,83,1
8751,2025-04-07 09:30:00,LINE-03,115,4
8752,2025-04-07 09:45:00,LINE-04,88,2
8753,2025-04-07 10:00:00,LINE-01,112,3
8754,2025-04-07 10:15:00,LINE-02,99,2
8755,2025-04-07 10:30:00,LINE-03,126,3
8756,2025-04-07 10:45:00,LINE-04,129,3
8757,2025-04-07 11:00:00,LINE-01,130,4
8758,2025-04-07 11:15:00,LINE-02,91,2
8759,2025-04-07 11:30:00,LINE-03,86,3
8760,2025-04-07 11:45:00,LINE-04,81,2
8761,2025-04-07 12:00:00,LINE-01,105,2
8762,2025-04-07 12:15:00,LINE-02,122,2
8763,2025-04-07 12:30:00,LINE-03,134,4
8764,2025-04-07 12:45:00,LINE-04,94,2
8765,2025-04-07 13:00:00,LINE-01,106,2
8766,2025-04-07 13:15:00,LINE-02,85,2
8767,2025-04-07 13:30:00,LINE-03,89,3
8768,2025-04-07 13:45:00,LINE-04,101,3
8769,2025-04-07 14:00:00,LINE-01,123,2
8770,2025-04-07 14:15:00,LINE-02,127,3
8771,2025-04-07 14:30:00,LINE-03,103,3
8772,2025-04-07 14:45:00,LINE-04,116,2
8773,2025-04-07 15:00:00,LINE-01,82,2
8774,2025-04-07 15:15:00,LINE-02,127,2
8775,2025-04-07 15:30:00,LINE-03,127,3
8776,2025-04-07 15:45:00,LINE-04,80,2
8777,2025-04-07 16:00:00,LINE-01,124,3
8778,2025-04-07 16:15:00,LINE-02,136,3
8779,2025-04-07 16:30:00,LINE-03,119,3
8780,2025-04-07 16:45:00,LINE-04,81,1
8781,2025-04-07 17:00:00,LINE-01,114,3
8782,2025-04-07 17:15:00,LINE-02,130,2
8783,2025-04-07 17:30:00,LINE-03,93,2
8784,2025-04-07 17:45:00,LINE-04,85,1
8785,2025-04-07 18:00:00,LINE-01,85,2
8786,2025-04-07 18:15:00,LINE-02,95,2
8787,2025-04-07 18:30:00,LINE-03,128,3
8788,2025-04-07 18:45:00,LINE-04,135,3
8789,2025-04-07 19:00:00,LINE-01,131,3
8790,2025-04-07 19:15:00,LINE-02,92,2
8791,2025-04-07 19:30:00,LINE-03,119,4
8792,2025-04-07 19:45:00,LINE-04,131,4
8793,2025-04-07 20:00:00,LINE-01,133,4
8794,2025-04-07 20:15:00,LINE-02,87,1
8795,2025-04-07 20:30:00,LINE-03,90,3
8796,2025-04-07 20:45:00,LINE-04,117,3
8797,2025-04-07 21:00:00,LINE-01,114,2
8798,2025-04-07 21:15:00,LINE-02,102,2
8799,2025-04-07 21:30:00,LINE-03,127,4
8800,2025-04-07 21:45:00,LINE-04,118,2
8801,2025-04-07 22:00:00,LINE-01,124,3
8802,2025-04-07 22:15:00,LINE-02,115,3
8803,2025-04-07 22:30:00,LINE-03,93,2
8804,2025-04-07 22:45:00,LINE-04,80,1
8805,2025-04-07 23:00:00,LINE-01,97,2
8806,2025-04-07 23:15:00,LINE-02,80,2
8807,2025-04-07 23:30:00,LINE-03,134,3
8808,2025-04-07 23:45:00,LINE-04,81,1
8809,2025-04-08 00:00:00,LINE-01,131,2
8810,2025-04-08 00:15:00,LINE-02,91,2
8811,2025-04-08 00:30:00,LINE-03,82,2
8812,2025-04-08 00:45:00,LINE-04,101,3
8813,2025-04-08 01:00:00,LINE-01,96,2
8814,2025-04-08 01:15:00,LINE-02,139,4
8815,2025-04-08 01:30:00,LINE-03,127,3
8816,2025-04-08 01:45:00,LINE-04,108,3
8817,2025-04-08 02:00:00,LINE-01,111,3
8818,2025-04-08 02:15:00,LINE-02,107,1
8819,2025-04-08 02:30:00,LINE-03,84,3
8820,2025-04-08 02:45:00,LINE-04,138,4
8821,2025-04-08 03:00:00,LINE-01,138,3
8822,2025-04-08 03:15:00,LINE-02,139,4
8823,2025-04-08 03:30:00,LINE-03,101,3
8824,2025-04-08 03:45:00,LINE-04,101,2
8825,2025-04-08 04:00:00,LINE-01,132,4
8826,2025-04-08 04:15:00,LINE-02,131,3
8827,2025-04-08 04:30:00,LINE-03,105,4
8828,2025-04-08 04:45:00,LINE-04,102,1
8829,2025-04-08 05:00:00,LINE-01,107,3
8830,2025-04-08 05:15:00,LINE-02,108,2
8831,2025-04-08 05:30:00,LINE-03,140,5
8832,2025-04-08 05:45:00,LINE-04,128,4
8833,2025-04-08 06:00:00,LINE-01,110,3
8834,2025-04-08 06:15:00,LINE-02,108,1
8835,2025-04-08 06:30:00,LINE-03,105,4
8836,2025-04-08 06:45:00,LINE-04,106,3
8837,2025-04-08 07:00:00,LINE-01,109,1
8838,2025-04-08 07:15:00,LINE-02,80,2
8839,2025-04-08 07:30:00,LINE-03,122,3
8840,2025-04-08 07:45:00,LINE-04,92,2
8841,2025-04-08 08:00:00,LINE-01,85,1
8842,2025-04-08 08:15:00,LINE-02,138,3
8843,2025-04-08 08:30:00,LINE-03,100,3
8844,2025-04-08 08:45:00,LINE-04,101,3
8845,2025-04-08 09:00:00,LINE-01,83,1
8846,2025-04-08 09:15:00,LINE-02,98,2
8847,2025-04-08 09:30:00,LINE-03,99,3
8848,2025-04-08 09:45:00,LINE-04,102,1
8849,2025-04-08 10:00:00,LINE-01,131,3
8850,2025-04-08 10:15:00,LINE-02,106,2
8851,2025-04-08 10:30:00,LINE-03,136,5
8852,2025-04-08 10:45:00,LINE-04,135,4
8853,2025-04-08 11:00:00,LINE-01,135,2
8854,2025-04-08 11:15:00,LINE-02,83,1
8855,2025-04-08 11:30:00,LINE-03,98,3
8856,2025-04-08 11:45:00,LINE-04,120,2
8857,2025-04-08 12:00:00,LINE-01,116,2
8858,2025-04-08 12:15:00,LINE-02,123,2
8859,2025-04-08 12:30:00,LINE-03,137,5
8860,2025-04-08 12:45:00,LINE-04,126,2
8861,2025-04-08 13:00:00,LINE-01,123,2
8862,2025-04-08 13:15:00,LINE-02,105,3
8863,2025-04-08 13:30:00,LINE-03,107,4
8864,2025-04-08 13:45:00,LINE-04,119,4
8865,2025-04-08 14:00:00,LINE-01,83,2
8866,2025-04-08 14:15:00,LINE-02,123,2
8867,2025-04-08 14:30:00,LINE-03,91,3
8868,2025-04-08 14:45:00,LINE-04,103,2
8869,2025-04-08 15:00:00,LINE-01,124,2
8870,2025-04-08 15:15:00,LINE-02,125,2
8871,2025-04-08 15:30:00,LINE-03,114,3
8872,2025-04-08 15:45:00,LINE-04,101,2
8873,2025-04-08 16:00:00,LINE-01,108,2
8874,2025-04-08 16:15:00,LINE-02,121,3
8875,2025-04-08 16:30:00,LINE-03,117,3
8876,2025-04-08 16:45:00,LINE-04,82,2
8877,2025-04-08 17:00:00,LINE-01,92,2
8878,2025-04-08 17:15:00,LINE-02,124,2
8879,2025-04-08 17:30:00,LINE-03,115,3
8880,2025-04-08 17:45:00,LINE-04,119,3
8881,2025-04-08 18:00:00,LINE-01,120,3
8882,2025-04-08 18:15:00,LINE-02,131,2
8883,2025-04-08 18:30:00,LINE-03,106,2
8884,2025-04-08 18:45:00,LINE-04,109,3
8885,2025-04-08 19:00:00,LINE-01,82,2
8886,2025-04-08 19:15:00,LINE-02,87,3
8887,2025-04-08 19:30:00,LINE-03,88,2
8888,2025-04-08 19:45:00,LINE-04,134,4
8889,2025-04-08 20:00:00,LINE-01,100,3
8890,2025-04-08 20:15:00,LINE-02,86,2
8891,2025-04-08 20:30:00,LINE-03,115,4
8892,2025-04-08 20:45:00,LINE-04,110,2
8893,2025-04-08 21:00:00,LINE-01,99,1
8894,2025-04-08 21:15:00,LINE-02,140,3
8895,2025-04-08 21:30:00,LINE-03,112,3
8896,2025-04-08 21:45:00,LINE-04,88,3
8897,2025-04-08 22:00:00,LINE-01,93,1
8898,2025-04-08 22:15:00,LINE-02,136,2
8899,2025-04-08 22:30:00,LINE-03,116,4
8900,2025-04-08 22:45:00,LINE-04,101,1
8901,2025-04-08 23:00:00,LINE-01,117,2
8902,2025-04-08 23:15:00,LINE-02,93,2
8903,2025-04-08 23:30:00,LINE-03,89,3
8904,2025-04-08 23:45:00,LINE-04,112,2
8905,2025-04-09 00:00:00,LINE-01,100,2
8906,2025-04-09 00:15:00,LINE-02,112,3
8907,2025-04-09 00:30:00,LINE-03,91,3
8908,2025-04-09 00:45:00,LINE-04,88,2
8909,2025-04-09 01:00:00,LINE-01,114,1
8910,2025-04-09 01:15:00,LINE-02,95,3
8911,2025-04-09 01:30:00,LINE-03,108,2
8912,2025-04-09 01:45:00,LINE-04,121,2
8913,2025-04-09 02:00:00,LINE-01,121,3
8914,2025-04-09 02:15:00,LINE-02,124,2
8915,2025-04-09 02:30:00,LINE-03,125,4
8916,2025-04-09 02:45:00,LINE-04,86,2
8917,2025-04-09 03:00:00,LINE-01,118,2
8918,2025-04-09 03:15:00,LINE-02,124,3
8919,2025-04-09 03:30:00,LINE-03,115,4
8920,2025-04-09 03:45:00,LINE-04,119,3
8921,2025-04-09 04:00:00,LINE-01,120,4
8922,2025-04-09 04:15:00,LINE-02,98,2
8923,2025-04-09 04:30:00,LINE-03,135,4
8924,2025-04-09 04:45:00,LINE-04,135,4
8925,2025-04-09 05:00:00,LINE-01,92,2
8926,2025-04-09 05:15:00,LINE-02,135,3
8927,2025-04-09 05:30:00,LINE-03,83,3
8928,2025-04-09 05:45:00,LINE-04,116,3
8929,2025-04-09 06:00:00,LINE-01,114,3
8930,2025-04-09 06:15:00,LINE-02,136,2
8931,2025-04-09 06:30:00,LINE-03,139,4
8932,2025-04-09 06:45:00,LINE-04,96,3
8933,2025-04-09 07:00:00,LINE-01,106,3
8934,2025-04-09 07:15:00,LINE-02,98,2
8935,2025-04-09 07:30:00,LINE-03,118,3
8936,2025-04-09 07:45:00,LINE-04,119,3
8937,2025-04-09 08:00:00,LINE-01,88,1
8938,2025-04-09 08:15:00,LINE-02,85,1
8939,2025-04-09 08:30:00,LINE-03,80,2
8940,2025-04-09 08:45:00,LINE-04,80,1
8941,2025-04-09 09:00:00,LINE-01,127,2
8942,2025-04-09 09:15:00,LINE-02,134,2
8943,2025-04-09 09:30:00,LINE-03,133,4
8944,2025-04-09 09:45:00,LINE-04,106,1
8945,2025-04-09 10:00:00,LINE-01,114,3
8946,2025-04-09 10:15:00,LINE-02,102,3
8947,2025-04-09 10:30:00,LINE-03,113,3
8948,2025-04-09 10:45:00,LINE-04,134,4
8949,2025-04-09 11:00:00,LINE-01,110,3
8950,2025-04-09 11:15:00,LINE-02,121,3
8951,2025-04-09 11:30:00,LINE-03,82,2
8952,2025-04-09 11:45:00,LINE-04,125,2
8953,2025-04-09 12:00:00,LINE-01,117,2
8954,2025-04-09 12:15:00,LINE-02,101,3
8955,2025-04-09 12:30:00,LINE-03,89,3
8956,2025-04-09 12:45:00,LINE-04,118,2
8957,2025-04-09 13:00:00,LINE-01,124,3
8958,2025-04-09 13:15:00,LINE-02,129,2
8959,2025-04-09 13:30:00,LINE-03,112,4
8960,2025-04-09 13:45:00,LINE-04,91,1
8961,2025-04-09 14:00:00,LINE-01,86,3
8962,2025-04-09 14:15:00,LINE-02,132,2
8963,2025-04-09 14:30:00,LINE-03,80,2
8964,2025-04-09 14:45:00,LINE-04,116,2
8965,2025-04-09 15:00:00,LINE-01,115,1
8966,2025-04-09 15:15:00,LINE-02,125,4
8967,2025-04-09 15:30:00,LINE-03,83,2
8968,2025-04-09 15:45:00,LINE-04,134,4
8969,2025-04-09 16:00:00,LINE-01,113,2
8970,2025-04-09 16:15:00,LINE-02,104,1
8971,2025-04-09 16:30:00,LINE-03,85,2
8972,2025-04-09 16:45:00,LINE-04,135,3
8973,2025-04-09 17:00:00,LINE-01,118,3
8974,2025-04-09 17:15:00,LINE-02,110,3
8975,2025-04-09 17:30:00,LINE-03,119,4
8976,2025-04-09 17:45:00,LINE-04,127,3
8977,2025-04-09 18:00:00,LINE-01,94,2
8978,2025-04-09 18:15:00,LINE-02,83,1
8979,2025-04-09 18:30:00,LINE-03,94,3
8980,2025-04-09 18:45:00,LINE-04,137,3
8981,2025-04-09 19:00:00,LINE-01,95,2
8982,2025-04-09 19:15:00,LINE-02,123,2
8983,2025-04-09 19:30:00,LINE-03,111,4
8984,2025-04-09 19:45:00,LINE-04,102,1
8985,2025-04-09 20:00:00,LINE-01,95,2
8986,2025-04-09 20:15:00,LINE-02,105,2
8987,2025-04-09 20:30:00,LINE-03,127,3
8988,2025-04-09 20:45:00,LINE-04,124,3
8989,2025-04-09 21:00:00,LINE-01,83,1
8990,2025-04-09 21:15:00,LINE-02,123,2
8991,2025-04-09 21:30:00,LINE-03,93,3
8992,2025-04-09 21:45:00,LINE-04,88,3
8993,2025-04-09 22:00:00,LINE-01,121,2
8994,2025-04-09 22:15:00,LINE-02,139,4
8995,2025-04-09 22:30:00,LINE-03,87,2
8996,2025-04-09 22:45:00,LINE-04,92,2
8997,2025-04-09 23:00:00,LINE-01,136,2
8998,2025-04-09 23:15:00,LINE-02,118,2
8999,2025-04-09 23:30:00,LINE-03,111,4
9000,2025-04-09 23:45:00,LINE-04,122,3
9001,2025-04-10 00:00:00,LINE-01,94,2
9002,2025-04-10 00:15:00,LINE-02,134,3
9003,2025-04-10 00:30:00,LINE-03,92,3
9004,2025-04-10 00:45:00,LINE-04,101,2
9005,2025-04-10 01:00:00,LINE-01,130,4
9006,2025-04-10 01:15:00,LINE-02,107,2
9007,2025-04-10 01:30:00,LINE-03,119,3
9008,2025-04-10 01:45:00,LINE-04,139,2
9009,2025-04-10 02:00:00,LINE-01,97,1
9010,2025-04-10 02:15:00,LINE-02,137,3
9011,2025-04-10 02:30:00,LINE-03,136,5
9012,2025-04-10 02:45:00,LINE-04,135,2
9013,2025-04-10 03:00:00,LINE-01,93,2
9014,2025-04-10 03:15:00,LINE-02,123,3
9015,2025-04-10 03:30:00,LINE-03,112,3
9016,2025-04-10 03:45:00,LINE-04,134,3
9017,2025-04-10 04:00:00,LINE-01,92,2
9018,2025-04-10 04:15:00,LINE-02,120,3
9019,2025-04-10 04:30:00,LINE-03,92,3
9020,2025-04-10 04:45:00,LINE-04,90,1
9021,2025-04-10 05:00:00,LINE-01,135,3
9022,2025-04-10 05:15:00,LINE-02,80,1
9023,2025-04-10 05:30:00,LINE-03,80,2
9024,2025-04-10 05:45:00,LINE-04,139,4
9025,2025-04-10 06:00:00,LINE-01,83,2
9026,2025-04-10 06:15:00,LINE-02,98,3
9027,2025-04-10 06:30:00,LINE-03,107,3
9028,2025-04-10 06:45:00,LINE-04,112,2
9029,2025-04-10 07:00:00,LINE-01,85,2
9030,2025-04-10 07:15:00,LINE-02,106,3
9031,2025-04-10 07:30:00,LINE-03,132,4
9032,2025-04-10 07:45:00,LINE-04,85,2
9033,2025-04-10 08:00:00,LINE-01,116,2
9034,2025-04-10 08:15:00,LINE-02,133,3
9035,2025-04-10 08:30:00,LINE-03,99,4
9036,2025-04-10 08:45:00,LINE-04,109,2
9037,2025-04-10 09:00:00,LINE-01,100,1
9038,2025-04-10 09:15:00,LINE-02,91,1
9039,2025-04-10 09:30:00,LINE-03,137,4
9040,2025-04-10 09:45:00,LINE-04,108,3
9041,2025-04-10 10:00:00,LINE-01,139,3
9042,2025-04-10 10:15:00,LINE-02,121,2
9043,2025-04-10 10:30:00,LINE-03,121,4
9044,2025-04-10 10:45:00,LINE-04,136,4
9045,2025-04-10 11:00:00,LINE-01,100,3
9046,2025-04-10 11:15:00,LINE-02,130,2
9047,2025-04-10 11:30:00,LINE-03,111,3
9048,2025-04-10 11:45:00,LINE-04,106,2
9049,2025-04-10 12:00:00,LINE-01,107,3
9050,2025-04-10 12:15:00,LINE-02,118,2
9051,2025-04-10 12:30:00,LINE-03,105,3
9052,2025-04-10 12:45:00,LINE-04,115,3
9053,2025-04-10 13:00:00,LINE-01,139,2
9054,2025-04-10 13:15:00,LINE-02,92,2
9055,2025-04-10 13:30:00,LINE-03,97,2
9056,2025-04-10 13:45:00,LINE-04,131,3
9057,2025-04-10 14:00:00,LINE-01,130,3
9058,2025-04-10 14:15:00,LINE-02,96,2
9059,2025-04-10 14:30:00,LINE-03,124,4
9060,2025-04-10 14:45:00,LINE-04,103,1
9061,2025-04-10 15:00:00,LINE-01,125,2
9062,2025-04-10 15:15:00,LINE-02,130,3
9063,2025-04-10 15:30:00,LINE-03,116,3
9064,2025-04-10 15:45:00,LINE-04,88,2
9065,2025-04-10 16:00:00,LINE-01,97,2
9066,2025-04-10 16:15:00,LINE-02,137,4
9067,2025-04-10 16:30:00,LINE-03,107,4
9068,2025-04-10 16:45:00,LINE-04,135,2
9069,2025-04-10 17:00:00,LINE-01,93,2
9070,2025-04-10 17:15:00,LINE-02,101,2
9071,2025-04-10 17:30:00,LINE-03,92,3
9072,2025-04-10 17:45:00,LINE-04,97,3
9073,2025-04-10 18:00:00,LINE-01,108,3
9074,2025-04-10 18:15:00,LINE-02,131,2
9075,2025-04-10 18:30:00,LINE-03,97,3
9076,2025-04-10 18:45:00,LINE-04,107,2
9077,2025-04-10 19:00:00,LINE-01,137,3
9078,2025-04-10 19:15:00,LINE-02,88,1
9079,2025-04-10 19:30:00,LINE-03,130,4
9080,2025-04-10 19:45:00,LINE-04,88,1
9081,2025-04-10 20:00:00,LINE-01,110,2
9082,2025-04-10 20:15:00,LINE-02,91,2
9083,2025-04-10 20:30:00,LINE-03,113,3
9084,2025-04-10 20:45:00,LINE-04,102,2
9085,2025-04-10 21:00:00,LINE-01,109,2
9086,2025-04-10 21:15:00,LINE-02,131,3
9087,2025-04-10 21:30:00,LINE-03,116,3
9088,2025-04-10 21:45:00,LINE-04,136,3
9089,2025-04-10 22:00:00,LINE-01,134,2
9090,2025-04-10 22:15:00,LINE-02,82,2
9091,2025-04-10 22:30:00,LINE-03,115,3
9092,2025-04-10 22:45:00,LINE-04,133,2
9093,2025-04-10 23:00:00,LINE-01,81,1
9094,2025-04-10 23:15:00,LINE-02,131,2
9095,2025-04-10 23:30:00,LINE-03,93,3
9096,2025-04-10 23:45:00,LINE-04,98,3
9097,2025-04-11 00:00:00,LINE-01,80,2
9098,2025-04-11 00:15:00,LINE-02,91,2
9099,2025-04-11 00:30:00,LINE-03,137,5
9100,2025-04-11 00:45:00,LINE-04,123,3
9101,2025-04-11 01:00:00,LINE-01,128,2
9102,2025-04-11 01:15:00,LINE-02,136,3
9103,2025-04-11 01:30:00,LINE-03,111,4
9104,2025-04-11 01:45:00,LINE-04,80,1
9105,2025-04-11 02:00:00,LINE-01,120,2
9106,2025-04-11 02:15:00,LINE-02,99,2
9107,2025-04-11 02:30:00,LINE-03,138,4
9108,2025-04-11 02:45:00,LINE-04,84,2
9109,2025-04-11 03:00:00,LINE-01,83,1
9110,2025-04-11 03:15:00,LINE-02,84,1
9111,2025-04-11 03:30:00,LINE-03,101,3
9112,2025-04-11 03:45:00,LINE-04,129,4
9113,2025-04-11 04:00:00,LINE-01,134,2
9114,2025-04-11 04:15:00,LINE-02,115,3
9115,2025-04-11 04:30:00,LINE-03,91,2
9116,2025-04-11 04:45:00,LINE-04,130,3
9117,2025-04-11 05:00:00,LINE-01,135,4
9118,2025-04-11 05:15:00,LINE-02,126,3
9119,2025-04-11 05:30:00,LINE-03,113,4
9120,2025-04-11 05:45:00,LINE-04,132,4
9121,2025-04-11 06:00:00,LINE-01,89,2
9122,2025-04-11 06:15:00,LINE-02,113,2
9123,2025-04-11 06:30:00,LINE-03,117,4
9124,2025-04-11 06:45:00,LINE-04,102,2
9125,2025-04-11 07:00:00,LINE-01,94,3
9126,2025-04-11 07:15:00,LINE-02,99,2
9127,2025-04-11 07:30:00,LINE-03,95,3
9128,2025-04-11 07:45:00,LINE-04,123,2
9129,2025-04-11 08:00:00,LINE-01,110,1
9130,2025-04-11 08:15:00,LINE-02,135,3
9131,2025-04-11 08:30:00,LINE-03,92,3
9132,2025-04-11 08:45:00,LINE-04,116,3
9133,2025-04-11 09:00:00,LINE-01,98,1
9134,2025-04-11 09:15:00,LINE-02,118,2
9135,2025-04-11 09:30:00,LINE-03,117,4
9136,2025-04-11 09:45:00,LINE-04,136,3
9137,2025-04-11 10:00:00,LINE-01,135,3
9138,2025-04-11 10:15:00,LINE-02,82,1
9139,2025-04-11 10:30:00,LINE-03,118,3
9140,2025-04-11 10:45:00,LINE-04,139,2
9141,2025-04-11 11:00:00,LINE-01,135,4
9142,2025-04-11 11:15:00,LINE-02,88,2
9143,2025-04-11 11:30:00,LINE-03,127,4
9144,2025-04-11 11:45:00,LINE-04,140,4
9145,2025-04-11 12:00:00,LINE-01,124,2
9146,2025-04-11 12:15:00,LINE-02,98,2
9147,2025-04-11 12:30:00,LINE-03,98,2
9148,2025-04-11 12:45:00,LINE-04,120,3
9149,2025-04-11 13:00:00,LINE-01,98,2
9150,2025-04-11 13:15:00,LINE-02,84,3
9151,2025-04-11 13:30:00,LINE-03,118,4
9152,2025-04-11 13:45:00,LINE-04,130,2
9153,2025-04-11 14:00:00,LINE-01,132,2
9154,2025-04-11 14:15:00,LINE-02,132,3
9155,2025-04-11 14:30:00,LINE-03,81,2
9156,2025-04-11 14:45:00,LINE-04,130,4
9157,2025-04-11 15:00:00,LINE-01,82,2
9158,2025-04-11 15:15:00,LINE-02,127,2
9159,2025-04-11 15:30:00,LINE-03,104,3
9160,2025-04-11 15:45:00,LINE-04,103,3
9161,2025-04-11 16:00:00,LINE-01,87,2
9162,2025-04-11 16:15:00,LINE-02,132,3
9163,2025-04-11 16:30:00,LINE-03,96,2
9164,2025-04-11 16:45:00,LINE-04,138,3
9165,2025-04-11 17:00:00,LINE-01,84,1
9166,2025-04-11 17:15:00,LINE-02,94,2
9167,2025-04-11 17:30:00,LINE-03,125,5
9168,2025-04-11 17:45:00,LINE-04,83,1
9169,2025-04-11 18:00:00,LINE-01,88,2
9170,2025-04-11 18:15:00,LINE-02,110,2
9171,2025-04-11 18:30:00,LINE-03,103,3
9172,2025-04-11 18:45:00,LINE-04,98,3
9173,2025-04-11 19:00:00,LINE-01,137,2
9174,2025-04-11 19:15:00,LINE-02,118,2
9175,2025-04-11 19:30:00,LINE-03,119,4
9176,2025-04-11 19:45:00,LINE-04,90,2
9177,2025-04-11 20:00:00,LINE-01,86,1
9178,2025-04-11 20:15:00,LINE-02,82,1
9179,2025-04-11 20:30:00,LINE-03,127,5
9180,2025-04-11 20:45:00,LINE-04,97,2
9181,2025-04-11 21:00:00,LINE-01,99,3
9182,2025-04-11 21:15:00,LINE-02,120,2
9183,2025-04-11 21:30:00,LINE-03,137,4
9184,2025-04-11 21:45:00,LINE-04,110,3
9185,2025-04-11 22:00:00,LINE-01,139,2
9186,2025-04-11 22:15:00,LINE-02,100,3
9187,2025-04-11 22:30:00,LINE-03,104,4
9188,2025-04-11 22:45:00,LINE-04,90,2
9189,2025-04-11 23:00:00,LINE-01,137,3
9190,2025-04-11 23:15:00,LINE-02,90,2
9191,2025-04-11 23:30:00,LINE-03,94,3
9192,2025-04-11 23:45:00,LINE-04,81,1
9193,2025-04-12 00:00:00,LINE-01,105,2
9194,2025-04-12 00:15:00,LINE-02,92,1
9195,2025-04-12 00:30:00,LINE-03,86,2
9196,2025-04-12 00:45:00,LINE-04,100,2
9197,2025-04-12 01:00:00,LINE-01,107,3
9198,2025-04-12 01:15:00,LINE-02,137,2
9199,2025-04-12 01:30:00,LINE-03,101,2
9200,2025-04-12 01:45:00,LINE-04,97,2
9201,2025-04-12 02:00:00,LINE-01,85,1
9202,2025-04-12 02:15:00,LINE-02,84,1
9203,2025-04-12 02:30:00,LINE-03,97,3
9204,2025-04-12 02:45:00,LINE-04,102,2
9205,2025-04-12 03:00:00,LINE-01,117,2
9206,2025-04-12 03:15:00,LINE-02,84,2
9207,2025-04-12 03:30:00,LINE-03,115,3
9208,2025-04-12 03:45:00,LINE-04,122,3
9209,2025-04-12 04:00:00,LINE-01,99,2
9210,2025-04-12 04:15:00,LINE-02,124,3
9211,2025-04-12 04:30:00,LINE-03,118,4
9212,2025-04-12 04:45:00,LINE-04,109,2
9213,2025-04-12 05:00:00,LINE-01,103,3
9214,2025-04-12 05:15:00,LINE-02,128,3
9215,2025-04-12 05:30:00,LINE-03,133,4
9216,2025-04-12 05:45:00,LINE-04,140,3
9217,2025-04-12 06:00:00,LINE-01,134,2
9218,2025-04-12 06:15:00,LINE-02,103,2
9219,2025-04-12 06:30:00,LINE-03,133,3
9220,2025-04-12 06:45:00,LINE-04,92,3
9221,2025-04-12 07:00:00,LINE-01,133,2
9222,2025-04-12 07:15:00,LINE-02,102,2
9223,2025-04-12 07:30:00,LINE-03,110,2
9224,2025-04-12 07:45:00,LINE-04,94,1
9225,2025-04-12 08:00:00,LINE-01,85,2
9226,2025-04-12 08:15:00,LINE-02,107,2
9227,2025-04-12 08:30:00,LINE-03,120,4
9228,2025-04-12 08:45:00,LINE-04,128,2
9229,2025-04-12 09:00:00,LINE-01,127,3
9230,2025-04-12 09:15:00,LINE-02,117,3
9231,2025-04-12 09:30:00,LINE-03,108,3
9232,2025-04-12 09:45:00,LINE-04,113,2
9233,2025-04-12 10:00:00,LINE-01,96,3
9234,2025-04-12 10:15:00,LINE-02,111,3
9235,2025-04-12 10:30:00,LINE-03,89,3
9236,2025-04-12 10:45:00,LINE-04,85,1
9237,2025-04-12 11:00:00,LINE-01,129,3
9238,2025-04-12 11:15:00,LINE-02,114,3
9239,2025-04-12 11:30:00,LINE-03,119,3
9240,2025-04-12 11:45:00,LINE-04,130,2
9241,2025-04-12 12:00:00,LINE-01,97,2
9242,2025-04-12 12:15:00,LINE-02,115,2
9243,2025-04-12 12:30:00,LINE-03,126,4
9244,2025-04-12 12:45:00,LINE-04,132,2
9245,2025-04-12 13:00:00,LINE-01,109,2
9246,2025-04-12 13:15:00,LINE-02,99,2
9247,2025-04-12 13:30:00,LINE-03,139,5
9248,2025-04-12 13:45:00,LINE-04,124,2
9249,2025-04-12 14:00:00,LINE-01,136,3
9250,2025-04-12 14:15:00,LINE-02,138,3
9251,2025-04-12 14:30:00,LINE-03,92,2
9252,2025-04-12 14:45:00,LINE-04,114,3
9253,2025-04-12 15:00:00,LINE-01,94,2
9254,2025-04-12 15:15:00,LINE-02,94,3
9255,2025-04-12 15:30:00,LINE-03,131,4
9256,2025-04-12 15:45:00,LINE-04,89,1
9257,2025-04-12 16:00:00,LINE-01,106,1
9258,2025-04-12 16:15:00,LINE-02,129,3
9259,2025-04-12 16:30:00,LINE-03,121,4
9260,2025-04-12 16:45:00,LINE-04,106,3
9261,2025-04-12 17:00:00,LINE-01,126,4
9262,2025-04-12 17:15:00,LINE-02,128,3
9263,2025-04-12 17:30:00,LINE-03,92,2
9264,2025-04-12 17:45:00,LINE-04,125,2
9265,2025-04-12 18:00:00,LINE-01,101,2
9266,2025-04-12 18:15:00,LINE-02,119,2
9267,2025-04-12 18:30:00,LINE-03,91,2
9268,2025-04-12 18:45:00,LINE-04,97,2
9269,2025-04-12 19:00:00,LINE-01,137,3
9270,2025-04-12 19:15:00,LINE-02,92,2
9271,2025-04-12 19:30:00,LINE-03,95,3
9272,2025-04-12 19:45:00,LINE-04,116,2
9273,2025-04-12 20:00:00,LINE-01,80,2
9274,2025-04-12 20:15:00,LINE-02,82,1
9275,2025-04-12 20:30:00,LINE-03,110,4
9276,2025-04-12 20:45:00,LINE-04,84,2
9277,2025-04-12 21:00:00,LINE-01,90,2
9278,2025-04-12 21:15:00,LINE-02,95,3
9279,2025-04-12 21:30:00,LINE-03,102,4
9280,2025-04-12 21:45:00,LINE-04,117,3
9281,2025-04-12 22:00:00,LINE-01,105,1
9282,2025-04-12 22:15:00,LINE-02,136,2
9283,2025-04-12 22:30:00,LINE-03,130,3
9284,2025-04-12 22:45:00,LINE-04,92,1
9285,2025-04-12 23:00:00,LINE-01,133,2
9286,2025-04-12 23:15:00,LINE-02,126,3
9287,2025-04-12 23:30:00,LINE-03,109,3
9288,2025-04-12 23:45:00,LINE-04,92,3
9289,2025-04-13 00:00:00,LINE-01,122,2
9290,2025-04-13 00:15:00,LINE-02,109,3
9291,2025-04-13 00:30:00,LINE-03,104,4
9292,2025-04-13 00:45:00,LINE-04,135,3
9293,2025-04-13 01:00:00,LINE-01,103,1
9294,2025-04-13 01:15:00,LINE-02,129,2
9295,2025-04-13 01:30:00,LINE-03,121,5
9296,2025-04-13 01:45:00,LINE-04,112,1
9297,2025-04-13 02:00:00,LINE-01,136,3
9298,2025-04-13 02:15:00,LINE-02,119,2
9299,2025-04-13 02:30:00,LINE-03,96,2
9300,2025-04-13 02:45:00,LINE-04,97,2
9301,2025-04-13 03:00:00,LINE-01,102,1
9302,2025-04-13 03:15:00,LINE-02,81,2
9303,2025-04-13 03:30:00,LINE-03,140,3
9304,2025-04-13 03:45:00,LINE-04,128,3
9305,2025-04-13 04:00:00,LINE-01,93,1
9306,2025-04-13 04:15:00,LINE-02,86,1
9307,2025-04-13 04:30:00,LINE-03,112,4
9308,2025-04-13 04:45:00,LINE-04,115,2
9309,2025-04-13 05:00:00,LINE-01,114,2
9310,2025-04-13 05:15:00,LINE-02,116,3
9311,2025-04-13 05:30:00,LINE-03,133,3
9312,2025-04-13 05:45:00,LINE-04,113,2
9313,2025-04-13 06:00:00,LINE-01,134,2
9314,2025-04-13 06:15:00,LINE-02,121,2
9315,2025-04-13 06:30:00,LINE-03,130,4
9316,2025-04-13 06:45:00,LINE-04,130,3
9317,2025-04-13 07:00:00,LINE-01,105,2
9318,2025-04-13 07:15:00,LINE-02,82,1
9319,2025-04-13 07:30:00,LINE-03,108,2
9320,2025-04-13 07:45:00,LINE-04,138,3
9321,2025-04-13 08:00:00,LINE-01,92,2
9322,2025-04-13 08:15:00,LINE-02,87,1
9323,2025-04-13 08:30:00,LINE-03,83,3
9324,2025-04-13 08:45:00,LINE-04,101,3
9325,2025-04-13 09:00:00,LINE-01,90,3
9326,2025-04-13 09:15:00,LINE-02,80,2
9327,2025-04-13 09:30:00,LINE-03,94,2
9328,2025-04-13 09:45:00,LINE-04,96,2
9329,2025-04-13 10:00:00,LINE-01,131,2
9330,2025-04-13 10:15:00,LINE-02,95,2
9331,2025-04-13 10:30:00,LINE-03,133,5
9332,2025-04-13 10:45:00,LINE-04,82,1
9333,2025-04-13 11:00:00,LINE-01,91,2
9334,2025-04-13 11:15:00,LINE-02,109,3
9335,2025-04-13 11:30:00,LINE-03,90,3
9336,2025-04-13 11:45:00,LINE-04,102,3
9337,2025-04-13 12:00:00,LINE-01,136,4
9338,2025-04-13 12:15:00,LINE-02,84,2
9339,2025-04-13 12:30:00,LINE-03,108,4
9340,2025-04-13 12:45:00,LINE-04,140,2
9341,2025-04-13 13:00:00,LINE-01,100,1
9342,2025-04-13 13:15:00,LINE-02,114,2
9343,2025-04-13 13:30:00,LINE-03,98,2
9344,2025-04-13 13:45:00,LINE-04,122,3
9345,2025-04-13 14:00:00,LINE-01,80,1
9346,2025-04-13 14:15:00,LINE-02,100,3
9347,2025-04-13 14:30:00,LINE-03,103,2
9348,2025-04-13 14:45:00,LINE-04,114,3
9349,2025-04-13 15:00:00,LINE-01,95,2
9350,2025-04-13 15:15:00,LINE-02,88,2
9351,2025-04-13 15:30:00,LINE-03,125,4
9352,2025-04-13 15:45:00,LINE-04,131,2
9353,2025-04-13 16:00:00,LINE-01,122,3
9354,2025-04-13 16:15:00,LINE-02,135,3
9355,2025-04-13 16:30:00,LINE-03,120,4
9356,2025-04-13 16:45:00,LINE-04,117,3
9357,2025-04-13 17:00:00,LINE-01,120,3
9358,2025-04-13 17:15:00,LINE-02,138,3
9359,2025-04-13 17:30:00,LINE-03,100,3
9360,2025-04-13 17:45:00,LINE-04,119,2
9361,2025-04-13 18:00:00,LINE-01,89,1
9362,2025-04-13 18:15:00,LINE-02,114,2
9363,2025-04-13 18:30:00,LINE-03,82,2
9364,2025-04-13 18:45:00,LINE-04,131,2
9365,2025-04-13 19:00:00,LINE-01,113,2
9366,2025-04-13 19:15:00,LINE-02,96,2
9367,2025-04-13 19:30:00,LINE-03,81,2
9368,2025-04-13 19:45:00,LINE-04,108,2
9369,2025-04-13 20:00:00,LINE-01,103,3
9370,2025-04-13 20:15:00,LINE-02,86,1
9371,2025-04-13 20:30:00,LINE-03,94,2
9372,2025-04-13 20:45:00,LINE-04,115,2
9373,2025-04-13 21:00:00,LINE-01,128,2
9374,2025-04-13 21:15:00,LINE-02,134,3
9375,2025-04-13 21:30:00,LINE-03,109,4
9376,2025-04-13 21:45:00,LINE-04,122,2
9377,2025-04-13 22:00:00,LINE-01,90,1
9378,2025-04-13 22:15:00,LINE-02,122,2
9379,2025-04-13 22:30:00,LINE-03,120,4
9380,2025-04-13 22:45:00,LINE-04,113,3
9381,2025-04-13 23:00:00,LINE-01,128,4
9382,2025-04-13 23:15:00,LINE-02,113,3
9383,2025-04-13 23:30:00,LINE-03,87,3
9384,2025-04-13 23:45:00,LINE-04,86,2
9385,2025-04-14 00:00:00,LINE-01,136,4
9386,2025-04-14 00:15:00,LINE-02,126,2
9387,2025-04-14 00:30:00,LINE-03,126,5
9388,2025-04-14 00:45:00,LINE-04,109,2
9389,2025-04-14 01:00:00,LINE-01,86,2
9390,2025-04-14 01:15:00,LINE-02,87,2
9391,2025-04-14 01:30:00,LINE-03,88,3
9392,2025-04-14 01:45:00,LINE-04,123,2
9393,2025-04-14 02:00:00,LINE-01,96,2
9394,2025-04-14 02:15:00,LINE-02,109,3
9395,2025-04-14 02:30:00,LINE-03,119,4
9396,2025-04-14 02:45:00,LINE-04,109,3
9397,2025-04-14 03:00:00,LINE-01,137,3
9398,2025-04-14 03:15:00,LINE-02,90,1
9399,2025-04-14 03:30:00,LINE-03,85,2
9400,2025-04-14 03:45:00,LINE-04,132,2
9401,2025-04-14 04:00:00,LINE-01,96,3
9402,2025-04-14 04:15:00,LINE-02,106,2
9403,2025-04-14 04:30:00,LINE-03,90,3
9404,2025-04-14 04:45:00,LINE-04,118,2
9405,2025-04-14 05:00:00,LINE-01,124,2
9406,2025-04-14 05:15:00,LINE-02,105,2
9407,2025-04-14 05:30:00,LINE-03,82,3
9408,2025-04-14 05:45:00,LINE-04,107,1
9409,2025-04-14 06:00:00,LINE-01,101,1
9410,2025-04-14 06:15:00,LINE-02,92,2
9411,2025-04-14 06:30:00,LINE-03,128,3
9412,2025-04-14 06:45:00,LINE-04,90,2
9413,2025-04-14 07:00:00,LINE-01,120,2
9414,2025-04-14 07:15:00,LINE-02,120,3
9415,2025-04-14 07:30:00,LINE-03,92,3
9416,2025-04-14 07:45:00,LINE-04,105,2
9417,2025-04-14 08:00:00,LINE-01,83,1
9418,2025-04-14 08:15:00,LINE-02,135,3
9419,2025-04-14 08:30:00,LINE-03,101,3
9420,2025-04-14 08:45:00,LINE-04,138,3
9421,2025-04-14 09:00:00,LINE-01,107,2
9422,2025-04-14 09:15:00,LINE-02,84,1
9423,2025-04-14 09:30:00,LINE-03,133,5
9424,2025-04-14 09:45:00,LINE-04,86,1
9425,2025-04-14 10:00:00,LINE-01,131,3
9426,2025-04-14 10:15:00,LINE-02,82,2
9427,2025-04-14 10:30:00,LINE-03,119,3
9428,2025-04-14 10:45:00,LINE-04,95,2
9429,2025-04-14 11:00:00,LINE-01,125,3
9430,2025-04-14 11:15:00,LINE-02,87,2
9431,2025-04-14 11:30:00,LINE-03,104,3
9432,2025-04-14 11:45:00,LINE-04,127,3
9433,2025-04-14 12:00:00,LINE-01,85,1
9434,2025-04-14 12:15:00,LINE-02,131,2
9435,2025-04-14 12:30:00,LINE-03,89,3
9436,2025-04-14 12:45:00,LINE-04,82,2
9437,2025-04-14 13:00:00,LINE-01,93,2
9438,2025-04-14 13:15:00,LINE-02,111,3
9439,2025-04-14 13:30:00,LINE-03,91,2
9440,2025-04-14 13:45:00,LINE-04,94,2
9441,2025-04-14 14:00:00,LINE-01,134,4
9442,2025-04-14 14:15:00,LINE-02,110,2
9443,2025-04-14 14:30:00,LINE-03,113,2
9444,2025-04-14 14:45:00,LINE-04,119,2
9445,2025-04-14 15:00:00,LINE-01,91,2
9446,2025-04-14 15:15:00,LINE-02,115,3
9447,2025-04-14 15:30:00,LINE-03,103,3
9448,2025-04-14 15:45:00,LINE-04,124,2
9449,2025-04-14 16:00:00,LINE-01,88,2
9450,2025-04-14 16:15:00,LINE-02,108,3
9451,2025-04-14 16:30:00,LINE-03,112,4
9452,2025-04-14 16:45:00,LINE-04,91,3
9453,2025-04-14 17:00:00,LINE-01,134,4
9454,2025-04-14 17:15:00,LINE-02,82,1
9455,2025-04-14 17:30:00,LINE-03,95,2
9456,2025-04-14 17:45:00,LINE-04,127,2
9457,2025-04-14 18:00:00,LINE-01,112,2
9458,2025-04-14 18:15:00,LINE-02,137,2
9459,2025-04-14 18:30:00,LINE-03,128,4
9460,2025-04-14 18:45:00,LINE-04,109,3
9461,2025-04-14 19:00:00,LINE-01,101,2
9462,2025-04-14 19:15:00,LINE-02,134,2
9463,2025-04-14 19:30:00,LINE-03,132,3
9464,2025-04-14 19:45:00,LINE-04,136,3
9465,2025-04-14 20:00:00,LINE-01,113,2
9466,2025-04-14 20:15:00,LINE-02,101,2
9467,2025-04-14 20:30:00,LINE-03,112,4
9468,2025-04-14 20:45:00,LINE-04,81,1
9469,2025-04-14 21:00:00,LINE-01,124,3
9470,2025-04-14 21:15:00,LINE-02,92,1
9471,2025-04-14 21:30:00,LINE-03,130,3
9472,2025-04-14 21:45:00,LINE-04,113,3
9473,2025-04-14 22:00:00,LINE-01,125,2
9474,2025-04-14 22:15:00,LINE-02,137,2
9475,2025-04-14 22:30:00,LINE-03,125,3
9476,2025-04-14 22:45:00,LINE-04,122,2
9477,2025-04-14 23:00:00,LINE-01,137,3
9478,2025-04-14 23:15:00,LINE-02,115,3
9479,2025-04-14 23:30:00,LINE-03,85,2
9480,2025-04-14 23:45:00,LINE-04,117,2
9481,2025-04-15 00:00:00,LINE-01,95,2
9482,2025-04-15 00:15:00,LINE-02,93,1
9483,2025-04-15 00:30:00,LINE-03,137,4
9484,2025-04-15 00:45:00,LINE-04,82,2
9485,2025-04-15 01:00:00,LINE-01,80,2
9486,2025-04-15 01:15:00,LINE-02,121,2
9487,2025-04-15 01:30:00,LINE-03,111,3
9488,2025-04-15 01:45:00,LINE-04,81,2
9489,2025-04-15 02:00:00,LINE-01,101,2
9490,2025-04-15 02:15:00,LINE-02,124,3
9491,2025-04-15 02:30:00,LINE-03,122,5
9492,2025-04-15 02:45:00,LINE-04,90,2
9493,2025-04-15 03:00:00,LINE-01,126,2
9494,2025-04-15 03:15:00,LINE-02,111,3
9495,2025-04-15 03:30:00,LINE-03,137,4
9496,2025-04-15 03:45:00,LINE-04,90,2
9497,2025-04-15 04:00:00,LINE-01,140,3
9498,2025-04-15 04:15:00,LINE-02,111,2
9499,2025-04-15 04:30:00,LINE-03,89,2
9500,2025-04-15 04:45:00,LINE-04,96,1
9501,2025-04-15 05:00:00,LINE-01,94,3
9502,2025-04-15 05:15:00,LINE-02,119,1
9503,2025-04-15 05:30:00,LINE-03,90,3
9504,2025-04-15 05:45:00,LINE-04,117,3
9505,2025-04-15 06:00:00,LINE-01,116,3
9506,2025-04-15 06:15:00,LINE-02,140,4
9507,2025-04-15 06:30:00,LINE-03,83,2
9508,2025-04-15 06:45:00,LINE-04,110,2
9509,2025-04-15 07:00:00,LINE-01,140,2
9510,2025-04-15 07:15:00,LINE-02,134,3
9511,2025-04-15 07:30:00,LINE-03,82,2
9512,2025-04-15 07:45:00,LINE-04,96,3
9513,2025-04-15 08:00:00,LINE-01,139,3
9514,2025-04-15 08:15:00,LINE-02,84,1
9515,2025-04-15 08:30:00,LINE-03,97,3
9516,2025-04-15 08:45:00,LINE-04,131,3
9517,2025-04-15 09:00:00,LINE-01,118,2
9518,2025-04-15 09:15:00,LINE-02,88,1
9519,2025-04-15 09:30:00,LINE-03,98,3
9520,2025-04-15 09:45:00,LINE-04,119,3
9521,2025-04-15 10:00:00,LINE-01,140,2
9522,2025-04-15 10:15:00,LINE-02,110,3
9523,2025-04-15 10:30:00,LINE-03,119,4
9524,2025-04-15 10:45:00,LINE-04,106,2
9525,2025-04-15 11:00:00,LINE-01,127,3
9526,2025-04-15 11:15:00,LINE-02,118,4
9527,2025-04-15 11:30:00,LINE-03,120,4
9528,2025-04-15 11:45:00,LINE-04,81,1
9529,2025-04-15 12:00:00,LINE-01,132,2
9530,2025-04-15 12:15:00,LINE-02,88,2
9531,2025-04-15 12:30:00,LINE-03,103,3
9532,2025-04-15 12:45:00,LINE-04,119,3
9533,2025-04-15 13:00:00,LINE-01,101,2
9534,2025-04-15 13:15:00,LINE-02,128,3
9535,2025-04-15 13:30:00,LINE-03,81,3
9536,2025-04-15 13:45:00,LINE-04,96,1
9537,2025-04-15 14:00:00,LINE-01,93,2
9538,2025-04-15 14:15:00,LINE-02,90,1
9539,2025-04-15 14:30:00,LINE-03,116,3
9540,2025-04-15 14:45:00,LINE-04,116,2
9541,2025-04-15 15:00:00,LINE-01,88,2
9542,2025-04-15 15:15:00,LINE-02,121,3
9543,2025-04-15 15:30:00,LINE-03,134,4
9544,2025-04-15 15:45:00,LINE-04,138,3
9545,2025-04-15 16:00:00,LINE-01,114,3
9546,2025-04-15 16:15:00,LINE-02,126,4
9547,2025-04-15 16:30:00,LINE-03,103,3
9548,2025-04-15 16:45:00,LINE-04,93,2
9549,2025-04-15 17:00:00,LINE-01,83,2
9550,2025-04-15 17:15:00,LINE-02,87,2
9551,2025-04-15 17:30:00,LINE-03,140,5
9552,2025-04-15 17:45:00,LINE-04,99,2
9553,2025-04-15 18:00:00,LINE-01,119,2
9554,2025-04-15 18:15:00,LINE-02,110,2
9555,2025-04-15 18:30:00,LINE-03,82,2
9556,2025-04-15 18:45:00,LINE-04,131,4
9557,2025-04-15 19:00:00,LINE-01,110,2
9558,2025-04-15 19:15:00,LINE-02,126,3
9559,2025-04-15 19:30:00,LINE-03,93,2
9560,2025-04-15 19:45:00,LINE-04,87,2
9561,2025-04-15 20:00:00,LINE-01,107,3
9562,2025-04-15 20:15:00,LINE-02,134,3
9563,2025-04-15 20:30:00,LINE-03,134,4
9564,2025-04-15 20:45:00,LINE-04,103,3
9565,2025-04-15 21:00:00,LINE-01,105,2
9566,2025-04-15 21:15:00,LINE-02,88,3
9567,2025-04-15 21:30:00,LINE-03,119,3
9568,2025-04-15 21:45:00,LINE-04,82,2
9569,2025-04-15 22:00:00,LINE-01,137,4
9570,2025-04-15 22:15:00,LINE-02,103,3
9571,2025-04-15 22:30:00,LINE-03,103,2
9572,2025-04-15 22:45:00,LINE-04,96,2
9573,2025-04-15 23:00:00,LINE-01,140,2
9574,2025-04-15 23:15:00,LINE-02,100,3
9575,2025-04-15 23:30:00,LINE-03,85,2
9576,2025-04-15 23:45:00,LINE-04,95,1
9577,2025-04-16 00:00:00,LINE-01,134,4
9578,2025-04-16 00:15:00,LINE-02,117,2
9579,2025-04-16 00:30:00,LINE-03,124,3
9580,2025-04-16 00:45:00,LINE-04,99,2
9581,2025-04-16 01:00:00,LINE-01,89,1
9582,2025-04-16 01:15:00,LINE-02,121,2
9583,2025-04-16 01:30:00,LINE-03,80,2
9584,2025-04-16 01:45:00,LINE-04,92,3
9585,2025-04-16 02:00:00,LINE-01,116,3
9586,2025-04-16 02:15:00,LINE-02,97,2
9587,2025-04-16 02:30:00,LINE-03,92,3
9588,2025-04-16 02:45:00,LINE-04,92,2
9589,2025-04-16 03:00:00,LINE-01,91,2
9590,2025-04-16 03:15:00,LINE-02,118,2
9591,2025-04-16 03:30:00,LINE-03,120,3
9592,2025-04-16 03:45:00,LINE-04,99,2
9593,2025-04-16 04:00:00,LINE-01,116,2
9594,2025-04-16 04:15:00,LINE-02,91,2
9595,2025-04-16 04:30:00,LINE-03,116,2
9596,2025-04-16 04:45:00,LINE-04,122,3
9597,2025-04-16 05:00:00,LINE-01,87,2
9598,2025-04-16 05:15:00,LINE-02,87,2
9599,2025-04-16 05:30:00,LINE-03,107,3
9600,2025-04-16 05:45:00,LINE-04,131,2
9601,2025-04-16 06:00:00,LINE-01,99,2
9602,2025-04-16 06:15:00,LINE-02,137,3
9603,2025-04-16 06:30:00,LINE-03,94,3
9604,2025-04-16 06:45:00,LINE-04,110,3
9605,2025-04-16 07:00:00,LINE-01,93,2
9606,2025-04-16 07:15:00,LINE-02,105,2
9607,2025-04-16 07:30:00,LINE-03,135,4
9608,2025-04-16 07:45:00,LINE-04,132,2
9609,2025-04-16 08:00:00,LINE-01,124,3
9610,2025-04-16 08:15:00,LINE-02,137,2
9611,2025-04-16 08:30:00,LINE-03,94,4
9612,2025-04-16 08:45:00,LINE-04,92,3
9613,2025-04-16 09:00:00,LINE-01,107,2
9614,2025-04-16 09:15:00,LINE-02,117,2
9615,2025-04-16 09:30:00,LINE-03,123,4
9616,2025-04-16 09:45:00,LINE-04,109,2
9617,2025-04-16 10:00:00,LINE-01,116,2
9618,2025-04-16 10:15:00,LINE-02,92,1
9619,2025-04-16 10:30:00,LINE-03,126,3
9620,2025-04-16 10:45:00,LINE-04,85,1
9621,2025-04-16 11:00:00,LINE-01,103,2
9622,2025-04-16 11:15:00,LINE-02,130,2
9623,2025-04-16 11:30:00,LINE-03,97,2
9624,2025-04-16 11:45:00,LINE-04,120,2
9625,2025-04-16 12:00:00,LINE-01,106,3
9626,2025-04-16 12:15:00,LINE-02,117,1
9627,2025-04-16 12:30:00,LINE-03,83,3
9628,2025-04-16 12:45:00,LINE-04,101,3
9629,2025-04-16 13:00:00,LINE-01,118,3
9630,2025-04-16 13:15:00,LINE-02,130,2
9631,2025-04-16 13:30:00,LINE-03,93,3
9632,2025-04-16 13:45:00,LINE-04,107,2
9633,2025-04-16 14:00:00,LINE-01,93,2
9634,2025-04-16 14:15:00,LINE-02,115,3
9635,2025-04-16 14:30:00,LINE-03,93,3
9636,2025-04-16 14:45:00,LINE-04,90,2
9637,2025-04-16 15:00:00,LINE-01,96,2
9638,2025-04-16 15:15:00,LINE-02,118,4
9639,2025-04-16 15:30:00,LINE-03,103,3
9640,2025-04-16 15:45:00,LINE-04,138,2
9641,2025-04-16 16:00:00,LINE-01,104,2
9642,2025-04-16 16:15:00,LINE-02,94,1
9643,2025-04-16 16:30:00,LINE-03,80,3
9644,2025-04-16 16:45:00,LINE-04,120,2
9645,2025-04-16 17:00:00,LINE-01,124,2
9646,2025-04-16 17:15:00,LINE-02,117,3
9647,2025-04-16 17:30:00,LINE-03,123,5
9648,2025-04-16 17:45:00,LINE-04,90,2
9649,2025-04-16 18:00:00,LINE-01,127,4
9650,2025-04-16 18:15:00,LINE-02,91,2
9651,2025-04-16 18:30:00,LINE-03,112,4
9652,2025-04-16 18:45:00,LINE-04,135,4
9653,2025-04-16 19:00:00,LINE-01,81,1
9654,2025-04-16 19:15:00,LINE-02,135,4
9655,2025-04-16 19:30:00,LINE-03,129,5
9656,2025-04-16 19:45:00,LINE-04,91,2
9657,2025-04-16 20:00:00,LINE-01,137,3
9658,2025-04-16 20:15:00,LINE-02,95,3
9659,2025-04-16 20:30:00,LINE-03,90,2
9660,2025-04-16 20:45:00,LINE-04,111,3
9661,2025-04-16 21:00:00,LINE-01,134,2
9662,2025-04-16 21:15:00,LINE-02,135,4
9663,2025-04-16 21:30:00,LINE-03,120,4
9664,2025-04-16 21:45:00,LINE-04,140,2
9665,2025-04-16 22:00:00,LINE-01,108,2
9666,2025-04-16 22:15:00,LINE-02,84,1
9667,2025-04-16 22:30:00,LINE-03,135,5
9668,2025-04-16 22:45:00,LINE-04,113,2
9669,2025-04-16 23:00:00,LINE-01,99,1
9670,2025-04-16 23:15:00,LINE-02,90,2
9671,2025-04-16 23:30:00,LINE-03,94,3
9672,2025-04-16 23:45:00,LINE-04,114,3
9673,2025-04-17 00:00:00,LINE-01,133,3
9674,2025-04-17 00:15:00,LINE-02,111,2
9675,2025-04-17 00:30:00,LINE-03,104,2
9676,2025-04-17 00:45:00,LINE-04,135,3
9677,2025-04-17 01:00:00,LINE-01,88,2
9678,2025-04-17 01:15:00,LINE-02,96,3
9679,2025-04-17 01:30:00,LINE-03,135,5
9680,2025-04-17 01:45:00,LINE-04,87,1
9681,2025-04-17 02:00:00,LINE-01,110,2
9682,2025-04-17 02:15:00,LINE-02,115,2
9683,2025-04-17 02:30:00,LINE-03,102,4
9684,2025-04-17 02:45:00,LINE-04,96,3
9685,2025-04-17 03:00:00,LINE-01,87,1
9686,2025-04-17 03:15:00,LINE-02,101,2
9687,2025-04-17 03:30:00,LINE-03,89,3
9688,2025-04-17 03:45:00,LINE-04,100,1
9689,2025-04-17 04:00:00,LINE-01,99,2
9690,2025-04-17 04:15:00,LINE-02,112,2
9691,2025-04-17 04:30:00,LINE-03,114,3
9692,2025-04-17 04:45:00,LINE-04,92,2
9693,2025-04-17 05:00:00,LINE-01,115,3
9694,2025-04-17 05:15:00,LINE-02,124,3
9695,2025-04-17 05:30:00,LINE-03,91,3
9696,2025-04-17 05:45:00,LINE-04,137,2
9697,2025-04-17 06:00:00,LINE-01,112,3
9698,2025-04-17 06:15:00,LINE-02,80,1
9699,2025-04-17 06:30:00,LINE-03,107,4
9700,2025-04-17 06:45:00,LINE-04,87,2
9701,2025-04-17 07:00:00,LINE-01,83,2
9702,2025-04-17 07:15:00,LINE-02,86,2
9703,2025-04-17 07:30:00,LINE-03,137,4
9704,2025-04-17 07:45:00,LINE-04,103,2
9705,2025-04-17 08:00:00,LINE-01,115,2
9706,2025-04-17 08:15:00,LINE-02,124,2
9707,2025-04-17 08:30:00,LINE-03,112,2
9708,2025-04-17 08:45:00,LINE-04,125,2
9709,2025-04-17 09:00:00,LINE-01,103,2
9710,2025-04-17 09:15:00,LINE-02,124,3
9711,2025-04-17 09:30:00,LINE-03,93,2
9712,2025-04-17 09:45:00,LINE-04,93,2
9713,2025-04-17 10:00:00,LINE-01,88,2
9714,2025-04-17 10:15:00,LINE-02,131,2
9715,2025-04-17 10:30:00,LINE-03,106,3
9716,2025-04-17 10:45:00,LINE-04,81,2
9717,2025-04-17 11:00:00,LINE-01,125,4
9718,2025-04-17 11:15:00,LINE-02,127,2
9719,2025-04-17 11:30:00,LINE-03,86,3
9720,2025-04-17 11:45:00,LINE-04,113,3
9721,2025-04-17 12:00:00,LINE-01,112,3
9722,2025-04-17 12:15:00,LINE-02,127,3
9723,2025-04-17 12:30:00,LINE-03,87,2
9724,2025-04-17 12:45:00,LINE-04,123,4
9725,2025-04-17 13:00:00,LINE-01,109,3
9726,2025-04-17 13:15:00,LINE-02,86,1
9727,2025-04-17 13:30:00,LINE-03,83,3
9728,2025-04-17 13:45:00,LINE-04,95,1
9729,2025-04-17 14:00:00,LINE-01,88,1
9730,2025-04-17 14:15:00,LINE-02,100,2
9731,2025-04-17 14:30:00,LINE-03,123,5
9732,2025-04-17 14:45:00,LINE-04,95,2
9733,2025-04-17 15:00:00,LINE-01,114,3
9734,2025-04-17 15:15:00,LINE-02,97,2
9735,2025-04-17 15:30:00,LINE-03,123,4
9736,2025-04-17 15:45:00,LINE-04,135,3
9737,2025-04-17 16:00:00,LINE-01,122,2
9738,2025-04-17 16:15:00,LINE-02,120,2
9739,2025-04-17 16:30:00,LINE-03,99,4
9740,2025-04-17 16:45:00,LINE-04,86,2
9741,2025-04-17 17:00:00,LINE-01,134,4
9742,2025-04-17 17:15:00,LINE-02,94,3
9743,2025-04-17 17:30:00,LINE-03,107,4
9744,2025-04-17 17:45:00,LINE-04,106,2
9745,2025-04-17 18:00:00,LINE-01,87,2
9746,2025-04-17 18:15:00,LINE-02,87,2
9747,2025-04-17 18:30:00,LINE-03,91,2
9748,2025-04-17 18:45:00,LINE-04,101,1
9749,2025-04-17 19:00:00,LINE-01,129,3
9750,2025-04-17 19:15:00,LINE-02,140,2
9751,2025-04-17 19:30:00,LINE-03,133,5
9752,2025-04-17 19:45:00,LINE-04,140,4
9753,2025-04-17 20:00:00,LINE-01,98,2
9754,2025-04-17 20:15:00,LINE-02,106,2
9755,2025-04-17 20:30:00,LINE-03,104,2
9756,2025-04-17 20:45:00,LINE-04,90,1
9757,2025-04-17 21:00:00,LINE-01,84,1
9758,2025-04-17 21:15:00,LINE-02,105,3
9759,2025-04-17 21:30:00,LINE-03,109,4
9760,2025-04-17 21:45:00,LINE-04,94,1
9761,2025-04-17 22:00:00,LINE-01,84,1
9762,2025-04-17 22:15:00,LINE-02,139,2
9763,2025-04-17 22:30:00,LINE-03,122,4
9764,2025-04-17 22:45:00,LINE-04,130,2
9765,2025-04-17 23:00:00,LINE-01,82,2
9766,2025-04-17 23:15:00,LINE-02,125,3
9767,2025-04-17 23:30:00,LINE-03,134,3
9768,2025-04-17 23:45:00,LINE-04,93,1
9769,2025-04-18 00:00:00,LINE-01,93,2
9770,2025-04-18 00:15:00,LINE-02,124,2
9771,2025-04-18 00:30:00,LINE-03,133,3
9772,2025-04-18 00:45:00,LINE-04,88,1
9773,2025-04-18 01:00:00,LINE-01,106,1
9774,2025-04-18 01:15:00,LINE-02,137,2
9775,2025-04-18 01:30:00,LINE-03,95,3
9776,2025-04-18 01:45:00,LINE-04,102,2
9777,2025-04-18 02:00:00,LINE-01,89,1
9778,2025-04-18 02:15:00,LINE-02,84,2
9779,2025-04-18 02:30:00,LINE-03,88,3
9780,2025-04-18 02:45:00,LINE-04,139,3
9781,2025-04-18 03:00:00,LINE-01,100,1
9782,2025-04-18 03:15:00,LINE-02,85,2
9783,2025-04-18 03:30:00,LINE-03,85,3
9784,2025-04-18 03:45:00,LINE-04,103,2
9785,2025-04-18 04:00:00,LINE-01,97,2
9786,2025-04-18 04:15:00,LINE-02,116,3
9787,2025-04-18 04:30:00,LINE-03,126,3
9788,2025-04-18 04:45:00,LINE-04,102,1
9789,2025-04-18 05:00:00,LINE-01,140,2
9790,2025-04-18 05:15:00,LINE-02,127,2
9791,2025-04-18 05:30:00,LINE-03,100,3
9792,2025-04-18 05:45:00,LINE-04,130,4
9793,2025-04-18 06:00:00,LINE-01,130,3
9794,2025-04-18 06:15:00,LINE-02,94,2
9795,2025-04-18 06:30:00,LINE-03,90,3
9796,2025-04-18 06:45:00,LINE-04,90,1
9797,2025-04-18 07:00:00,LINE-01,105,1
9798,2025-04-18 07:15:00,LINE-02,132,2
9799,2025-04-18 07:30:00,LINE-03,93,3
9800,2025-04-18 07:45:00,LINE-04,123,3
9801,2025-04-18 08:00:00,LINE-01,119,3
9802,2025-04-18 08:15:00,LINE-02,138,3
9803,2025-04-18 08:30:00,LINE-03,126,5
9804,2025-04-18 08:45:00,LINE-04,126,3
9805,2025-04-18 09:00:00,LINE-01,87,2
9806,2025-04-18 09:15:00,LINE-02,138,4
9807,2025-04-18 09:30:00,LINE-03,131,4
9808,2025-04-18 09:45:00,LINE-04,111,3
9809,2025-04-18 10:00:00,LINE-01,87,2
9810,2025-04-18 10:15:00,LINE-02,92,3
9811,2025-04-18 10:30:00,LINE-03,101,4
9812,2025-04-18 10:45:00,LINE-04,113,1
9813,2025-04-18 11:00:00,LINE-01,106,2
9814,2025-04-18 11:15:00,LINE-02,128,3
9815,2025-04-18 11:30:00,LINE-03,103,3
9816,2025-04-18 11:45:00,LINE-04,132,4
9817,2025-04-18 12:00:00,LINE-01,135,2
9818,2025-04-18 12:15:00,LINE-02,136,3
9819,2025-04-18 12:30:00,LINE-03,117,4
9820,2025-04-18 12:45:00,LINE-04,118,2
9821,2025-04-18 13:00:00,LINE-01,129,2
9822,2025-04-18 13:15:00,LINE-02,92,3
9823,2025-04-18 13:30:00,LINE-03,136,5
9824,2025-04-18 13:45:00,LINE-04,90,2
9825,2025-04-18 14:00:00,LINE-01,97,2
9826,2025-04-18 14:15:00,LINE-02,98,2
9827,2025-04-18 14:30:00,LINE-03,127,4
9828,2025-04-18 14:45:00,LINE-04,127,3
9829,2025-04-18 15:00:00,LINE-01,96,1
9830,2025-04-18 15:15:00,LINE-02,84,1
9831,2025-04-18 15:30:00,LINE-03,134,4
9832,2025-04-18 15:45:00,LINE-04,102,2
9833,2025-04-18 16:00:00,LINE-01,82,1
9834,2025-04-18 16:15:00,LINE-02,85,2
9835,2025-04-18 16:30:00,LINE-03,87,2
9836,2025-04-18 16:45:00,LINE-04,108,3
9837,2025-04-18 17:00:00,LINE-01,90,2
9838,2025-04-18 17:15:00,LINE-02,132,3
9839,2025-04-18 17:30:00,LINE-03,118,2
9840,2025-04-18 17:45:00,LINE-04,85,2
9841,2025-04-18 18:00:00,LINE-01,88,2
9842,2025-04-18 18:15:00,LINE-02,119,2
9843,2025-04-18 18:30:00,LINE-03,132,3
9844,2025-04-18 18:45:00,LINE-04,115,2
9845,2025-04-18 19:00:00,LINE-01,128,2
9846,2025-04-18 19:15:00,LINE-02,134,3
9847,2025-04-18 19:30:00,LINE-03,125,3
9848,2025-04-18 19:45:00,LINE-04,110,2
9849,2025-04-18 20:00:00,LINE-01,105,2
9850,2025-04-18 20:15:00,LINE-02,135,2
9851,2025-04-18 20:30:00,LINE-03,129,3
9852,2025-04-18 20:45:00,LINE-04,91,3
9853,2025-04-18 21:00:00,LINE-01,91,1
9854,2025-04-18 21:15:00,LINE-02,100,1
9855,2025-04-18 21:30:00,LINE-03,137,5
9856,2025-04-18 21:45:00,LINE-04,86,2
9857,2025-04-18 22:00:00,LINE-01,124,2
9858,2025-04-18 22:15:00,LINE-02,111,2
9859,2025-04-18 22:30:00,LINE-03,137,5
9860,2025-04-18 22:45:00,LINE-04,100,3
9861,2025-04-18 23:00:00,LINE-01,136,2
9862,2025-04-18 23:15:00,LINE-02,96,2
9863,2025-04-18 23:30:00,LINE-03,103,3
9864,2025-04-18 23:45:00,LINE-04,91,2
9865,2025-04-19 00:00:00,LINE-01,133,2
9866,2025-04-19 00:15:00,LINE-02,136,3
9867,2025-04-19 00:30:00,LINE-03,126,4
9868,2025-04-19 00:45:00,LINE-04,80,1
9869,2025-04-19 01:00:00,LINE-01,104,3
9870,2025-04-19 01:15:00,LINE-02,100,2
9871,2025-04-19 01:30:00,LINE-03,112,4
9872,2025-04-19 01:45:00,LINE-04,98,2
9873,2025-04-19 02:00:00,LINE-01,129,2
9874,2025-04-19 02:15:00,LINE-02,94,2
9875,2025-04-19 02:30:00,LINE-03,133,5
9876,2025-04-19 02:45:00,LINE-04,111,2
9877,2025-04-19 03:00:00,LINE-01,128,3
9878,2025-04-19 03:15:00,LINE-02,99,3
9879,2025-04-19 03:30:00,LINE-03,84,2
9880,2025-04-19 03:45:00,LINE-04,138,4
9881,2025-04-19 04:00:00,LINE-01,133,2
9882,2025-04-19 04:15:00,LINE-02,116,2
9883,2025-04-19 04:30:00,LINE-03,126,4
9884,2025-04-19 04:45:00,LINE-04,83,2
9885,2025-04-19 05:00:00,LINE-01,129,3
9886,2025-04-19 05:15:00,LINE-02,121,3
9887,2025-04-19 05:30:00,LINE-03,93,3
9888,2025-04-19 05:45:00,LINE-04,115,2
9889,2025-04-19 06:00:00,LINE-01,107,3
9890,2025-04-19 06:15:00,LINE-02,131,3
9891,2025-04-19 06:30:00,LINE-03,131,3
9892,2025-04-19 06:45:00,LINE-04,101,1
9893,2025-04-19 07:00:00,LINE-01,96,2
9894,2025-04-19 07:15:00,LINE-02,91,3
9895,2025-04-19 07:30:00,LINE-03,119,3
9896,2025-04-19 07:45:00,LINE-04,89,2
9897,2025-04-19 08:00:00,LINE-01,123,2
9898,2025-04-19 08:15:00,LINE-02,99,3
9899,2025-04-19 08:30:00,LINE-03,127,4
9900,2025-04-19 08:45:00,LINE-04,123,2
9901,2025-04-19 09:00:00,LINE-01,115,3
9902,2025-04-19 09:15:00,LINE-02,138,4
9903,2025-04-19 09:30:00,LINE-03,97,4
9904,2025-04-19 09:45:00,LINE-04,85,3
9905,2025-04-19 10:00:00,LINE-01,93,2
9906,2025-04-19 10:15:00,LINE-02,101,1
9907,2025-04-19 10:30:00,LINE-03,132,4
9908,2025-04-19 10:45:00,LINE-04,97,2
9909,2025-04-19 11:00:00,LINE-01,86,1
9910,2025-04-19 11:15:00,LINE-02,124,3
9911,2025-04-19 11:30:00,LINE-03,124,3
9912,2025-04-19 11:45:00,LINE-04,132,2
9913,2025-04-19 12:00:00,LINE-01,84,1
9914,2025-04-19 12:15:00,LINE-02,111,1
9915,2025-04-19 12:30:00,LINE-03,132,4
9916,2025-04-19 12:45:00,LINE-04,100,1
9917,2025-04-19 13:00:00,LINE-01,115,2
9918,2025-04-19 13:15:00,LINE-02,137,2
9919,2025-04-19 13:30:00,LINE-03,96,2
9920,2025-04-19 13:45:00,LINE-04,116,2
9921,2025-04-19 14:00:00,LINE-01,126,3
9922,2025-04-19 14:15:00,LINE-02,104,3
9923,2025-04-19 14:30:00,LINE-03,118,2
9924,2025-04-19 14:45:00,LINE-04,95,2
9925,2025-04-19 15:00:00,LINE-01,93,2
9926,2025-04-19 15:15:00,LINE-02,109,2
9927,2025-04-19 15:30:00,LINE-03,115,3
9928,2025-04-19 15:45:00,LINE-04,107,2
9929,2025-04-19 16:00:00,LINE-01,139,3
9930,2025-04-19 16:15:00,LINE-02,105,3
9931,2025-04-19 16:30:00,LINE-03,88,3
9932,2025-04-19 16:45:00,LINE-04,116,3
9933,2025-04-19 17:00:00,LINE-01,133,4
9934,2025-04-19 17:15:00,LINE-02,131,3
9935,2025-04-19 17:30:00,LINE-03,107,3
9936,2025-04-19 17:45:00,LINE-04,113,2
9937,2025-04-19 18:00:00,LINE-01,121,3
9938,2025-04-19 18:15:00,LINE-02,112,3
9939,2025-04-19 18:30:00,LINE-03,107,4
9940,2025-04-19 18:45:00,LINE-04,82,2
9941,2025-04-19 19:00:00,LINE-01,108,2
9942,2025-04-19 19:15:00,LINE-02,111,3
9943,2025-04-19 19:30:00,LINE-03,88,2
9944,2025-04-19 19:45:00,LINE-04,90,2
9945,2025-04-19 20:00:00,LINE-01,140,2
9946,2025-04-19 20:15:00,LINE-02,82,1
9947,2025-04-19 20:30:00,LINE-03,120,3
9948,2025-04-19 20:45:00,LINE-04,132,3
9949,2025-04-19 21:00:00,LINE-01,137,3
9950,2025-04-19 21:15:00,LINE-02,131,2
9951,2025-04-19 21:30:00,LINE-03,100,2
9952,2025-04-19 21:45:00,LINE-04,128,2
9953,2025-04-19 22:00:00,LINE-01,122,2
9954,2025-04-19 22:15:00,LINE-02,135,4
9955,2025-04-19 22:30:00,LINE-03,95,2
9956,2025-04-19 22:45:00,LINE-04,95,1
9957,2025-04-19 23:00:00,LINE-01,126,3
9958,2025-04-19 23:15:00,LINE-02,100,3
9959,2025-04-19 23:30:00,LINE-03,90,3
9960,2025-04-19 23:45:00,LINE-04,104,2
9961,2025-04-20 00:00:00,LINE-01,99,2
9962,2025-04-20 00:15:00,LINE-02,123,3
9963,2025-04-20 00:30:00,LINE-03,96,2
9964,2025-04-20 00:45:00,LINE-04,105,3
9965,2025-04-20 01:00:00,LINE-01,99,2
9966,2025-04-20 01:15:00,LINE-02,108,3
9967,2025-04-20 01:30:00,LINE-03,113,3
9968,2025-04-20 01:45:00,LINE-04,94,3
9969,2025-04-20 02:00:00,LINE-01,93,3
9970,2025-04-20 02:15:00,LINE-02,82,2
9971,2025-04-20 02:30:00,LINE-03,102,3
9972,2025-04-20 02:45:00,LINE-04,127,4
9973,2025-04-20 03:00:00,LINE-01,87,3
9974,2025-04-20 03:15:00,LINE-02,94,2
9975,2025-04-20 03:30:00,LINE-03,139,3
9976,2025-04-20 03:45:00,LINE-04,98,2
9977,2025-04-20 04:00:00,LINE-01,103,2
9978,2025-04-20 04:15:00,LINE-02,134,3
9979,2025-04-20 04:30:00,LINE-03,88,3
9980,2025-04-20 04:45:00,LINE-04,129,3
9981,2025-04-20 05:00:00,LINE-01,80,2
9982,2025-04-20 05:15:00,LINE-02,95,2
9983,2025-04-20 05:30:00,LINE-03,114,3
9984,2025-04-20 05:45:00,LINE-04,89,1
9985,2025-04-20 06:00:00,LINE-01,137,2
9986,2025-04-20 06:15:00,LINE-02,90,2
9987,2025-04-20 06:30:00,LINE-03,135,5
9988,2025-04-20 06:45:00,LINE-04,92,2
9989,2025-04-20 07:00:00,LINE-01,136,2
9990,2025-04-20 07:15:00,LINE-02,92,1
9991,2025-04-20 07:30:00,LINE-03,82,2
9992,2025-04-20 07:45:00,LINE-04,108,1
9993,2025-04-20 08:00:00,LINE-01,130,2
9994,2025-04-20 08:15:00,LINE-02,129,2
9995,2025-04-20 08:30:00,LINE-03,121,3
9996,2025-04-20 08:45:00,LINE-04,110,3
9997,2025-04-20 09:00:00,LINE-01,95,1
9998,2025-04-20 09:15:00,LINE-02,94,3
9999,2025-04-20 09:30:00,LINE-03,110,4
10000,2025-04-20 09:45:00,LINE-04,97,1

